course_type,chapter_num,page_num,chapter_title,page_content_text,drive_file_id
manager,1,1,제1장 출근 인사와 아침 조회 (TBM),"""[제1장] 출근 인사와 아침 조회(TBM) 오프닝 - 여러분 반갑습니다! 오늘 저와 함께 공부할 교재는 바로 글로벌한국직무언어소통관리사 표준 교재랍니다. 이번 시간에 다룰 내용은 제1장 출근 인사와 아침 조회 (TBM)예요. 한국 직장생활의 시작이라고 할 수 있는 올바른 인사 예절, 아침 안전조회, 그리고 일일 건강상태 보고 실무에 대해 아주 자세히 배워볼 거랍니다. 이번 교육은 총 2시간 동안 이론과 실습으로 진행되는데요, 우리 외국인 근로자 및 직무연수생 여러분이 현장에서 꼭 갖추어야 할 '현장 의사소통'과 '안전제일' 역량을 중점적으로 키우는 시간이 될 거예요. 자, 그럼 본격적으로 시작해 볼까요?"",출근 인사와 아침 조회(TBM) 오프닝""",1on7JrpM4wdKwYqMMNvIs-djFSNZdhN8A
manager,1,2,제1장 학습 목표 및 핵심 직무 가치,"""이번 페이지는 제1장 학습 목표 및 핵심 직무 가치를 다루는 단원 개요 파트랍니다. 이번 장에서 우리가 꼭 달성해야 할 목표는 크게 '지식 목표'와 '수행 목표'로 나뉘어요. 먼저 첫 번째, 지식 목표입니다. 첫째, 한국 기업 특유의 '10분 전 출근 원칙'과 타임카드 관리의 중요성을 이해하셔야 해요. 둘째, 반장님, 조장님 등 상황에 맞는 올바른 관리자 호칭법을 확실히 습득해 볼 거랍니다. 셋째, 출석점검에서 건강문진, 위험공지, 구호제창으로 이어지는 'TBM 표준 4단계' 안전조회 절차를 파악하게 될 거예요. 다음으로 두 번째, 수행 목표를 살펴볼게요. 첫째, 상대방의 눈을 맞추고 밝고 명확한 목소리로 ""안녕하십니까!"" 하고 바른 태도로 인사하는 걸 직접 해볼 거고요. 둘째, 발열이나 두통 같은 컨디션 이상 유무를 주저 없이 한국어로 솔직하게 보고하는 연습을 할 거랍니다. 셋째, 안전모 턱끈을 손가락으로 가리키는 지적확인과 무재해 안전 구호를 큰 소리로 함께 복창하는 수행을 하게 돼요. 화면에 보이는 체크 표시들처럼 우리 이 목표들을 하나도 빠짐없이 모두 달성해 봅시다!""",1on7JrpM4wdKwYqMMNvIs-djFSNZdhN8A
manager,1,3,한국 기업의 10분 전 도착 원칙과 근태,"""10분 전 도착 원칙과 근태 - 작업 시작 10분 전 출근 및 타임카드 태그 실습, 작업복·안전화 착용 완료를 통한 공장 작업 지연 방지 및 성실성 평가 기준 학습. 자, 여러분! 오늘은 한국 회사에서 일할 때 정말 중요한 '10분 전 도착 원칙과 근태'에 대해 같이 알아볼게요.   먼저, 왜 꼭 10분 전에 와야 하는지 그 이유부터 살펴볼까요? 한국의 제조나 건설 현장은 아침 8시 정각(08:00)이 되면 기계들이 일제히 움직이기 시작해요. 만약 여러분이 8시에 딱 맞춰서 회사에 도착해 버리면, 옷을 갈아입고 안전 준비를 할 시간이 너무 부족해서 공장 전체 작업이 지연될 수 있거든요.   교재에 있는 [그림. 0101]을 한번 볼까요? 그림 속을 보면, 작업복이랑 안전모를 멋지게 착용한 외국인 근로자가 밝은 미소를 지으며 출퇴근 단말기에 타임카드를 딱 찍고 있죠? 시계를 보면 정확히 아침 7시 50분을 가리키고 있고, 화면에는 '출근 확인(Attendance Confirmed)'이라는 초록색 문구가 떠 있는 걸 볼 수 있어요.   그래서 작업 시작하기 10분 전인 오전 7시 50분까지는 단정한 작업복과 안전화를 다 갖춰 입고 출퇴근 단말기에 카드를 찍는 것이 여러분의 성실성을 평가하는 아주 기본적인 기준이 된답니다.   마지막으로, 이렇게 10분 일찍 도착하면 좋은 점이 아주 많아요. 조원들과 따뜻하게 아침 인사도 나눌 수 있고, 오늘 내가 쓸 장비도 미리미리 여유 있게 점검할 수 있어서 안전사고를 미리 예방할 수 있거든요.   자, 그럼 다음 내용을 이어서 살펴볼까요?"",10분 전 도착 원칙과 근태""",1on7JrpM4wdKwYqMMNvIs-djFSNZdhN8A
manager,1,4,출근 인사 각도와 시선 처리,"""이번에는 올바른 출근 인사 각도와 시선 처리에 대해 알아볼 거예요. 화면 아래쪽의 사진 자료를 보시면, 세련된 빌딩 배경 속에서 셔츠와 정장 차림의 남녀 직장인이 서로 상체를 숙여 정중하게 인사를 나누고 있는 모습이 보이죠? 한국 현장에서 출근 인사는 단순한 규칙이 아니라, 하루의 안전과 동료 간의 신뢰를 싹트게 하는 아주 중요한 첫 단추랍니다. 상대방의 눈을 따뜻하게 마주보고, 상체를 15도에서 30도 정도 정중하게 숙이면서 또박또박 밝은 목소리로 ""안녕하십니까!"" 하고 외쳐야 해요. 여기서 아주 중요한 주의 사항(감점 요인)이 있어요! 주머니에 손을 찌르고 있거나, 눈을 마주치지 않고 고개만 까딱이는 인사는 상대방에게 아주 무례한 행동으로 평가되니까 절대 이렇게 하시면 안 된답니다!""",1on7JrpM4wdKwYqMMNvIs-djFSNZdhN8A
manager,1,5,사내 직급 호칭 체계: 누구를 어떻게 부를까?,"""이번 페이지는 현장에서 부르는 호칭에 대한 내용이에요. 제목은 현장 직급 호칭 체계: 누구를 어떻게 부를까?랍니다. 우리가 현장에서 사람을 부를 때 아주 헷갈리기 쉬운 세 가지 부류로 나누어서 살펴볼게요! 첫째, 공장 및 작업장 관리자분들이에요. 현장 실무를 총괄하시는 분들이기 때문에 반드시 성이나 직책을 붙여서 아주 존중하는 호칭을 써야 한답니다. 화면에 보시는 것처럼 ""반장님!"", ""조장님!"", ""기장님!"" 하고 불러야 해요. 절대 '야', '너', '이봐요'라거나 이름만 덜렁 부르는 행동은 절대 금물이랍니다! 둘째, 사무실 및 엔지니어 직원분들이에요. 설계실, 안전관리실, 공정관리 등 사무실에서 일하시는 직원분들에게는 회사의 공식 직급을 사용해 주셔야 해요. ""팀장님!"", ""과장님!"", ""대리님!"" 하고 불러드리면 되고요, 혹시 상대방의 정확한 직급을 잘 모르겠다면 관리자분께 미리 살짝 여쭤보고 부르는 센스를 발휘해 주세요! 셋째, 나이 많은 선배 근로자 동료분들이에요. 경력이 많고 연장자이신 동료분께는 당연히 예우를 갖추어서 ""선배님!"" 또는 정중하게 ""형님!""이라고 불러드린답니다. 비록 평소 사석에서는 친근하게 지내더라도 공식적인 TBM 시간이나 현장 업무 중에는 반드시 이 직책 호칭을 꼭 지켜주셔야 해요""",1on7JrpM4wdKwYqMMNvIs-djFSNZdhN8A
manager,1,6,아침 현장에서 사용하는 필수 표준 표현,"""이번 페이지는 현장에서 매일 쓰는 핵심 어휘와 표준 표현 표예요. 제목은 매일 아침 현장에서 사용하는 필수 표준 표현이랍니다. 표를 보면서 하나씩 소리 내어 연습해 볼까요? 첫 번째 표현은 기본 인사예요. 아침에 작업장 정문이나 라인에서 만났을 때 ""안녕하십니까! 좋은 아침입니다!"" 하고 정중하게 건네는 거죠. 발화 실습 예시처럼 ""반장님, 안녕하십니까! 좋은 아침입니다!""라고 밝게 말해 보세요. 두 번째는 건강 상태 보고예요. ""몸 상태 좋습니다! (이상 없습니다!)""라고 외치며 오늘 신체 컨디션이 아주 양호해서 안전하게 작업할 준비가 되었다고 보고하는 거랍니다. ""어제 푹 자서 오늘 컨디션 아주 좋습니다! 이상 없습니다!"" 이렇게 말이에요. 세 번째는 몸이 아프거나 이상할 때 쓰는 표현이에요. ""어지럽습니다 / 열이 납니다 (허리가 아픕니다)""라고 신체 이상 징후가 있을 때 안전사고를 막기 위해 관리자에게 솔직하게 알리는 표현이죠. ""반장님, 아침부터 열이 나고 머리가 어지럽습니다."" 하고 꼭 숨기지 말고 말씀하셔야 해요. 네 번째는 보호구 점검 때 쓰는 ""안전모 턱끈 조였습니다! (보호구 점검 완료)""라는 복명복창 필수 구호랍니다. ""턱끈 확실하게 조였습니다! 안전 이상 없습니다!""라고 당당하게 외쳐주세요. 마지막 다섯 번째는 조회를 마치며 외치는 ""무재해 화이팅! (안전제일 좋아!)"" 구호예요. 조원 전체가 한마음으로 ""오늘도 다치지 말고 안전하게 일합시다! 무재해 화이팅!"" 하고 외치며 하루를 시작한답니다. 아주 중요하니 꼭 입에 익혀두세요!""",1on7JrpM4wdKwYqMMNvIs-djFSNZdhN8A
manager,1,7,현장 TBM(Tool Box Meeting) 4단계 표준 진행,"""이번에는 현장 TBM(Tool Box Meeting) 4단계 표준 진행 순서에 대해 배워보겠습니다. 화면 위쪽에 있는 [그림. 0103] 사진을 다 같이 아주 주의 깊게 봐주세요! 실내 교육장에서 연륜 있으신 한국인 반장님이 클립보드 문서를 들고 정중앙에서 근로자들을 향해 설명을 하고 계시고요, 주변에는 안전모와 작업복을 갖춰 입은 여러 국적의 외국인 근로자들이 아주 진지한 표정으로 귀를 기울이고 있어요. 사진 속 배경에는 'Welcome to Our Company'라는 문구와 함께 현장 모습이 보이고, 중앙에는 1단계부터 4단계까지 순환하는 거대한 원형 화살표 다이어그램이 아주 선명하게 그려져 있답니다. 근로자들이 자신의 머리와 턱끈을 가리키는 실습 제스처를 취하는 모습도 아주 인상적이에요. 자, 그럼 TBM 4단계의 구체적인 내용을 하나씩 짚어볼까요?   [1단계] 인원 및 복장 확인: 반장님이 출석을 부르며 호명해 확인하고, 안전모 턱끈이 잘 결속되었는지, 안전화는 제대로 착용했는지 눈으로 직접 꼼꼼히 점검하는 단계예요.   [2단계] 일일 건강 문진: 전날 과음을 했거나 숙취는 없는지, 열이 나거나 머리가 아프거나 관절 통증이 있는 환자는 없는지 서로 솔직하게 묻고 답하는 시간이랍니다.   [3단계] 작업 지시 및 위험 공지: 오늘 내가 어떤 구역에서 일하는지, 예를 들어 '2층 철골 조립' 작업을 한다면 그 구역에 어떤 주요 위험 요소(추락, 낙하, 협착 등)가 있는지 미리 공지받는 단계예요.   [4단계] 안전 구호 제창: 오른손 주먹을 불끈 쥐고 """"무재해 화이팅!""""을 우렁차게 외치며 안전 결의를 단단히 다지는 마지막 단계랍니다!"",현장 TBM(Tool Box Meeting) 4단계 표준 진행 순서""",1on7JrpM4wdKwYqMMNvIs-djFSNZdhN8A
manager,1,8,아픈 것을 숨기면 왜 더 위험할까요?,"""자, 이번 페이지는 안전보건 영역에서 정말 중요하게 다루는 내용이에요. 바로 '아픈 것을 숨기면 왜 더 위험할까요?'라는 주제랍니다. 먼저, 아픈 것을 숨길 때 생기는 위험을 살펴볼까요? 첫째, 심각한 중대재해 발생으로 이어져요. 어지럼증이나 고열 상태에서 사다리나 비계, 프레스 기계 작업을 하면 곧바로 추락이나 손 끼임 같은 끔찍한 사고로 직결된답니다. 둘째, 나 혼자 다치는 것에 그치지 않고 동료와 회사 전체에 엄청난 피해를 주게 돼요. 현장 인명사고는 본인의 생명을 앗아갈 뿐만 아니라 공장 전면 가동 중단과 무서운 법적 처벌로 이어진답니다. 셋째, '아프면 쫓겨난다'고 생각하는 분들이 가끔 계신데요, 이것은 완벽한 오해예요! 아픈 걸 숨기고 일하다가 쓰러지면 오히려 회사에서는 더 엄격한 책임을 묻는답니다. 그렇다면 반대로, TBM 때 솔직히 보고할 때의 혜택은 어떤 것들이 있을까요? 첫째, 고위험 작업 대신 현장 자재 정리나 경미한 청소, 보조 업무 같은 가벼운 작업으로 즉시 전환해서 배려 조치를 받을 수 있어요. 둘째, 사내 보건실이나 병원과 연계해서 의무실에서 해열제를 지급받거나 안전관리자의 인솔 하에 안전하게 치료를 받을 수 있답니다. 셋째, 이렇게 정직하게 자기 상태를 소통하는 근로자는 현장에서 가장 신뢰받는 최고의 우수 인재로 인정받게 돼요! 절대 아픈 걸 숨기지 말고 솔직하게 말씀해 주세요!""  ",1on7JrpM4wdKwYqMMNvIs-djFSNZdhN8A
manager,1,9,안전모 턱끈 착용법과 지적확인 실무,"""이번에는 지적확인 착용법과 지적확인 실무에 대해 배워볼게요. 제목 옆에 아주 큼지막하게 [지적확인]이라고 적혀 있죠? 화면에 있는 [그림. 0104] 사진을 아주 자세히 봐주세요! 보안경과 안전모를 멋지게 착용한 외국인 근로자 분이 정면을 바라보며, 자신의 오른손 검지손가락으로 안전모 턱끈 부위를 콕 가리키고 있어요. 말풍선에는 """"턱끈 확인, 좋아!""""라는 대사가 적혀 있죠? 그리고 우측 원형 확대 사진을 보면 턱끈 버클이 귀 아래로 단단하게 결속된 모습이 아주 정확하게 클로즈업되어 있답니다. 안전모는 추락하거나 낙하물이 떨어졌을 때 여러분의 소중한 머리를 지켜주는 단 하나의 생명모예요! 그런데 턱끈을 헐렁하게 매면 충격이 올 때 안전모가 순식간에 벗겨져 버려서 아무 소용이 없답니다. 그러니까 반드시 검지손가락으로 턱끈을 직접 가리키면서, 손가락 하나가 쏙 들어갈 정도로 단단히 조여졌는지 눈으로 직접 확인하고 큰 소리로 외치셔야 해요! 자, 다 함께 표준 복명복창 답변을 따라 해 볼까요?! """"반장님! 안전모 턱끈 확실하게 조였습니다! 이상 없습니다!"""" (아주 좋습니다!)"",지적확인 착용법과 지적확인 실무""",1on7JrpM4wdKwYqMMNvIs-djFSNZdhN8A
manager,1,10,2인조 현장 실전 롤플레잉 모범 회화,"""이제 지금까지 배운 내용을 총동원해서 실제로 어떻게 말하고 행동해야 하는지 연습해 보는 시간이에요! 회화 실습 파트, 2인 1조 현장 실전 롤플레잉 모범 회화를 다 같이 살펴봅시다. 화면에 우리 외국인 근로자 '틴' 친구와 한국인 '작업반장'님의 대화가 아주 친절하게 나와 있어요. [외국인 근로자 (틴)]: (작업장 입구에 들어서며 허리를 15도 숙이고 밝은 목소리로 눈을 마주치며) ""반장님, 안녕하십니까! 좋은 아침입니다!"" [작업반장 (한국인)]: ""어, 틴 씨 일찍 왔네! 좋은 아침! 오늘 컨디션은 좀 어때? 어디 아픈 데는 없고?"" [외국인 근로자 (틴)]: ""네! 어제 기숙사에서 일찍 푹 자서 오늘 몸 상태 아주 좋습니다! 이상 없습니다!"" [작업반장 (한국인)]: ""그래, 좋아! 오늘 2공장 2층 철골 고소작업 있으니까 안전모 턱끈 단단히 매고, 안전대 걸이 잊지 말고 챙겨."" [외국인 근로자 (틴)]: (검지손가락으로 턱끈을 가리키며 당당하게 지적확인 동작을 하며) ""네, 반장님! 안전모 턱끈 확실하게 조였습니다! 오늘 작업도 다치지 않고 무재해 화이팅입니다!"" 이렇게 눈을 맞추고, 허리를 숙이고, 턱끈을 가리키며 복명복창하는 것! 여러분도 현장에서 이렇게 하실 수 있겠죠?""",1on7JrpM4wdKwYqMMNvIs-djFSNZdhN8A
manager,1,11,제1장 단원 마무리 확인 퀴즈 & 평가 기준,"""드디어 마지막 페이지인 단원 정리 시간이에요. 제목은 제1장 단원 마무리 확인 퀴즈 & 평가 기준이랍니다. 화면에 물음표(❓) 아이콘들이 반짝이고 있죠? 오늘 배운 내용을퀴즈로 아주 깔끔하게 복습해 봅시다! Q1. 한국 현장의 가장 올바른 출근 시간은 언제일까요? 👉 정답: 작업 시작 10분 전인 07:50까지 작업복과 보호구 착용을 완벽하게 마치고 정렬하는 것이랍니다! Q2. 아침에 열이 나고 머리가 심하게 어지러울 때는 어떻게 해야 할까요? 👉 정답: 숨기지 말고 TBM 시간에 ""반장님, 아침부터 열이 나고 어지럽습니다""라고 당당하게 솔직하게 구두 보고를 하셔야 해요! Q3. 관리자가 ""턱끈 단단히 매고 일해!""라고 지시했을 때의 올바른 반응은 무엇일까요? 👉 정답: ""네, 안전모 턱끈 확실하게 조였습니다! 무재해 화이팅!"" 하고 구체적으로 복명복창을 해주셔야 한답니다! 마지막으로 우리 실기 평가 기준을 안내해 드릴게요! 총점 100점 만점에 80점 이상을 받으셔야 합격이랍니다! 평가 항목은 출근 인사 수행(20점) + 건강상태 보고(30점) + TBM 복명복창(30점) + 출근시간·복장 태도(20점)으로 이루어져 있어요. 오늘 저와 함께 열심히 공부하셨으니 만점 받는 건 문제없겠죠? 여러분, 제1장 수고 많으셨습니다! 모두 무재해 화이팅입니다!""",1on7JrpM4wdKwYqMMNvIs-djFSNZdhN8A
manager,2,1,제2장 작업 준비와 공구 챙기기,"""여러분 반갑습니다! 이번 시간에는 우리와 함께 제2장 작업 준비와 공구 챙기기 과정을 배워볼 거예요. 작업 위치를 어떻게 확인하는지, 도면과 지정 공구는 어떻게 수령하는지, 그리고 5S 환경 정돈과 당당한 착수 보고 실무까지 아주 꼼꼼하게 다뤄볼 거랍니다. 교육 시간을 보니 총 2시간 동안 이론과 실습으로 진행되네요. 이번 장의 대상은 우리 외국인 근로자 및 직무연수생 여러분이고요, 가장 중요한 중점 역량은 바로 사전 준비를 뜻하는 '단도리'와 '5S 실천'이랍니다. 자, 그럼 시작해 볼까요?""",1WSc7EC8LqnAYyHSHi2dcGkFtqwwOePXs
manager,2,2,제2장 학습 목표 및 핵심 직무 가치,"""이번 페이지는 제2장 학습 목표 및 핵심 직무 가치를 다루는 단원 개요 파트랍니다. 이번 장에서 꼭 알아야 할 '지식 목표'와 '수행 목표'를 살펴볼게요. 먼저, 지식 목표(Knowledge)입니다. 첫째, 공장 내 라인 번호인 '1공장, 3번 조립 라인' 같은 호칭과 위치 식별법을 이해하셔야 해요. 둘째, 수공구인 스패너나 렌치, 그리고 전동공구 규격인 '10mm' 등의 중요성을 파악합니다. 셋째, 작업 착수 전 2분 동안 하는 청소와 이동 통로 확보가 왜 생명을 지키는 원리인지 그 안전상 가치를 숙지하셔야 해요. 다음으로, 수행 목표(Performance)를 볼까요? 첫째, 반장님께 ""오늘 몇 번 라인에서 일합니까?""라고 정확한 발음으로 질문하는 걸 연습할 거고요. 둘째, 필요한 도면과 지정 규격 공구를 공손한 한국어 표현으로 수령하는 연습을 합니다. 셋째, 5S 정돈을 마친 후에 ""작업 준비 다 끝났습니다!"" 하고 자신감 있게 보고하는 것을 수행하게 될 거예요. 화면에 체크 표시들처럼 이 목표들을 향해 함께 달려봅시다!""",1WSc7EC8LqnAYyHSHi2dcGkFtqwwOePXs
manager,2,3,작업장소 확인과 라인 배치도 소통,"""자, 이번 페이지는 작업장소 확인과 라인 배치도 소통에 대한 내용이에요. 화면 상단에 있는 [그림. 0201] 사진을 다 같이 아주 주의 깊게 봐주세요! 깨끗한 현장 사무실이나 통로 벽면에 커다란 공정 라인 배치도가 붙어 있고요, 안전모를 쓴 외국인 근로자 '바트'가 반장님을 향해 ""반장님, 오늘 제가 몇 번 라인에서 일합니까?""라고 정중하게 묻고 있어요. 그러자 한국인 반장님이 배치도 속 '3번 조립 라인'을 손으로 콕 집어 가리키면서 ""오늘은 3번 조립 라인입니다. 안전하게 작업하세요.""라고 다정하게 안내해 주는 모습이 아주 생생하게 담겨 있답니다. 우측 하단에는 'TBM 종료 후 작업 위치 확인'이라는 안내판도 보이네요. 여기서 정말 중요한 규칙이 있어요! 어제 일했던 자리라고 해서 절대 혼자 짐작하고 추측해서 먼저 가면 안 된답니다. 매일 납품 일정과 생산 계획에 따라 작업 배치가 바뀌기 때문이에요. 그러니까 TBM이 끝난 후에는 반드시 ""반장님, 오늘 제가 몇 번 라인(어디)에서 일합니까?""라고 물어보고 정확한 안내를 받으셔야 합니다. 이렇게 배치도를 확인하고 지정된 라인으로 이동해야 다른 작업자와 충돌하는 위험을 막고 생산성도 확실하게 확보할 수 있어요!""",1WSc7EC8LqnAYyHSHi2dcGkFtqwwOePXs
manager,2,4,공구 챙기기 (수공구와 규격별 보관 형태),"""이번 페이지는 공구 챙기기 파트랍니다. 제목은 수공구와 규격별 보관 형태예요. 화면 위에 있는 [그림. 0202] 사진을 다 함께 살펴볼까요? 파란색 이동식 공구함 트롤리 위에 현장에서 꼭 필요한 필수 공구들이 아주 깔끔하게 정돈되어 있어요. 사진 속 동그란 확대 컷들을 보면, 첫 번째로 '10mm 전동드릴 및 비트', 두 번째로 '비트 세트', 세 번째로 다양한 크기의 '복스 렌치 세트', 그리고 네 번째로 정밀한 조를 위한 '토크렌치'가 각각 지정된 자리에 안전하게 보관되어 있는 모습이 보이죠? 여기서 공구함 트롤리 정돈의 원칙을 꼭 지켜주셔야 해요! 10mm 전동드릴이나 복스 렌치 세트, 토크렌치 같은 공구들은 절대 바닥에 함부로 내려놓으면 안 됩니다. 바닥에 두면 다른 사람이 밟고 미끄러져서 크게 다치거나, 운반 대차에 치여서 고가의 정밀 공구가 와장창 파손될 수 있거든요. 그래서 화면에 ▲주의라고 적혀 있는 것처럼, 딱 필요한 공구만 챙기고 사용한 뒤에는 즉시 원래 자리에 꽂아두는 것이 현장의 기본 철칙이랍니다!""",1WSc7EC8LqnAYyHSHi2dcGkFtqwwOePXs
manager,2,5,공구 요청 및 수령 시 지켜야 할 3대 원칙,"""이번 페이지는 공구 요청 및 수령 시 지켜야 할 3대 원칙이에요. 공구를 빌리거나 받을 때 어떻게 해야 할까요? 하나씩 짚어드릴게요! 첫째, 정확한 규격(치수) 발화: 공구실이나 반장님께 갈 때 그냥 무작정 ""스패너 주세요"" 하시면 절대 안 됩니다! 볼트 머리 크기에 딱 맞춰서 ""10밀리 스패너 주십시오""처럼 수치를 명확하게 말씀하셔야 해요. 화면 예시처럼 ""10밀리 전동드릴과 조립 도면 주십시오!"" 하고 말이죠. 둘째, 두 손 수령 및 감사 인사: 공구를 건네받을 때는 한 손으로 낚아채듯 건성으로 받으면 안 돼요. 반드시 두 손으로 공손하게 받으면서 눈을 맞추고 ""감사합니다""라고 인사해야 합니다. 예시처럼 ""챙겨주셔서 감사합니다! 잘 쓰겠습니다!""라고 표현해 보세요. 셋째, 깨끗이 닦아 원래 자리 반납: 다 쓴 공구는 기름때나 이물질을 깨끗이 닦아낸 뒤에 정해진 공구함에 쏙 넣어야 한답니다. 내가 빌린 물건을 이렇게 깨끗이 돌려주어야 동료들도 다음번에 우리를 기쁜 마음으로 흔쾌히 도와주겠죠? 예시처럼 ""깨끗이 사용하고 제자리에 반납했습니다!""라고 보고하면 완벽해요!""",1WSc7EC8LqnAYyHSHi2dcGkFtqwwOePXs
manager,2,6,작업 준비 단계에서 매일 쓰는 필수 표현,"""이번 페이지는 작업 준비 단계에서 매일 쓰는 핵심 어휘와 표준 표현 표예요. 현장에서 어떻게 말해야 하는지 아주 잘 정리되어 있답니다. 하나씩 소리 내어 읽어볼까요? 첫째, 작업 위치를 질문할 때: ""몇 번 라인에서 일합니까?""라고 당일 배치된 작업 장소와 공정 위치를 명확히 물어봅니다. 발화 예시로 ""반장님, 오늘 제가 몇 번 라인(어디)에서 일합니까?"" 하고 물어보세요. 둘째, 자재나 도구를 수령할 때: ""작업 도면과 공구 주십시오""라고 작업 표준 지침서와 필요한 도구를 요청합니다. 예시처럼 ""오늘 3번 라인 조립 도면과 10밀리 전동드릴 주십시오.""라고 말하면 돼요. 셋째, 착수 보고를 할 때: ""작업 준비 다 끝났습니다!""라고 공구 세팅과 자재 확인, 청소를 모두 마친 뒤 시작을 알리는 공식 보고를 합니다. ""작업 준비 다 끝났습니다! 지금 시작하겠습니다!"" 하고 자신 있게 외쳐주세요. 넷째, 5S를 실천하며 주변을 청소할 때: ""정리정돈/주변 청소""를 통해 넘어짐 사고와 이물질 혼입을 막습니다. ""작업대 주변 바닥 쓸고 통로 확보 완료했습니다.""라고 보고해요. 다섯째, 지정 위치를 관리할 때: ""공구함/자재 대차""에 도구와 부품을 흩어놓지 않고 정돈합니다. ""사용한 렌치와 드릴은 공구함에 정돈해 두었습니다.""라고 말하면 된답니다.""",1WSc7EC8LqnAYyHSHi2dcGkFtqwwOePXs
manager,2,7,작업대 주변 5S(정리·정돈·청소) 올바른 예,"""이번 페이지는 작업대 주변 5S(정리·정돈·청소) 올바른 예와 나쁜 예를 다루고 있어요. 화면 상단에 있는 [그림. 0203] 사진을 좌우로 아주 꼼꼼히 비교해서 살펴보세요! 왼쪽 사진을 보시면 '정리·정돈·청소 완료'라고 커다란 초록색 동그라미(O)가 있죠? 작업대 위와 주변이 반짝반짝 빛날 정도로 아주 깨끗하고, 청소기까지 단정하게 놓여 있으며, 여성 근로자와 남성 근로자분이 환한 미소를 지으며 서 있어요. 바닥에는 초록색 통로 라인이 완벽하게 확보되어 있답니다. 반면에 오른쪽 사진을 볼까요? 빨간색 X 표시와 함께 '정리·정돈·청소 미흡'이라고 되어 있어요! 바닥에는 전선들이 문어발처럼 사방으로 엉켜 있고 기름방울이 흥건하며, 공구들이 작업대와 바닥에 아무렇게나 널브러져 있죠? 게다가 '경고 라벨(트립 테이프, 전기 위험)' 표지판까지 붙어 있어서 누구나 봐도 아주 위험해 보여요. 남성 근로자분이 머리를 감싸쥐며 곤란해하고 있네요. 여러분, 작업 전 2분 청소가 생명을 지킨다는 말을 꼭 기억해 주세요! 바닥에 떨어진 볼트나 꼬여 있는 전선, 기름방울은 우리를 넘어지게 만드는 전도 사고의 주범이에요. 그래서 작업을 시작하기 전에 반드시 빗자루질을 먼저 하셔야 합니다. 또한 전동공구 케이블이 이동 통로를 가로지르지 않도록 거치대에 착착 정돈해서 화재와 발 걸림 위험을 사전에 제거해야 하고요, 대차와 사람이 다니는 녹색 보행 통로에는 부품 상자나 공구를 절대 적재하시면 안 된답니다!""",1WSc7EC8LqnAYyHSHi2dcGkFtqwwOePXs
manager,2,8,5S 정리정돈이 미흡할 때 발생하는 위험,"""그렇다면 5S 정리정돈이 미흡할 때 발생하는 위험과 반대로 완료했을 때의 안전 상태는 어떤 차이가 있는지 비교해서 알아볼게요. 먼저, 5S 정돈이 미흡할 때(위험 상태)입니다: 첫째, 넘어짐 및 회전체 충돌 사고가 나요. 바닥의 기름기나 볼트를 밟고 미끄러지면서 가동 중인 기계에 부딪혀 크게 다칠 수 있답니다. 둘째, 고가 공구 및 부품 파손이 발생해요. 바닥에 아무렇게나 던져둔 전동드릴이나 렌치를 지게차나 운반 대차가 밟고 지나가서 비싼 공구가 다 깨져버려요. 셋째, 불량품 혼입 사고가 생깁니다. 작업대 위에 다른 종류의 볼트들이 뒤섞여 있으면 엉뚱한 규격으로 조립되면서 치명적인 제품 결함이 생기게 돼요. 반면에, 5S 정돈을 완벽하게 완료했을 때(안전 상태)는 어떨까요? 첫째, 작업 효율이 극대화됩니다. 필요한 공구와 자재가 정해진 위치에 딱딱 있으니까 헤매지 않고 신속하게 작업을 진행할 수 있어요. 둘째, 쾌적하고 안전한 동선이 만들어져요. 통로가 깨끗하니까 대차를 운반할 때도 충돌 위험이 없고 넘어짐 사고가 '0건'이 된답니다. 셋째, 상사와 동료의 깊한 신뢰를 받게 돼요. 이렇게 정리정돈이 잘된 작업대를 항상 유지하는 근로자는 현장에서 가장 일 잘하는 우수 인재로 최고의 평가를 받게 된답니다!""",1WSc7EC8LqnAYyHSHi2dcGkFtqwwOePXs
manager,2,9,준비 완료 후 당당하게 착수 보고하기,"""모든 준비와 청소를 끝냈다고 해서 바로 기계를 켜면 될까요? 절대 안 됩니다! 이번 페이지는 준비 완료 후 당당하게 착수 보고하기예요. 화면 속 사진 자료를 보시면, 붉은색 조끼를 입은 근로자 분이 태블릿이나 도면을 들고 천장의 설비 라인과 실오라기 같은 부품 상태를 아주 진지하게 최종 점검하고 있는 모습이 보이죠? 그 뒤쪽으로도 동료 근로자가 열심히 작업에 집중하고 있네요. 준비가 다 끝났다고 해서 관리자 몰래 임의로 기계 스위치를 켜면 정말 큰 위험이 발생합니다! 관리자는 우리 근로자가 도면을 제대로 확인했는지, 주변 안전 상태가 완벽한지 눈으로 최종 점검을 마친 뒤에야 비로소 가동을 승인해 주거든요. 그러니까 반드시 아래에 있는 표준 착수 보고 스피치를 크게 외치셔야 해요! 다 같이 따라 해 볼까요? ""반장님! 바닥 청소하고 공구 정돈 완료했습니다. 작업 준비 다 끝났으니 지금 시작하겠습니다!""""",1WSc7EC8LqnAYyHSHi2dcGkFtqwwOePXs
manager,2,10,2인조 현장 실전 롤플레잉 모범 회화,"""이제 지금까지 배운 내용을 총동원해서 실제로 어떻게 대화하고 행동해야 하는지 연습해 보는 시간이에요! 2인 1조 현장 실전 롤플레잉 모범 회화를 다 같이 살펴봅시다. 우리 외국인 근로자 '바트' 친구와 한국인 '작업반장'님의 실전 대화예요. [외국인 근로자 (바트)]: (TBM 조회를 마친 후 반장님께 다가가 정중하게 질문하며) ""반장님, 오늘 제가 작업할 위치가 어디입니까?"" [작업반장 (한국인)]: ""오늘은 2공장 3번 조립 라인에서 일하면 돼. 자재 창고에서 부품 상자 챙겨가라."" [외국인 근로자 (바트)]: ""네, 알겠습니다! 3번 조립 라인 작업 도면과 10밀리 전동드릴 주십시오."" [작업반장 (한국인)]: ""여기 도면이랑 공구함 받아가. 작업 착수 전에 주변 바닥 청소부터 깔끔하게 해라."" [외국인 근로자 (바트)]: (주변 바닥을 쓸고 공구를 정돈한 뒤 반장님께 씩씩하게 보고하며) ""네! 바닥 청소하고 공구 정돈 완료했습니다. 작업 준비 다 끝났으니 바로 시작하겠습니다!"" 이렇게 위치를 묻고, 공구를 공손히 받고, 청소와 5S를 끝낸 뒤 당당하게 착수 보고하는 것! 아주 멋지지 않나요?""",1WSc7EC8LqnAYyHSHi2dcGkFtqwwOePXs
manager,2,11,제2장 단원 마무리 확인 퀴즈 & 평가 기준,"""드디어 제2장 강의의 마지막 페이지인 단원 정리 시간이에요. 제목은 제2장 단원 마무리 확인 퀴즈 & 평가 기준이랍니다. 화면에 물음표 아이콘들과 함께 오늘 배운 내용들을 퀴즈로 아주 깔끔하게 복습해 봅시다! Q1. 아침 조회가 끝난 후 작업 장소로 이동할 때 올바른 행동은 무엇일까요? 👉 정답: 혼자 짐작해서 가지 말고, 반드시 반장님께 ""오늘 몇 번 라인에서 일합니까?""라고 확인한 후에 이동하는 것이랍니다! Q2. 작업 착수 전 공구와 자재를 준비할 때 주의할 점은 무엇인가요? 👉 정답: 필요한 도면과 공구를 잘 챙기고, 작업 전에 바닥 청소(5S)를 먼저 한 후 주변을 깨끗이 정돈해야 해요! Q3. 모든 준비와 청소가 끝난 후의 올바른 착수 보고 표현은 무엇일까요? 👉 정답: ""작업 준비 다 끝났습니다! 지금 시작하겠습니다!""라고 관리자에게 당당하게 구두 보고를 해주셔야 한답니다! 마지막으로 우리 실기 평가 기준을 안내해 드릴게요! 총점 100점 만점에 80점 이상을 받으셔야 합격이랍니다! 평가 항목은 작업장소 확인 질문(25점) + 도면/공구 요청 발화(25점) + 착수 보고 수행(25점) + 5S 실천(25점)으로 아주 공정하게 이루어져 있어요. 오늘 저와 함께 제2장 내용을 열심히 공부하셨으니 실기시험 만점 받는 건 문제없겠죠? 여러분, 제2장 수고 많으셨습니다! 다음 시간에 만나요!""",1WSc7EC8LqnAYyHSHi2dcGkFtqwwOePXs
manager,3,1,제3장 작업 지시 알아듣고 대답하기 (복명복창),"""여러분 반갑습니다! 이번 시간에는 우리와 함께 제3장 작업 지시 알아듣고 대답하기 (복명복창) 과정을 배워볼 거예요. 지시를 제대로 청취하고, 숫자와 기한을 3회 확인하며 복창한 뒤 당당하게 실행을 확약하는 실무를 아주 자세히 다뤄볼 거랍니다. 교육 시간을 보니 총 2시간 동안 이론과 실습으로 진행되네요. 이번 장의 대상은 우리 외국인 근로자 및 직무연수생 여러분이고요, 가장 중요한 중점 역량은 바로 복명복창 3원칙과 팩트 확인이랍니다. 자, 그럼 시작해 볼까요?""",1i3S704xhel-CMo-iWpTeQKJsr9MK9yyj
manager,3,2,제3장 학습 목표 및 핵심 직무 가치,"""이번 페이지는 제3장 학습 목표 및 핵심 직무 가치를 다루는 단원 개요 파트랍니다. 이번 장에서 꼭 알아야 할 '지식 목표'와 '수행 목표'를 살펴볼게요. 먼저, 지식 목표(Knowledge)입니다. 첫째, 복명복창 3원칙인 경청(수신) → 핵심확인(되묻기) → 실행확약의 소통 프로세스를 이해하셔야 해요. 둘째, 현장 4대 핵심 팩트인 부품 품명, 규격 치수, 수량, 마감 시간의 중요성을 파악합니다. 셋째, 소음 때문에 잘 안 들릴 때 솔직히 ""다시 말씀해 주십시오""를 요청하는 재질문법을 습득하셔야 해요. 다음으로, 수행 목표(Performance)를 볼까요? 첫째, 지시를 들으면 즉시 ""네, 알겠습니다!""로 명확히 반응하는 즉각적인 수신 대답을 연습할 거고요. 둘째, 품명과 수량을 내 입으로 똑같이 반복하여 착오를 방지하는 핵심 숫자 3회 복창을 연습합니다. 셋째, ""12시까지 안전하게 완료하겠습니다!""라며 자신감 있게 실행을 확약하여 신뢰를 구축하는 것을 수행하게 될 거예요. 화면에 보이는 체크 표시들처럼 이 목표들을 향해 함께 달려봅시다!""",1i3S704xhel-CMo-iWpTeQKJsr9MK9yyj
manager,3,3,작업지시 수신 및 3단계 복명복창 프로세스,"""이번 페이지는 작업지시 수신 및 3단계 복명복창 프로세스에 대한 내용이에요. 화면 상단에 있는 [그림. 0301] 사진을 다 같이 아주 주의 깊게 봐주세요! 공장 현장에서 반장님이 왼손에 서류를 들고 근로자들을 향해 ""부품 A 30개 도장실로!""라고 지시를 내리고 있어요. 이 과정이 바로 [1단계] 경청 및 즉각적인 수신 응답이랍니다. 상인의 눈을 바라보며 집중해 듣고 끝나는 즉시 ""네, 알겠습니다!""로 공식 응답하는 거죠. 그다음 가운데를 보면 근로자가 손가락을 펴 보이면서 [2단계] 확인(Confirm)을 하고 있어요. 반장님의 지시에 대해 ""부품 A 30개, 12시까지 맞습니까?""처럼 구체적인 수량과 기한을 내 입으로 똑같이 되묻는 단계랍니다. 마지막으로 오른쪽에선 [3단계] 확약(Commit)을 하고 있어요. 근로자가 엄지를 치켜세우며 ""네, 알겠습니다! 바로 시작하겠습니다!"" 또는 ""파손 없이 안전하게 완료하겠습니다!""라며 당당한 어조로 시작을 선언하고 있죠. 우측 하단에는 '확약 완료'를 뜻하는 악수 도장 아이콘이 쾅 찍혀 있답니다. 이 3단계 프로세스, 절대 잊으시면 안 돼요!""",1i3S704xhel-CMo-iWpTeQKJsr9MK9yyj
manager,3,4,지레짐작(추측) 작업의 위험과 올바른 재질문,"""이번 페이지는 짐작(추측) 작업의 위험과 올바른 재질문에 대한 내용이에요. 화면 상단의 제목 옆에 '오판 방지'라고 적혀 있죠? 화면에 있는 [그림. 0302] 사진 속 왼쪽과 오른쪽을 아주 극적으로 비교해서 살펴보세요! 먼저 왼쪽의 바른 예(O)를 볼까요? 작업복을 입은 근로자가 손을 살짝 들고 반장님을 향해 ""'죄송하지만, 지시 내용을 다시 말씀해 주시겠습니까?'""라고 아주 정중하게 재질문을 하고 있어요. 그 위쪽으로는 '명확'이라는 파란색 물음표 아이콘이 떠 있답니다. 반면에 오른쪽의 나쁜 예(X)를 보세요! '경고: 지레짐작 불량'이라는 붉은색 표지판이 붙어 있고, 근로자가 소음 때문에 잘 못 들었으면서 혼날까 봐 아는 척 짐작으로 대충 부품을 조립하고 있어요. 결국 엉뚱한 부품을 조립해서 뒤쪽에 불량 부품 산더미가 쌓여 버렸죠? 우측 상단에는 화가 난 반장님의 얼굴과 함께 ""'내가 언제 그 부품을 조립하라고 했나?'""라는 말풍선이 둥둥 떠 있답니다. 현장에서 모르면서 아는 척 넘어가면 대형 사고가 터져요! 소음 때문에 못 알아들었으면서 혼날까 봐 고개만 끄덕이고 일하면 결국 전량 불량으로 이어집니다. 한국 현장에서는 모르는 것보다 이렇게 짐작으로 일해서 불량을 내는 것을 가장 엄하게 질책한다는 거, 꼭 명심해 주세요!""",1i3S704xhel-CMo-iWpTeQKJsr9MK9yyj
manager,3,5,완벽한 직무 수행을 위한 복명복창 3대 원칙,"""이번 페이지는 완벽한 직무 수행을 위한 복명복창 3대 원칙이에요. 아주 핵심적인 내용이니까 하나씩 꼼꼼히 살펴볼게요! 첫째, 즉각적인 언어적 응답: 지시를 들을 때 절대 고개만 끄덕이면 안 됩니다. 한국인 상사는 무언의 끄덕임을 '제대로 이해하지 못한 불확실한 태도'로 보거든요. 그러니 즉시 큰 소리로 ""네, 반장님! 알겠습니다!"" 하고 대답하셔야 해요. 둘째, 4대 핵심 팩트 되묻기: 품명, 수량, 시간, 장소 같은 핵심 요소를 입으로 똑같이 반복합니다. 구체적인 숫자를 넣어 확인해야 작업 지시의 왜곡과 누락을 완벽하게 방지할 수 있어요. 예시처럼 ""부품 A 30개, 12시까지 맞습니까?""라고 되묻는 거죠. 셋째, 당당한 실행 의지 표명: 확인이 끝나면 마무리를 당당하게 약속합니다. 자신감 있는 어조로 신속한 이행을 다짐하여 상사에게 깊은 신뢰를 심어주는 거예요. 예시처럼 ""지시대로 신속히 완료하겠습니다!""라고 말입니다.""",1i3S704xhel-CMo-iWpTeQKJsr9MK9yyj
manager,3,6,작업현장 지시 수신 단계 필수 표현,"""이번 페이지는 작업 지시 수신 단계에서 매일 쓰는 핵심 어휘와 표준 표현 표예요. 현장에서 어떻게 말해야 하는지 아주 잘 나와 있답니다. 하나씩 소리 내어 읽어볼까요? 첫째, 즉각 수신을 응답할 때: ""네, 알겠습니다!""라고 상사의 지시를 집중하여 들었음을 나타내는 즉각적인 공식 대답을 합니다. 예시로 ""네, 반장님! 알겠습니다!"". 둘째, 핵심을 되물을 때: ""부품 A를 20개 맞습니까?""처럼 지시 내용 중 품명과 숫자를 되물어 착오를 방지하는 확인 화법을 씁니다. 예시로 ""4번 선반에서 부품 A 20개 조립 맞습니까?"". 셋째, 정중하게 재질문할 때: ""다시 말씀해 주시겠습니까?""라고 소음이나 빠른 발음으로 지시를 놓쳤을 때 솔직히 요청하는 표현을 쓴답니다. 예시로 ""죄송하지만 소음 때문에 못 들었습니다. 다시 말씀해 주시겠습니까?"". 넷째, 기한을 확약할 때: ""12시까지 완료하겠습니다!""라며 지시된 마감 시간을 엄수하겠다는 강한 실행 의지를 전달해요. 예시로 ""지시하신 대로 12시까지 도장실로 옮겨놓겠습니다!"". 다섯째, 지레짐작을 금지할 때: ""지레짐작 금지""를 통해 모르면서 아는 척 고개만 끄덕이지 않고 반드시 되묻는 직무 태도를 가집니다. 예시로 ""혼자 짐작하지 않고 반장님께 다시 물어보았습니다."".""",1i3S704xhel-CMo-iWpTeQKJsr9MK9yyj
manager,3,7,한국현장 지시 소통의 핵심 문화적 배경,"""이번 페이지는 한국 현장 지시 소통의 핵심 문화적 배경을 살펴보는 시간이에요. 왜 우리가 지시를 3번이나 반복해서 확인해야 할까요? 그 이유를 두 가지로 나누어 설명해 드릴게요! 먼저, 왜 3번 반복 확인해야 할까요? 소음 환경의 청취 오류: 공장은 기계 소음이 워낙 커서 '50개'를 '15개'로 잘못 듣거나, '1번 선반'을 '2번 선반'으로 완전히 딴판으로 듣기 쉽기 때문이에요. 3초 확인이 수백 개 불량 방지: 내가 입으로 되물을 때 상사가 ""그래, 맞아!""라고 바로 확인해 주면 하루 작업 전체를 폐기해야 하는 대형 불량을 막을 수 있답니다. 책임 소재의 명확화: 이렇게 확인 복창을 거치면 작업 지시를 오인해서 생기는 쓸데없는 책임 다툼이 싹 사라져요. 두 번째로, '왜요?' 대신 '어떻게 합니까?'라는 질문 화법의 차이를 아셔야 해요! '왜요?'가 주는 반항적 어감: 한국인 상사에게 ""왜요?""라고 짧게 질문하면, 일을 하기 싫어서 반항하고 따지는 것으로 오해하기 아주 쉽답니다. 절대 이렇게 물으시면 안 돼요! 바른 질문 화법 구사: 대신 작업 방법을 모를 때는 ""반장님, 이것을 어떻게 조립합니까?""라고 아주 구체적으로 물어보셔야 합니다. 배우려는 자세의 전달: 이렇게 '어떻게'로 질문하는 직원은 상사 눈에는 성실하고 적극적으로 일을 배우려는 아주 훌륭한 우수 인재로 인정받는단 사실, 꼭 기억해 주세요!""",1i3S704xhel-CMo-iWpTeQKJsr9MK9yyj
manager,3,8,현장 필수 수량·단위 및 치수 한국어 읽기,"""이번 페이지는 현장 필수 수량·단위 및 치수 한국어 읽기랍니다. 현장에서 숫자를 정확하게 읽는 것은 기술만큼이나 중요해요! 세 가지 단위로 나누어 살펴볼까요? 첫째, 개수 단위 (EA): 부품이나 자재의 낱개 수량을 셀 때는 순우리말 수사를 쓴답니다. 한 개, 두 개, 세 개, 네 개, 다섯 개, 열 개, 스무 개, 백 개! (예시: ""부품 A 스무(20) 개 맞습니까?"") 둘째, 묶음·용기 단위: 포장 상자(Box)나 운반 파레트(Pallet), 대차(Cart) 단위예요. 한 상자, 두 상자, 한 파레트, 대차 1대 분량! (예시: ""부품 상자 2박스 옮기겠습니다!"") 셋째, 정밀 치수 단위 (mm): 공구 규격이나 볼트 지름은 한자어 수사에 '밀리'를 붙여서 읽는답니다. 십 밀리(10mm), 십오 밀리(15mm), 이십 밀리(20mm)! (예시: ""십(10)밀리 볼트 30개 맞습니까?"") 이렇게 단위를 정확하게 입으로 소리 내어 읽는 연습, 평소에 꼭 해두셔야 해요! (하단 꼬리말: 글로벌한국직무언어소통관리사 | 제3장 작업 지시 알아듣고 대답하기 (복명복장))""",1i3S704xhel-CMo-iWpTeQKJsr9MK9yyj
manager,3,9,실행 확약 후 당당한 실행 의지 표명,"""이제 소통의 마지막 단계인 확인 후 당당한 실행 의지 표명에 대해 알아볼게요. 소통의 완성은 바로 결과에 대한 약속이랍니다! 작업 지시를 다 확인한 뒤에는 주눅 들지 말고 활기차고 씩씩한 목소리로 실행을 확약하셔야 해요. 상사는 우리가 확인 복창을 끝낸 뒤 당당하게 작업을 시작하는 모습을 보며 아주 깊은 신뢰와 안도감을 느낀답니다. 자, 아래에 있는 표준 실행 확약 스피치를 저를 따라 큰 소리로 읽어볼까요? ""네, 반장님! 파손 주의해서 부품 A 30개 12시까지 도장실로 안전하게 완료하겠습니다!"" 아주 씩씩하고 멋지죠?""",1i3S704xhel-CMo-iWpTeQKJsr9MK9yyj
manager,3,10,2인조 현장 실전 롤플레잉 모범 회화,"""이번에는 지금까지 배운 복명복창 3원칙을 총동원해서 실제로 어떻게 대화하는지 연습해 보는 시간이에요! 2인 1조 현장 실전 롤플레잉 모범 회화를 다 같이 살펴봅시다. 한국인 작업반장님과 우리 외국인 근로자 '바트'의 실전 대화랍니다. [작업반장 (한국인)]: ""바트 씨, 지금 즉시 4번 선반에서 부품 A 30개 꺼내서 12시까지 도장실로 옮겨놔요."" [외국인 근로자 (바트)]: (상사의 눈을 바라보며 즉각적으로 핵심 수량을 되물으며) ""네, 알겠습니다! 4번 선반에서 부품 A 30개를 12시까지 도장실로 옮기면 됩니까?"" [작업반장 (한국인)]: ""그래, 정확해. 옮길 때 찌그러지지 않게 대차에 차곡차곡 싣고 가."" [외국인 근로자 (바트)]: (주먹을 가볍게 쥐며 자신감 넘치게 실행을 확약하며) ""네! 파손 주의해서 부품 A 30개 12시까지 도장실로 안전하게 완료하겠습니다!"" [작업반장 (한국인)]: ""좋아, 바트 씨는 지시를 깔끔하게 잘 알아들어서 안심이 돼. 수고해!"" 이렇게 지시를 즉시 수신하고, 핵심 수량을 숫자로 되묻고, 당당하게 실행을 확약하는 것! 완벽한 복명복창의 모범답안이에요!""",1i3S704xhel-CMo-iWpTeQKJsr9MK9yyj
manager,3,11,작업 지시 수신 및 3단계 복명복창 실습 기록지,"""이번 페이지는 우리가 오늘 배운 내용을 한눈에 정리하는 작업 지시 수신 및 3단계 복명복창 실습 기록지랍니다. 표를 통해 복습해 볼까요? 1단계 (경청 및 즉각적인 수신 대답): ""네, 알겠습니다! 반장님!"" 하고 바로 대답하기! (완료) 2단계 (핵심 사항 되묻기): ""4번 선반에서 부품 A 30개, 12시까지 맞습니까?""라며 품명과 수량을 정확히 숫자로 되묻기! (완료) 3단계 (실행 확약 및 주의점 다짐): ""파손 없이 12시까지 안전하게 완료하겠습니다!""라며 당당하게 약속하기! (완료) 예외 훈련 (지시 불명확 시 정중한 재질문): ""죄송하지만, 다시 한번 말씀해 주시겠습니까?""라고 솔직하게 요청하기! (완료) 이 표에 있는 내용만 머릿속에 쏙 넣어두시면 현장에서 지시받을 때 절대 실수하지 않으실 거예요!""",1i3S704xhel-CMo-iWpTeQKJsr9MK9yyj
manager,3,12,제3장 단원 마무리 확인 퀴즈 & 평가 기준,"""드디어 제3장 강의의 마지막 페이지인 단원 정리 시간이에요. 제목은 제3장 단원 마무리 확인 퀴즈 & 평가 기준이랍니다. 화면에 물음표(❓) 아이콘들과 함께 오늘 배운 내용들을 퀴즈로 아주 깔끔하게 복습해 봅시다! Q1. 반장님이 작업을 지시할 때 가장 나쁜 행동은 무엇일까요? 👉 정답: 잘 못 알아들었으면서 혼날까 봐 고개만 끄덕이고 가만히 있는 것이랍니다! 반드시 되물어야 해요! Q2. 소음 때문에 지시를 놓쳤을 때 가장 올바른 한국어 표현은 무엇인가요? 👉 정답: ""죄송하지만 소음 때문에 못 들었습니다. 다시 한번 말씀해 주시겠습니까?""라고 아주 정중하게 요청하는 것이랍니다! Q3. 복명복창 시 입으로 소리 내어 확인해야 할 핵심 4대 요소는 무엇일까요? 👉 정답: 작업할 부품의 품명, 수량, 마감 시간, 작업 장소랍니다! 마지막으로 우리 실기 평가 기준을 안내해 드릴게요! 총점 100점 만점에 80점 이상을 받으셔야 합격이랍니다! 평가 항목은 경청 및 즉각 응답(20점) + 핵심 수량/기한 복창(40점) + 정중한 재질문 구사(20점) + 실행 태도 및 자신감(20점)으로 아주 체계적으로 이루어져 있어요. 오늘 저와 함께 제3장 내용을 열심히 공부하셨으니 실기시험 만점 받는 건 아주 쉽겠죠? 여러분, 제3장 수고 많으셨습니다! 다음 시간에 또 만나요!""",1i3S704xhel-CMo-iWpTeQKJsr9MK9yyj
manager,4,1,현장에서 진짜 많이 쓰는 말 (현장 은어 순화),"""이번 시간에는 우리와 함께 제4장 현장에서 진짜 많이 쓰는 말 (은어 순화) 과정을 배워볼 거예요. 일본식 현장 은어의 청취 이해와 품격 있는 바른 표준 한국어 발화 실무를 아주 자세히 다뤄볼 거랍니다. 교육 시간을 보니 총 2시간 동안 이론과 실습으로 진행되네요. 이번 장의 대상은 우리 외국인 근로자 및 직무연수생 여러분이고요, 가장 중요한 중점 역량은 바로 은어 수신과 표준어 발화랍니다. 자, 그럼 시작해 볼까요?""",1S2X_H6e3XsG5zNSUxr7yEm8LWZwQObmc
manager,4,2,제4장 학습 목표 및 핵심 직무 가치,"""이번 페이지는 제4장 학습 목표 및 핵심 직무 가치를 다루는 단원 개요 파트랍니다. 이번 장에서 꼭 알아야 할 '지식 목표'와 '수행 목표'를 살펴볼게요. 먼저, 지식 목표(Knowledge)입니다. 첫째, 현장에서 선배 작업자들이 자주 쓰는 일본식 은어나 외래어 표현의 실제 의미를 정확히 이해하셔야 해요. 둘째, 은어를 들었을 때 그 뜻을 알아듣되 공식 문서나 보고에는 올바른 표준어로 바꾸어 써야 하는 이유를 파악합니다. 셋째, 무분별한 은어 사용이 초래할 수 있는 소통 오류와 안전사고의 위험성을 숙지하셔야 해요. 다음으로, 수행 목표(Performance)를 볼까요? 첫째, 선배가 은어로 지시했을 때 당황하지 않고 의미를 파악하는 청취 이해를 연습할 거고요. 둘째, 은어 대신 '단도리'는 '준비'로, '시다'는 '보조'나 '지원'으로 매끄럽게 발화하는 품격 있는 표준어 회답을 연습합니다. 셋째, 동료 외국인 작업자에게도 올바른 표준 직무 한국어를 정확히 안내하는 문서 첨삭 및 순화 실천을 수행하게 될 거예요. 화면에 보이는 체크 표시들처럼 이 목표들을 향해 함께 달려봅시다!""",1S2X_H6e3XsG5zNSUxr7yEm8LWZwQObmc
manager,4,3,현장 비표준 은어 ↔ 표준어 시각 대조,"""이번 페이지는 현장 비표준 은어 ↔ 표준어 시각 대조표예요. 화면 상단에 있는 시각 대조표를 아주 꼼꼼히 살펴보세요! 왼쪽에는 일본어 잔재인 '비표준 은어'들이 있고, 화살표 변환 방향을 거쳐 오른쪽에는 '바른 표준 한국어 단어 및 픽토그램'이 아주 보기 쉽게 정리되어 있답니다. 하나씩 짚어볼게요! 단도리(사전준비) ↔ 사전준비: ""단도리 철저히 해라!""라는 지시는 ""작업 준비 완료했습니다!""로 회답해야 합니다. 시마이(마감) ↔ 마감: ""오늘 일 시마이하자!""라는 말은 ""오늘 공정 마무리하겠습니다!""로 보고해야 해요. 기스(흠집) 흠집: ""제품에 기스 났어!""라는 표현은 ""표면에 흠집이 발생했습니다!""로 순화합니다. 야스리(줄) & 나라시(평탄화) ↔ 줄 & 평탄화: 연마용 쇠줄 공구는 '줄', 바닥을 평평하게 고르는 작업은 '평탄화'라고 바르게 부른답니다. 이렇게 은어를 귀로 듣고 머릿속으로 표준어로 싹 바꾸어 이해하는 것, 정말 중요해요! (하단 꼬리말: 글로벌한국직무언어소통관리사 | 제4장 현장 은어 순화)""",1S2X_H6e3XsG5zNSUxr7yEm8LWZwQObmc
manager,4,4,실전 소통 듣고 표준어로 대답하기,"""실전 소통 듣고 표준어로 대답하기랍니다. 화면에 있는 실전 소통 장면을 아주 생생하게 눈여겨봐주세요! 왼쪽 그림을 보면 한국인 선배가 삿대질을 하며 ""시마이해라!""라고 거칠게 은어로 지시를 내리고 있어요. 그러자 선배 머리 위로 ""오! 표준어 굿! 에이스네!""라는 칭찬의 말풍선이 둥둥 떠오르죠? 오른쪽 그림에서 우리 외국인 근로자 알리 씨가 하얀색 안전모를 쓰고 당당한 자세로 ""네, 오늘 작업 마무리 정리 완료했습니다!""라고 아주 깨끗한 표준어로 멋지게 대답하고 있답니다. 중앙에는 엄지를 치켜세운 '최고' 도장 아이콘과 함께 대사 리플레이가 쾅 박혀 있어요. 한국인 선배가 설령 은어를 쓰더라도, 우리가 똑같이 은어를 따라 쓰면 격이 떨어져 보인답니다. 선배의 지시는 귀로 정확히 이해하고, 내가 입으로 회답할 때는 당당하게 깨끗한 표준어를 구사해야 현장에서 진정한 '에이스'로 인정받을 수 있어요. 선배가 ""오! 알리 씨 한국말 진짜 제대로 배웠네! '마무리'라니 아주 똑똑해!""라며 감탄하는 모습을 우리도 만들어 보자고요!""",1S2X_H6e3XsG5zNSUxr7yEm8LWZwQObmc
manager,4,5,현장은어 순화 3대 핵심 원칙,"""현장 직무 소통의 핵심인 현장은어 순화 3대 핵심 원칙이에요. 아주 중요한 내용이니까 세 가지 원칙을 꼭 기억해 주세요! 첫째, 귀로는 100% 이해 (경청): 선배가 은어를 쓴다고 당황하거나 화내지 마세요. 이것은 현장의 오랜 역사적 관행이므로, 당황하지 말고 머릿속으로 즉시 표준어로 바꾸어 찰떡같이 알아들어야 합니다. (예시: ""야스리 = 쇠줄 공구 인지!"") 둘째, 입으로는 100% 표준어 (발화): 내가 말하거나 보고할 때는 은어를 절대 입에 담지 않습니다. 깨끗하고 바른 표준어를 사용할 때 한국인 관리자에게 깊은 신뢰와 존중을 받을 수 있어요. (예시: ""작업 준비 다 끝났습니다!"") 셋째, 일보에는 100% 공문서 (기록): 작업일보나 안전점검표는 회사의 공식적이고 법적인 공문서랍니다. 이 문서에 은어를 쓰면 큰 결격 사유가 되므로 반드시 표준어로 정확하게 기록하셔야 해요. (예시: ""표면 흠집(Scratch) 2EA 기록"")""",1S2X_H6e3XsG5zNSUxr7yEm8LWZwQObmc
manager,4,6,현장 5대 핵심 은어 ↔ 표준 한국어 대조,"""이번 페이지는 우리가 현장에서 가장 자주 듣는 현장 5대 핵심 은어 ↔ 표준 한국어 대조 표랍니다. 표를 보면서 하나씩 소리 내어 익혀볼까요? 첫째, 단도리 (だんどり): 뜻은 사전 준비/공정 준비예요. 작업 착수 전 공구와 자재를 세팅하는 것을 말하죠. 모범 발화 예시: ""작업 준비 끝났으니 시작하겠습니다!"" 둘째, 시마이 (しまい): 뜻은 마감/종료/마무리랍니다. 당일 작업 종료 및 정리정돈을 뜻해요. 모범 발화 예시: ""오늘 공정 마무리 완료했습니다!"" 셋째, 기스 (きず): 뜻은 흠집/상처/찍힘이에요. 제품 표면이 긁히거나 파손된 결함을 뜻한답니다. 모범 발화 예시: ""제품 표면에 미세한 흠집이 있습니다."" 넷째, 야스리 (やすり): 뜻은 줄 (연마용 수공구)이에요. 금속 모서리의 버(Burr)를 제거하는 쇠줄 공구를 말하죠. 모범 발화 예시: ""쇠줄 공구함에서 찾아오겠습니다."" 다섯째, 나라시 (ならし): 뜻은 평탄화 / 바닥 고르기랍니다. 울퉁불퉁한 바닥을 평평하게 펴는 작업을 뜻해요. 모범 발화 예시: ""바닥 평평하게 고르기 완료했습니다.""""",1S2X_H6e3XsG5zNSUxr7yEm8LWZwQObmc
manager,4,7,현장은어의 배경과 표준어 사용의 이유,"""현장은어의 배경과 표준어 사용의 이유를 깊이 있게 알아보는 시간이에요. 왜 우리가 작업일보 서식에 절대 은어를 쓰면 안 되는지 그 이유를 두 가지 측면에서 살펴볼게요! 먼저, 현장 은어 발생 역사와 배경입니다.   근대 제조업의 일본 기술 영향: 과거 한국이 근대 제조업 기술을 도입하는 과정에서 일본어 잔재가 자연스럽게 현장 선배들 사이에 관행으로 정착된 것이랍니다.   소통 오류와 불량 유발: 이런 은어들은 세대 간이나 다국적 근로자 간에 심각한 오해를 낳고, 치수 오류를 일으키는 주범이 돼요.   외국인 근로자의 선도적 역할: 우리 외국인 작업자 여러분이 은어 대신 표준어로 당당하게 회답할 때, 우리 현장의 언어가 점차 더 깨끗하고 안전하게 정착될 수 있답니다! 다음으로, 작업일보 서식에 절대 은어를 쓰지 않는 이유를 볼까요?   법적 공문서의 효력: 작업일보는 공장장님, 품질검사팀, 그리고 해외 바이어까지 검토하는 아주 공식적인 서류예요. """"기스 3개"""" 대신 """"흠집 3EA""""라고 써야 합니다. 비표준어를 쓰면 공문서로서 결격 사유가 되고 품질 신뢰도가 뚝 떨어져요.   승진과 평가의 척도: 표준어로 작업일보를 깔끔하고 완벽하게 쓰는 외국인 인력은 나중에 조장이나 반장으로 승진하는 1순위 인재가 된답니다!"",현장 은어의 배경과 표준어 사용의 이유""",1S2X_H6e3XsG5zNSUxr7yEm8LWZwQObmc
manager,4,8,추가로 꼭 알아야 할 현장 은어 5선,"""이번 페이지는 앞서 배운 것 외에 추가로 꼭 알아야 할 현장 은어 5선 중 대표적인 세 가지를 짚어보는 시간이에요. 아주 유용한 표현들이니 눈여겨보세요!   첫째, 공구리예요! 시멘트와 자갈을 섞은 '콘크리트'를 뜻한답니다. 현장에서 """"공구리 친다""""고 하면 표준어로 """"콘크리트 타설 작업 착수합니다.""""라고 바꾸어 말해야 해요.   둘째, 헤라예요! 퍼티나 페인트를 펴 바르거나 긁어내는 '주걱' 또는 '스크래퍼' 도구를 말한답니다. 현장에서 """"헤라 가져와!""""라고 하면 """"주걱(스크래퍼) 가져오겠습니다.""""라고 바르게 대답해요.   셋째, 노기스예요! 부품의 외경, 내경, 두께를 아주 정밀하게 재는 '버니어 캘리퍼스' 측정기를 뜻한답니다. 현장에서 """"노기스 재봐""""라고 지시하면 """"버니어 캘리퍼스로 측정하겠습니다.""""라고 품격 있게 회답하셔야 해요."",현장 은어 5선(공구리, 헤라, 노기스)""",1S2X_H6e3XsG5zNSUxr7yEm8LWZwQObmc
manager,4,9,팀워크: 표준어를 쓰는 근로자의 경쟁력,"""표준어를 쓰는 근로자의 경쟁력을 보여주는 아주 멋진 사진이 실려 있어요. 화면 상단의 사진 자료를 다 같이 보실까요? 현대자동차 로고가 박힌 파란색 모자와 유니폼을 단정하게 차려입은 현대자동차그룹 정의선 회장님과 임원진 분들이 생산 라인 현장을 직접 방문해 아주 진지한 눈빛으로 공정을 점검하고 지시를 내리는 모습이 담겨 있답니다. 우측 하단에는 현장 평가로 ""알리 씨는 말을 똑 부러지게 표준어로 해서 우리 공장 최고의 에이스야!""라는 찬사가 적혀 있어요. 품격 있는 말은 우리에게 최고의 신뢰를 만들어 준답니다! 선배가 거친 은어를 쓰더라도, 우리 외국인 근로자 여러분이 예의 바르고 깨끗한 표준 한국어로 차분하게 회답할 때 한국인 관리자들은 아주 깊은 감동을 받아요. 바른 직무 언어는 단순한 말하기를 넘어 현장 동료들과의 두터운 신뢰를 형성하고, 우리의 기술 습득 속도를 무려 두 배나 더 빠르게 만들어 준다는 거, 꼭 기억해 주세요!""",1S2X_H6e3XsG5zNSUxr7yEm8LWZwQObmc
manager,4,10,2인조 현장 실전 롤플레잉 모범 회화,"""2인 1조 현장 실전 롤플레잉 모범 회화, 한국인 선배와 외국인 근로자 '알리'의 멋진 실전 대화. [한국인 선배]: """"알리 씨, 저기 공구함에서 야스리 좀 가져오고, 이거 끝나면 바닥 나라시하고 시마이하자!"""" [외국인 근로자 (알리)]: (선배의 눈을 바라보며 밝고 또박또박한 목소리로) """"네, 선배님! 쇠줄(야스리) 바로 가져오겠습니다."""" [외국인 근로자 (알리)]: (작업 완료 후 단정하게 공구를 정돈하고 선배에게 다가가며) """"선배님, 바닥 평탄화 작업 깔끔하게 마쳤고, 오늘 공정 마무리 정리 다 했습니다!"""" [한국인 선배]: """"오, 알리 씨 한국말 진짜 제대로 배웠네! '평탄화'에 '마무리'라니, 아주 똑똑해!"""" [외국인 근로자 (알리)]: """"감사합니다 선배님! 표준어로 바르게 보고하려고 노력하고 있습니다. 도구 반납하겠습니다!"""" 선배의 은어 지시는 귀로 찰떡같이 알아듣고, 내 입으로는 '쇠줄', '평탄화', '마무리'라는 깨끗한 표준어로 당당하게 보고하는 이 멋진 소통 방법, 여러분도 현장에서 완벽하게 해내실 수 있겠죠?"",2인 1조 현장 실전 롤플레잉 모범 회화""",1S2X_H6e3XsG5zNSUxr7yEm8LWZwQObmc
manager,4,11,현장제은어 순화 실습 및 평가 보고서,"""현장제은어 순화 실습 및 평가 보고서 표 점검 - 실습 항목 짚어보기. 1. 은어 듣고 표준어 변환 (단어 5문항 쓰기): 단도리, 시마이, 기스, 야스리, 나라시를 듣고 정확한 표준어로 쓰기! (평가: [5/5 완료] PASS). 2. 은어 지시 표준어 회답 (선배 발화 대응): """"공구리 치게 준비해!""""라는 지시에 """"네, 콘크리트 타설 준비 완료하겠습니다!""""로 회답하기! (평가: [모범 발화 PASS]). 3. 작업일보 은어 첨삭 (문서 오류 수정): """"부품에 기스 나서 단도리 다시 함""""이라는 잘못된 문장을 """"흠집 발생으로 준비 다시 함""""으로 고치기! (평가: [첨삭 완료 PASS]). 4. 직무 언어 실천 다짐 (소통 원칙 서약): """"들을 때는 알아듣고, 말할 때는 깨끗한 표준 한국어로 말한다!""""고 서약하기! (평가: [서약 완료]). 이 실습 항목들을 모두 통과하면 여러분도 진정한 은어 순화 마스터가 되는 거랍니다!"",현장제은어 순화 실습 및 평가 보고서 표 점검""",1S2X_H6e3XsG5zNSUxr7yEm8LWZwQObmc
manager,4,12,제4장 단원 마무리 확인 퀴즈 & 평가 기준,"""단원 마무리 확인 퀴즈 & 평가 기준 - 단원 정리 시간 퀴즈 및 평가 안내. Q1. 한국인 선배가 """"작업장 단도리 잘해라!""""라고 했을 때의 올바른 뜻은 무엇일까요? 👉 정답: 작업 착수 전에 공구와 자재, 주변 환경을 철저히 사전 준비하라는 뜻이랍니다! Q2. 제품에 흠집이 났을 때 선배에게 올바르게 보고하는 표준 표현은 무엇인가요? 👉 정답: 은어인 '기스' 대신 """"제품 표면에 흠집(찍힘)이 발생했습니다""""라고 아주 명확하게 보고하셔야 해요! Q3. 하루 일을 마치고 """"오늘 작업 시마이합시다!""""를 들었을 때의 올바른 행동은 무엇일까요? 👉 정답: 작업을 마무리하고 5S 청소와 공구 정리를 깨끗이 마친 후에 """"마무리 완료했습니다""""라고 보고하는 것이랍니다! 마지막으로 우리 실기 평가 기준을 안내해 드릴게요! 총점 100점 만점에 80점 이상을 받으셔야 합격이랍니다! 평가 항목은 은어 청취 이해도(30점) + 표준어 순화 발화력(40점) + 문서 기록 정확성(20점) + 직무 학습 태도(10점)로 아주 공정하고 체계적으로 이루어져 있어요. 오늘 저와 함께 제4장 은어 순화 내용을 아주 열심히 공부하셨으니 실기시험 만점 받는 건 문제없겠죠? 여러분, 제4장 수고 많으셨습니다! 다음 시간에 또 만나요!"",단원 마무리 확인 퀴즈 & 평가 기준""",1S2X_H6e3XsG5zNSUxr7yEm8LWZwQObmc
manager,5,1,제5장 공구·부품 달라고 요청하기,"""[제5장] 공구·부품 달라고 요청하기 과정 - 공구 규격 명칭, 소모성 자재 추가 불출, 공손한 대여 및 반납 실무. 교육 시간: 총 2시간 (이론 및 실습 진행), 교육 대상: 외국인 근로자 및 직무연수생, 중점 역량: 치수 명시 발화와 두 손 수령. 여러분 반갑습니다! 이번 시간에는 우리와 함께 제5장 공구·부품 달라고 요청하기 과정을 배워볼 거예요. 공구 규격 명칭을 바르게 알고, 소모성 자재를 추가로 불출받는 법, 그리고 공손한 대여와 반납 실무를 아주 자세히 다뤄볼 거랍니다. 교육 시간을 보니 총 2시간 동안 이론과 실습으로 진행되네요. 이번 장의 대상은 우리 외국인 근로자 및 직무연수생 여러분이고요, 가장 중요한 중점 역량은 바로 치수 명시 발화와 두 손 수령이랍니다. 자, 그럼 시작해 볼까요?"",공구·부품 달라고 요청하기 과정 오프닝""",1Oh_m47emmxbcopfbnf23CY53Us4NqvBv
manager,5,2,제5장 학습 목표 및 직무 가치,"""지식 목표 및 수행 목표 살펴보기 - 지식 목표(Knowledge): 첫째, 스패너, 렌치, 드릴, 비트 등의 공구 명칭과 규격 치수 단위(mm, EA)를 정확히 이해하셔야 해요. 둘째, 자재가 0개가 되기 전 미리 요청하여 생산 라인 중단을 방지하는 안전재고 사전 요청 원리를 파악합니다. 셋째, 공구를 빌리고 반납할 때 지켜야 할 한국식 예절과 정돈 책임인 두 손 수령과 청결 반납을 숙지하셔요. 수행 목표(Performance): 첫째, """"10밀리 스패너 주십시오""""처럼 구체적인 치수를 명확히 말하는 정확한 규격 발화를 연습할 거고요. 둘째, """"M8 볼트가 다 떨어져 갑니다""""처럼 여유를 두고 추가 요청하는 자재 소진 사전 보고를 연습합니다. 셋째, 사용 후 기름때를 닦아 정해진 공구함에 넣고 감사 인사를 전하는 깨끗한 반납 실천을 수행하게 될 거예요. 화면에 보이는 체크 표시들처럼 이 목표들을 향해 함께 달려봅시다!"",제5장 학습 목표 및 직무 가치 단원 개요""",1Oh_m47emmxbcopfbnf23CY53Us4NqvBv
manager,5,3,체결용 수공구 규격과 명칭 식별,"""체결용 수공구 규격과 명칭 식별 - 작업대 위 스패너, 드라이버 비트 규격 및 수령 예절 안내. 작업대 위에 세 가지 스패너가 나란히 놓여 있죠? 왼쪽부터 10mm 스패너, 12mm 스패너, 14mm 스패너랍니다. 볼트 머리 크기에 맞지 않는 공구를 쓰면 볼트 머리가 뭉개져서(현장 말로 '야마' 난다고 하죠?) 아예 풀리지 않으니까 반드시 mm 단위를 정확히 확인하고 써야 해요. 그 아래쪽을 보면 전동 드라이버 비트 규격이 나와 있어요. 십자 비트(PH), 일자 비트(SL), 육각 비트(Hex)가 종류별로 꽂혀 있죠? 굵기 번호인 PH2나 H4 같은 세부 규격을 잘 구분해서 요청하셔야 한답니다. 그리고 우측 하단을 보면 '수공구 수령 시 - 두 손으로 정중히 수령'이라는 그림과 함께 두 손으로 공구나 부품을 받는 손 모양 픽토그램이 아주 선명하게 그려져 있어요. 상사나 공구실에서 도구를 건넬 때는 반드시 두 손으로 공손하게 받아야 한다는 거, 잊지 마세요!"",체결용 수공구 규격과 명칭 식별""",1Oh_m47emmxbcopfbnf23CY53Us4NqvBv
manager,5,4,직무 예절 (공구 대여·반납 시 두 손 예절),"""공구 대여·반납 시 두 손 예절 및 직무 예절 - [그림. 0502] 사진을 통한 공구 수령 및 반납 예절 안내. 왼쪽 사진을 보면 한국인 관리자분과 우리 외국인 근로자가 서로 눈을 맞추며 두 손으로 공구를 정중하게 주고받고 있어요. 근로자 머리 위에는 """"감사합니다!""""라는 말풍선이 떠 있고, 그 사이에는 '수납 완료'를 뜻하는 악수 도장 아이콘이 쾅 찍혀 있답니다. 우측 사진을 보면 근로자가 깨끗한 걸레(웨스)로 공구의 기름때를 아주 정성스럽게 닦아낸 뒤, 이동식 공구함 트롤리 지정 자리에 착착 수납하는 모습이 실감 나게 나와 있어요. 우측 상단 시계는 9시 30분에서 9시 40분으로 흘러가고 있네요. 한국 현장에서 공구를 한 손으로 낚아채듯 받거나 주머니에 손을 넣고 받는 것은 아주 버릇없는 행동으로 평가받아요. 그리고 사용한 공구는 반드시 걸레로 기름때를 깨끗이 닦아서 원래 있던 공구함 트롤리 자리에 수납해야만 선배들과 관리자들에게 깊은 신뢰를 얻을 수 있답니다. 자, 다 함께 표준 발화를 따라 해 볼까요? """"빌려주셔서 감사합니다! 깨끗이 닦아서 제자리에 반납했습니다!"""""",공구 대여·반납 시 두 손 예절 및 직무 예절""",1Oh_m47emmxbcopfbnf23CY53Us4NqvBv
manager,5,5,공구·부품 요청 시 3대 핵심 원칙,"""소모성 자재 요청 시 3대 핵심 원칙 - 소모성 자재 및 공구 요청 3대 핵심 원칙 안내. 첫째, 정확한 규격(치수) 발화: 그냥 막연하게 """"스패너 주세요"""" 하시면 절대 안 됩니다. 볼트 크기에 맞춰서 """"10밀리 스패너 주십시오""""처럼 구체적인 치수를 명확히 말씀하셔야 해요. (예시: """"10밀리 스패너 주십시오!""""). 둘째, 소진 전 사전 요청 (1020%): 부품이 완전히 0개가 다 떨어져서 바닥이 날 때까지 기다리면 안 돼요. 자재 상자에 1020% 정도 남았을 때 미리 여유 있게 보고해야 생산 라인이 멈추는 것을 방지할 수 있답니다. (예시: """"M8 볼트가 다 떨어져 갑니다!""""). 셋째, 기름때 닦아 제자리 반납: 사용한 공구는 걸레로 깨끗이 닦아서 반납합니다. 깨끗이 청소하고 공구함 지정 자리에 넣어야 다음 동료가 곧바로 원활하게 쓸 수 있어요. (예시: """"깨끗이 닦아서 돌려드립니다!"""")"",소모성 자재 요청 시 3대 핵심 원칙""",1Oh_m47emmxbcopfbnf23CY53Us4NqvBv
manager,5,6,공구·부품 요청 필수 표준 표현,"""공구·부품 요청 필수 표준 표현 표 - 현장 필수 표준 표현 5가지 학습 및 발화 연습. 첫째, 자재가 부족할 때: """"자재가 다 떨어졌습니다""""라며 소진 사전 보고를 합니다. 작업이 완전히 중단되기 전에 미리 자재 부족을 관리자에게 알리는 표현이죠. 발화 예시: """"반장님, M8 볼트가 다 떨어졌습니다. 추가 자재 주십시오."""". 둘째, 도구를 빌릴 때: """"빌려주시겠습니까?""""라며 공손한 대여 요청을 합니다. 동료나 공구실에 필요한 도구를 정중하게 요청하는 표현이에요. 발화 예시: """"10밀리 스패너(렌치) 좀 빌려주시겠습니까?"""". 셋째, 다 쓴 공구를 돌려줄 때: """"깨끗이 쓰고 돌려드립니다""""라며 사용 후 반납할 때의 감사 인사를 전합니다. 발화 예시: """"빌려주셔서 감사합니다. 깨끗이 닦아서 돌려드립니다."""". 넷째, 규격 및 치수를 말할 때: """"규격 및 치수(mm)""""를 통해 정확한 스펙을 발화해요. 공구의 오지급을 막기 위해 10mm나 십자비트 등 규격을 명시하는 거랍니다. 발화 예시: """"12밀리 복스 렌치 1개 필요합니다."""". 다섯째, 공구를 정돈할 때: """"공구함 정돈""""을 통해 지정된 위치에 보관할 책임을 다합니다. 공구를 바닥에 방치하지 않고 원래 보관함에 넣는 태도예요. 발화 예시: """"사용한 공구는 공구함 A-3 구역에 정리 완료했습니다."""""",공구·부품 요청 필수 표준 표현 표""",1Oh_m47emmxbcopfbnf23CY53Us4NqvBv
manager,5,7,한국화 현장 공구 관리 문화 배경,"""한국 현장 공구 관리 문화 배경 및 가치 팁 - 공구 이름 스마트 질문법 및 안전재고·청결 반납의 가치 안내. 첫째, 공구 이름을 모를 때의 스마트한 질문법이랍니다. 혼자 짐작해서 엉뚱한 것을 가져오면 절대 안 돼요! 정확한 이름을 모를 때는 도면이나 사진을 손으로 가리키며 목적을 설명하셔야 합니다. 스마트한 질문 화법으로 """"반장님, 이 공구 이름이 무엇입니까? 10밀리 볼트 조이는 도구 필요합니다.""""라고 여쭤보세요. 이렇게 모르는 것을 솔직히 묻고 바른 이름을 익히는 근로자는 현장에서 기술 습득이 가장 빠른 우수 인재로 평가받는답니다! 둘째, 안전재고와 청결 반납의 가치예요. 마지막 1개 남을 때까지 기다리지 않기: 자재가 완전히 0개가 되어서 창고를 오가면 생산 라인이 최소 15분 이상 멈춰버려요. 미리미리 여유를 두고 요청하셔야 합니다. 기름때 닦아 돌려주기의 의미: 남의 물건을 깨끗이 손질해 돌려주어야 동료들이 다음에도 우리를 기쁜 마음으로 흔쾌히 도와주겠죠? 정밀 공구의 수명 연장: 쇳가루와 기름기를 말끔히 제거하고 보관해야 고가의 토크렌치 같은 정밀 공구에 오차가 생기지 않는답니다!"",한국 현장 공구 관리 문화 배경 및 가치 팁""",1Oh_m47emmxbcopfbnf23CY53Us4NqvBv
manager,5,8,공정 관리 규격 및 수량 호칭법,"""정확한 공정관리 규격 및 수량 호칭법 - 현장 부품 및 공구 호칭 3가지 정리. 첫째, 스패너/복스 소켓 (mm): 볼트 머리 크기에 맞춰 한자어 수사로 '밀리'를 붙여 읽습니다. 십 밀리(10mm), 십이 밀리(12mm), 십사 밀리(14mm)! (모범 발화: """"10밀리 스패너 1개 주십시오!""""). 둘째, 전동 드라이버 비트 규격: 비트 끝 모양과 굵기 번호를 함께 아주 명확히 호칭해요. 십자 2번(PH2), 일자 6번(SL6), 육각 4밀리(H4)! (모범 발화: """"십자 2번 비트 1개 교체해 주세요!""""). 셋째, 소모성 자재 수량 단위: 볼트나 너트 낱개는 '개(EA)', 포장은 '박스', '세트'로 표현합니다. 오십 개(50EA), 백 개(100EA), 비트 한 세트! (모범 발화: """"M8 볼트 50개 추가 불출 바랍니다!"""")"",정확한 공정관리 규격 및 수량 호칭법",1Oh_m47emmxbcopfbnf23CY53Us4NqvBv
manager,5,9,공구함 트롤리 및 지정 위치 관리,"""공구함 트롤리 및 지정 위치 관리 - 철제 공구함 시스템 및 5S 공구 정돈 원칙 안내. 여기서 아주 중요한 경고가 있어요! 공구를 바닥에 두면 넘어짐과 파손으로 이어진답니다. 공구를 작업대 바닥에 함부로 내려놓으면 사람이 지나가다 밟고 미끄러지거나, 운반 대차에 치여서 고가의 정밀 공구가 와장창 파손돼요. 그래서 모든 공구는 사용 후에 이동식 공구함 트롤리 상단 꽂이나 지정된 서랍 구역에 착착 정리하는 것이 현장 5S의 핵심이랍니다. 현장에서 """"공구함 A-3 구역에 렌치와 비트 정돈 완료했습니다""""라고 당당하게 보고할 수 있어야 해요!"",공구함 트롤리 및 지정 위치 관리""",1Oh_m47emmxbcopfbnf23CY53Us4NqvBv
manager,5,10,2인조 현장 실전 롤플레잉 모범 회화,"""2인 1조 현장 실전 롤플레잉 모범 회화 완료 - 외국인 근로자 '틴'과 한국인 '작업반장'의 실전 대화 최종 정리. [외국인 근로자 (틴)]: (자재 상자를 확인한 뒤 반장님께 다가가 정중하게 요청하며) """"반장님, 작업 중에 M8 육각 볼트가 거의 다 떨어졌습니다. 추가 자재 더 주십시오."""" [작업반장 (한국인)]: """"어, 벌써 다 썼어? 자재 창고 B구역 2번 선반에 볼트 상자 있으니까 50개 가져와."""" [외국인 근로자 (틴)]: """"네, B구역 2번 선반에서 50개 가져오겠습니다. 그리고 전동 드라이버 십자비트가 마모되었는데 교체해 주시겠습니까?"""" [작업반장 (한국인)]: """"여기 새 비트 줄 테니까 두 손으로 받아가. 다 쓰고 공구함에 꼭 넣어둬."""" [외국인 근로자 (틴)]: (두 손으로 공손히 받으며 밝은 목소리로 감사 인사를 드리며) """"챙겨주셔서 감사합니다! 깨끗이 사용하고 작업 끝나면 제자리에 반납하겠습니다!"""" 자재가 떨어지기 전 미리 보고하고, 규격을 정확히 말하고, 새 도구를 두 손으로 공손히 받는 이 멋진 소통 방법, 여러분도 현장에서 완벽하게 해내실 수 있겠죠?"",2인 1조 현장 실전 롤플레잉 모범 회화 완료""",1Oh_m47emmxbcopfbnf23CY53Us4NqvBv
manager,5,11,공구 대여 및 자재 불출 요청서,"""공구대여 및 자재 불출 요청서 표 - 현장 공식 서식 기록 내용 살펴보기. 첫째 행 (2026.09.15): 10mm 전동 복스 렌치 / 1 EA / 라인 조립 볼트 체결용 대여 / [√] 반납완료. 둘째 행 (2026.09.15): M8 스테인리스 육각볼트 / 50 EA / 자재 소진에 따른 추가 불출 / [√] 불출완료. 셋째 행 (2026.09.15): 전동 십자비트 (신품) / 1 EA / 기존 비트 마모 교체 / [√] 폐기확인. 넷째 행 (2026.09.15): 정밀 토크렌치 (10~50Nm) / 1 EA / 부품 조립 토크 정밀 검사 / [√] 반납완료. 이렇게 요청 일자, 품명 및 규격 치수, 수량, 사용 공정, 그리고 반납 확인 체크까지 아주 투명하고 깔끔하게 문서로 관리된다는 거, 꼭 알아두세요!"",공구대여 및 자재 불출 요청서 표""",1Oh_m47emmxbcopfbnf23CY53Us4NqvBv
manager,5,12,제5장 확인 퀴즈 및 평가 기준,"""[제5장] 확인 퀴즈 및 평가 기준 - 단원 마무리 퀴즈 및 평가 안내. Q1. 조립 자재(볼트/너트)가 부족할 때 가장 올바른 조치 방법은 무엇일까요? 👉 정답: 완전히 다 떨어질 때까지 기다리지 않고, 상자에 10~20% 정도 남았을 때 미리 관리자에게 요청하는 것이랍니다! Q2. 반장님께 공구를 건네받을 때 한국 직장에서의 바른 예절은 무엇인가요? 👉 정답: 주머니에서 손을 빼고 두 손으로 공손히 받으며 """"감사합니다!""""라고 인사하는 것이에요! Q3. 빌린 전동드릴이나 렌치를 다 쓴 후의 올바른 행동은 무엇일까요? 👉 정답: 걸레로 기름때를 깨끗이 닦아서 원래 있던 공구함 지정 자리에 반납하는 것이랍니다! 마지막으로 우리 실기 평가 기준을 안내해 드릴게요! 총점 100점 만점에 80점 이상을 받으셔야 합격이랍니다! 평가 항목은 공구 명칭/규격 발화(30점) + 자재 소진 사전 보고(30점) + 두 손 수령 예절(20점) + 공구 반납 및 정돈(20점)으로 아주 체계적으로 이루어져 있어요. 오늘 저와 함께 제5장 공구와 부품 요청 내용을 아주 열심히 공부하셨으니 실기시험 만점 받는 건 문제없겠죠? 여러분, 제5장 수고 많으셨습니다! 다음 시간에 또 만나요!"",확인 퀴즈 및 평가 기준""",1Oh_m47emmxbcopfbnf23CY53Us4NqvBv
manager,6,1,제6장 기계 멈춤·불량 발생 즉시 보고하기,"""[제6장] 기계 멈춤·불량 발생 즉시 보고하기 과정 - 설비 이상 소음 감지 시 비상정지 조치, 부적합품 격리 및 관리자 긴급 직보 실무. 교육 시간: 총 2시간 (이론 및 실습 진행), 교육 대상: 외국인 근로자 및 직무연수생, 중점 역량: 비상정지 전원 차단과 품질 결함 격리. 여러분 반갑습니다! 이번 시간에는 우리와 함께 제6장 기계 멈춤·불량 발생 즉시 보고하기 과정을 배워볼 거예요. 설비 이상 소음 감지 시 비상정지(E-STOP) 조치를 취하고, 부적합품을 격리하며 관리자에게 긴급 직보하는 실무를 아주 자세히 다뤄볼 거랍니다. 교육 시간을 보니 총 2시간 동안 이론과 실습으로 진행되네요. 이번 장의 대상은 우리 외국인 근로자 및 직무연수생 여러분이고요, 가장 중요한 중점 역량은 바로 비상정지 전원 차단과 품질 결함 격리랍니다. 자, 그럼 시작해 볼까요?"",기계 멈춤·불량 발생 즉시 보고하기 과정 오프닝""",1qBqBZETsx_cDnYHQdPawV421FVwnNS8n
manager,6,2,제6장 학습 목표 및 직무 안전 가치,"""학습 목표 및 직무 안전 가치 단원 개요 - 지식 목표 및 수행 목표 살펴보기. 지식 목표(Knowledge): 첫째, 이상 징후 발생 시 전원을 즉시 차단하는 비상 버튼의 기능과 위치를 이해하는 비상정지(E-STOP) 원리를 숙지하셔야 해요. 둘째, 멈춘 설비에 혼자 손을 넣거나 공구를 집어넣는 행위의 감전 및 절단 위험을 파악하는 임의 조작의 치명적 위험을 알아야 합니다. 셋째, 흠집이나 치수 오차 등 부적합품을 붉은색 상자에 격리하는 품질 불량 격리 규정을 파악하셔야 해요. 수행 목표(Performance): 첫째, 이상 소음이나 냄새 감지 시 당황하지 않고 비상정지 스위치를 즉시 누르는 신속한 비상정지 작동을 연습할 거고요. 둘째, 발생한 불량 가공품을 즉시 붉은색 상자에 넣고 수량을 명확히 파악하는 불량품 즉각 분리 표기를 연습합니다. 셋째, """"기계에서 이상한 소리가 나 즉시 껐습니다!""""라고 관리자에게 명확히 구두 보고하는 자신감 있는 사실 직보를 수행하게 될 거예요. 화면에 보이는 체크 표시들처럼 이 목표들을 향해 함께 달려봅시다!"",제6장 학습 목표 및 직무 안전 가치 단원 개요""",1qBqBZETsx_cDnYHQdPawV421FVwnNS8n
manager,6,3,비상정지 버튼(E-STOP) 작동 및 초기 조치,"""정지 버튼(E-STOP) 작동 및 초기 조치 - 대형 CNC 밀링 가공기 E-STOP 버튼 작동 및 초기 조치 3원칙 안내. 대형 CNC 밀링 가공기 옆에서 한국인 반장님이 손바닥으로 커다란 붉은색 버섯형 E-STOP 버튼을 아주 강하게 쾅 누르고 있어요. 반장님 머리 위 말풍선에는 """"이상 소음 감지! 즉시 정지!""""라고 적혀 있고, 버튼 주변에는 붉은색 경고 파동과 함께 '경고: 절대 손 집어넣지 말 것'이라는 손바닥 경고 표지판이 아주 선명하게 붙어 있답니다. 우리가 현장에서 지켜야 할 초기 조치 3원칙이에요! 첫째, 붉은색 버섯형 E-STOP 버튼 강하게 누르기: 평소 작업 위치 근처의 비상정지 버튼 위치를 꼭 숙지하고 있어야 해요. 이상 소음이 감지되면 손바닥으로 망설임 없이 강하게 눌러야 합니다. 둘째, 설비 내부에 손이나 공구 집어넣기 금지: 혼자 고쳐보겠다고 섣부르게 손을 넣으면 일시 멈춤 센서가 갑자기 재가동되면서 손가락 협착이나 절단 같은 끔찍한 사고가 일어납니다. 절대 손을 넣으면 안 돼요! 셋째, 위로 물러나 큰 목소리로 관리자 즉시 호출: 전원을 끈 후에는 안전거리로 물러나서 """"반장님! 기계 멈췄습니다!""""를 큰 소리로 외쳐서 주변에 상황을 즉시 알리셔야 합니다."",정지 버튼(E-STOP) 작동 및 초기 조치""",1qBqBZETsx_cDnYHQdPawV421FVwnNS8n
manager,6,4,부적합품(불량품) 격리 및 라벨 부착,"""부적합품(불량품) 격리 및 라벨 부착 - 불량품 격리, 붉은색 전용 박스 사용 및 은폐 금지 원칙 안내. 가운데 QC 품질관리 판넬을 기준으로 왼쪽에는 초록색 원형 안에 '양품 적합품'이라 적혀 있고, 한국인 반장님이 '파란 상자 OK'에 정상 부품들을 담고 있어요. 오른쪽에는 붉은색 톱니바퀴 모양의 '부적합품 NO' 마크와 함께, 우리 외국인 근로자 알리 씨가 '빨간 전용 박스(NO 및 격리 라벨)'에 불량 부품을 조심스럽게 따로 담고 있답니다. 가공 중에 흠집(기스)이나 찍힘이 발생한 부품을 혼날까 봐 정상 제품 상자에 몰래 섞어 넣으면, 나중에 완성차 조립 후 대형 참사로 이어질 수 있어요! 불량이 난 부품은 즉시 라인에서 꺼내어 붉은색 '부적합품' 전용 상자에 격리하고 수량을 정확히 파악해야 합니다. 여기서 ▲핵심 원칙을 절대 잊으시면 안 돼요! 불량을 낸 것보다, 불량을 숨겨서 외부로 유출시키는 것을 한국 공장에서는 가장 엄격하게 처벌한답니다!"",부적합품(불량품) 격리 및 라벨 부착""",1qBqBZETsx_cDnYHQdPawV421FVwnNS8n
manager,6,5,기계 멈춤·불량 발생 3대 대응 원칙,"""기계 멈춤·불량 발생 3대 대응 원칙 - 설비 이상 대응 3대 원칙 및 글로벌한국직무언어소통관리사 제6장 안내. 1. 즉시 비상정지 전원 Off: 이상한 타는 냄새나 덜컹거림 소리가 감지되면 즉시 비상 스위치를 누릅니다. 설비 내부는 절대 만지지 않고 메인 전원 차단을 최우선으로 해요. (발화: """"비상정지 버튼 즉시 작동!""""). 2. 불량품 붉은 상자 격리: 찍히거나 긁힌 가공품은 즉시 라인에서 꺼냅니다. 붉은색 부적합품 전용 박스에 보관하여 정상품과의 혼입을 원천 차단해요. (발화: """"불량품 5개 빨간 상자 격리!""""). 3. 관리자에게 팩트 즉보: 당황하지 않고 반장님을 큰 소리로 호출합니다. 발생 시각, 소음 현상, 전원 차단 여부를 사실대로 보고해요. (발화: """"반장님! 설비 이상 멈춤 직보!""""). 글로벌한국직무언어소통관리사 | 제6장 기계 멈춤·불량 발생 즉시 보고하기"",기계 멈춤·불량 발생 3대 대응 원칙",1qBqBZETsx_cDnYHQdPawV421FVwnNS8n
manager,6,6,설비 이상 및 불량 발생 시 필수 표준 표현,"""설비 이상 및 불량 발생 시 필수 표준 표현 표 - 현장에서 사용하는 설비 이상 및 불량 발생 필수 표준 표현 5가지 학습. 첫째, 이상 소음을 느꼈을 때: """"이상한 소리가 납니다""""라며 이음과 진동을 감지했음을 알립니다. 예시: """"반장님! 기계에서 이상한 소리가 나고 갑자기 멈췄습니다!"""". 둘째, 전원을 껐을 때: """"비상정지 눌렀습니다""""라며 전원 차단 보고를 해요. 임의 조작 없이 비상정지 버튼과 전원을 내렸음을 관리자에게 알리는 거랍니다. 예시: """"제가 혼자 만지지 않고 비상정지 버튼 바로 껐습니다!"""". 셋째, 품질 결함이 생겼을 때: """"흠집(기스)이 났습니다""""라며 품질 결함 보고를 합니다. 제품 표면에 긁힘, 찍힘, 치수 오차 불량이 발생했음을 알리는 거예요. 예시: """"제품 표면에 흠집(기스)이 났습니다. 확인해 주십시오!"""". 넷째, 불량을 치울 때: """"부적합품 격리""""를 통해 불량품을 분리 보관합니다. 불량품이 양품 상자에 섞이지 않도록 붉은 라벨로 분리 보관하는 태도예요. 예시: """"불량 가공품 5개는 빨간 상자에 따로 격리해 두었습니다."""". 다섯째, 전문가를 부를 때: """"정비팀 긴급 호출""""을 통해 전문가 수리를 요청합니다. 작업자가 억지로 고치지 않고 보전 전문가에게 수리를 요청하는 거죠. 예시: """"기계 내부는 손대지 않고 정비팀 호출 요청드렸습니다."""""",설비 이상 및 불량 발생 시 필수 표준 표현 표""",1qBqBZETsx_cDnYHQdPawV421FVwnNS8n
manager,6,7,심화 학습,"""멈춘 기계 임의 조작 및 불량 은폐 금지 경고,설비 임의 조작 위험성 및 불량 은폐 금지 교육,""먼저, 멈춘 설비에 손을 넣었을 때의 참사예요! 일시적 센서 오류의 함정: 부품이 끼이거나 과부하가 걸려 잠시 멈춘 설비는 사실 전원이 아직 살아있는 상태랍니다. 급작스러운 모터 재가동: 부품을 손으로 빼내려고 툭툭 건드리는 순간 센서가 재인식되면서 프레스가 급하강해 손가락이 절단되는 끔찍한 사고가 발생해요. 안전 철칙: 비상정지를 누르고 메인 전원을 완전히 차단하기 전까지는 기계 틈새에 신체를 절대 집어넣으시면 안 됩니다!"",""다음으로, 불량품을 절대 숨기면 안 되는 이유예요! 대형 리콜과 회사 신용 실추: 불량 부품 1개가 자동차나 선박에 조립되면 주행 중 브레이크 결함 같은 엄청난 대형 참사로 이어진답니다. 가장 엄격한 징계 사유: 한국 공장에서는 불량을 낸 것보다, 불량을 숨겨서 고객사로 유출시키는 행위를 수백 배 더 무섭게 엄벌해요. 정직한 보고의 보상: 불량을 발견하고 즉시 격리 보고한 근로자는 오히려 품질 의식이 아주 뛰어난 훌륭한 인재로 칭찬받답니다!""",1qBqBZETsx_cDnYHQdPawV421FVwnNS8n
manager,6,8,행동 절차,"""비상 상황 발생 시 지켜야 할 3단계 골든타임 행동 프로토콜,비상 상황 발생 시 1초가 급박한 상황에서 취해야 할 3단계 행동 프로토콜 안내,""[1단계] Stop (즉시 정지): 타는 냄새나 쇠 긁히는 소리가 감지되면 즉시 비상 스위치를 누릅니다. 임의 조작 없이 1초 이내에 모터 전원을 차단해요. (키워드: """"E-STOP 누름 / 기계 정지"""")"",""[2단계] Step Back (거리 확보): 기계 프레임과 회전체에서 1미터 이상 안전하게 물러섭니다. 내부에 걸린 부품을 빼내려고 손이나 드라이버를 절대 넣지 않아요. (키워드: """"안전 통로 대기/손 투입 금지"""")"",""[3단계] Report (관리자 직보): 작업반장을 부르고 발생 라인, 소음 현상, 불량 수량을 보고합니다. 불량품은 빨간 상자에 격리하고 정비팀을 차분히 기다려요. (키워드: """"반장 호출 / 긴급 직보 완료"""")""",1qBqBZETsx_cDnYHQdPawV421FVwnNS8n
manager,6,9,정비팀 호출 및 설비 안전 복구,"""보전 협력 호출 및 설비 안전 복구,정밀 설비 점검 및 보전 협력 호출, 푸른색 파이프와 밸브 시설이 복잡하게 얽혀 있는 현장에서 안전모와 형광 조끼를 착용한 근로자 분이 정밀 게이지와 밸브를 아주 조심스럽게 점검하면서 태블릿으로 기록을 확인하고 있는 모습이 담겨 있답니다.,여기서 아주 중요한 포인트가 있어요! 전문 정비팀이 올 때까지 안전선을 유지하셔야 합니다. 작업자가 화가 난다고 무리하게 공구로 기계를 때리거나 뜯어고치려고 하면, 수천만 원짜리 정밀 센서가 파손되어서 어마어마한 수리비가 발생하거든요.,정비 전문가가 도착하면 언제 어떤 소리가 나며 멈췄는지를 있는 그대로 사실대로 진술해야 정확하고 빠른 정비가 이루어질 수 있답니다.,현장 보고 예시처럼 말해 보세요! """"정비반장님, 11시 10분경 가공 스핀들에서 쇠 갈리는 소리가 나 전원을 껐습니다!""""",1qBqBZETsx_cDnYHQdPawV421FVwnNS8n
manager,6,10,회화 실습,"""2인 1조 현장 실전 롤플레잉 모범 회화,한국인 작업반장님과 외국인 근로자 '바트'의 긴급 상황 실전 대화,""[외국인 근로자 (바트)]: (다급하게 손을 흔들며 큰 소리로 반장님을 호출하며) """"반장님! 긴급 상황입니다! 3번 프레스 기계에서 '끼익' 소리가 나더니 멈췄습니다!"""""",""[작업반장 (한국인)]: """"뭐라고?! 전원 스위치는 내렸어? 안에 손 넣은 건 아니지?!"""""",""[외국인 근로자 (바트)]: """"네! 비상정지 버튼 누르고 메인 전원 스위치 바로 껐습니다. 기계 내부는 절대 손대지 않았습니다!"""""",""[작업반장 (한국인)]: """"휴, 다행이다! 절대로 손대지 말고 뒤로 물러서 있어. 정비반장 바로 부를 테니까."""""",""[외국인 근로자 (바트)]: """"네, 그리고 직전에 찍혀 나온 가공품 5개에 표면 흠집 불량이 있어서 붉은 상자에 격리해 두었습니다!"""""",""기계가 멈추자마자 즉시 전원을 끄고, 손을 넣지 않았다고 보고하고, 불량품까지 빨간 상자에 척척 격리하는 이 완벽한 대처, 여러분도 긴급 상황에서 이렇게 하실 수 있죠?""",1qBqBZETsx_cDnYHQdPawV421FVwnNS8n
manager,6,11,서식 실습,"""설비 이상 및 품질 불량 긴급 보고서 표 - 현장 공식 문서 기록 내용 살펴보기. 발생 일시 및 라인: 2026.09.15 10:35 AM / 제2가공라인 3호 프레스 기계. 이상 현상 및 불량 내용: 가공 중 이음('끼익') 발생 후 정지 / 표면 흠집(찍힘) 불량 5 EA 발생. 작업자 1차 조치 내역: 비상정지(E-STOP) 누름 완료 / 메인 전원 스위치 차단 완료. 확인 결과: 금형 내부 슬러지 끼임 / 불량품 빨간 상자 격리 보관 완료 / [√] 정비팀 호출 완료. 품질 판정: 불량 5 EA 전수 격리 / 정상 양품(파란 상자) 혼입 없음 / 반장 확인 서명: 김철수. 작업자 안전: 근로자: 바트 / 신체 손 투입 금지 수칙 준수 / [√] 인명 피해 없음. 이렇게 발생 일시부터 조치 내역과 안전 준수 여부까지 아주 투명하고 완벽하게 기록된다는 거, 잊지 마세요!"",설비 이상 및 품질 불량 긴급 보고서 표""",1qBqBZETsx_cDnYHQdPawV421FVwnNS8n
manager,6,12,제6장 확인 퀴즈 및 실기 평가 기준,"""확인 퀴즈 및 실기 평가 기준 - 단원 마무리 퀴즈 및 실기 평가 안내. Q1. 작업 중 기계가 덜컹거리며 멈췄을 때 가장 먼저 해야 할 행동은 무엇일까요? 👉 정답: 절대 기계 틈새로 손을 넣지 말고, 붉은색 비상정지 스위치를 즉시 누르고 전원을 차단하는 것이랍니다! Q2. 흠집(기스)이 난 불량 제품을 발견했을 때 가장 올바른 처리 방법은 무엇인가요? 👉 정답: 정상 상자에 절대 숨기지 않고, 즉시 '부적합품' 붉은색 전용 상자에 격리하여 보관하는 것이에요! Q3. 반장님께 기계 고장을 보고할 때 가장 바람직한 태도는 무엇일까요? 👉 정답: 발생 시각, 이상 소음, 비상정지 작동 사실을 솔직하고 명확하게 직보하는 것이랍니다! 마지막으로 우리 실기 평가 기준을 안내해 드릴게요! 총점 100점 만점에 80점 이상을 받으셔야 합격이랍니다! 평가 항목은 비상정지 조치 신속도(30점) + 긴급 상황 직보력(30점) + 불량품 격리 조치(20점) + 안전의식(20점)으로 아주 철저하게 이루어져 있어요. 오늘 저와 함께 제6장 기계 멈춤과 불량 보고 내용을 아주 열심히 공부하셨으니 실기시험 만점 받는 건 문제없겠죠? 여러분, 제6장 수고 많으셨습니다! 다음 시간에 또 만나요!"",확인 퀴즈 및 실기 평가 기준""",1qBqBZETsx_cDnYHQdPawV421FVwnNS8n
manager,7,1,제7장 작업 완료 보고와 교대 인수인계,"""작업 완료 보고와 교대 인수인계 과정 - 목표 달성량 및 불량 수량 일보 기록, 설비 특이사항 메모 및 교대 인수인계 실무. 교육 시간: 총 2시간 (이론 및 실습 진행), 교육 대상: 외국인 근로자 및 직무연수생, 중점 역량: 정확한 수량 보고와 설비 특이사항 인계. 반갑습니다! 이번 시간에는 우리와 함께 제7장 작업 완료 보고와 교대 인수인계 과정을 배워볼 거예요. 목표 달성량과 불량 수량을 일보에 기록하고, 설비 특이사항을 메모하며 주야간 교대 인수인계를 진행하는 실무를 아주 꼼꼼하게 다뤄볼 거랍니다. 교육 시간을 보니 총 2시간 동안 이론과 실습으로 진행되네요. 이번 장의 대상은 우리 외국인 근로자 및 직무연수생 여러분이고요, 가장 중요한 중점 역량은 바로 정확한 수량 보고와 설비 특이사항 인계랍니다. 자, 그럼 시작해 볼까요?"",작업 완료 보고와 교대 인수인계 과정 오프닝""",1yvC0kI4d0dAbLi_O_xF4OyCMZZIRWEsw
manager,7,2,제7장 학습 목표 및 핵심 직무 가치,"""학습 목표 및 핵심 직무 가치 단원 개요 - 지식 목표 및 수행 목표 살펴보기. 지식 목표(Knowledge): 첫째, 투입 공수, 목표 수량, 정상품과 불량품 수량의 공식 기록 규칙을 이해하는 일일 작업일보 표준 서식을 숙지하셔야 해요. 둘째, 수량 정산, 기계 설비 상태(센서/모터), 잔여 자재 위치 관리 체계를 파악하는 교대 인수인계 3대 핵심 항목을 이해합니다. 셋째, 구두 전달에 그치지 않고 서면 메모로 남겨 교대자 간의 사고를 방지하는 책임 소통과 24시간 안전 원리를 파악하셔야 해요. 수행 목표(Performance): 첫째, """"오늘 목표 100개 중 100개 완료, 불량 2개 발생""""처럼 구체적 숫자로 보고하는 정확한 아라비아 숫자 보고를 연습할 거고요. 둘째, """"2번 컨베이어 벨트 장력이 느슨합니다""""처럼 다음 조에 명확히 전달하는 설비 미세 이상 구두·서면 인계를 연습합니다. 셋째, 다음 근무자가 즉시 작업할 수 있도록 자재와 공구를 정돈하고 서명하는 5S 청소 및 공구 정돈 확약을 수행하게 될 거예요. 화면에 보이는 체크 표시들처럼 이 목표들을 향해 함께 달려봅시다!"",제7장 학습 목표 및 핵심 직무 가치 단원 개요""",1yvC0kI4d0dAbLi_O_xF4OyCMZZIRWEsw
manager,7,3,일일 작업일보 수량 기록과 교대 인수인계,"""일일 작업일보 수량 기록과 교대 인수인계 - 주간조 작업 완료 보고 및 야간조 인수인계 3대 핵심 원칙 안내. 주간조 근무를 마친 외국인 근로자 두 명이 작업일보 서류를 펼쳐 보이며 야간조 반장님께 인수를 하고 있어요. 주간조 근로자 머리 위 말풍선에는 """"주간 목표 달성 100개, 불량 2개입니다. 특이사항 없습니다.""""라고 적혀 있죠? 그 아래에는 '인계 인수'를 뜻하는 악수 도장과 트로피 아이콘이 함께 있어요. 오른쪽에서는 야간조 반장님이 기계 조작반(STATUS OK) 앞에서 """"수량 확인했습니다. 기계 센서 이상 없고, 야간 작업 시작하겠습니다!""""라며 든든하게 인사를 나누고 있답니다. 여기서 우리가 지켜야 할 세 가지 핵심이에요! 정확한 수량 일보 기록 (주간조 실적): """"많이 했습니다"""" 같은 모호한 표현 대신 """"목표 100개, 불량 2개""""처럼 정확한 수치를 작업일보에 명확히 기록합니다. 기계 설비 상태 실시간 현장 점검: 주간 근무 중 발견된 센서 온도, 모터 소음 등 설비의 가동 상태(Status OK)를 교대자와 눈으로 직접 함께 확인해요. 야간조 근무 착수와 상호 확인: """"수량 확인했습니다. 기계 이상 없고 야간 작업 시작하겠습니다!""""처럼 교대자 간의 명확한 확약 인사를 나눕니다."",일일 작업일보 수량 기록과 교대 인수인계""",1yvC0kI4d0dAbLi_O_xF4OyCMZZIRWEsw
manager,7,4,작업 종료 후 5S 청소 및 자재 정돈,"""작업 종료 후 5S 청소 및 자재 정돈,작업 종료 후 5S 청소, 자재 및 공구 정돈 원칙 안내,작업대 위에 렌치나 드라이버가 널브러져 있고 바닥에 쇳가루가 쌓여 있으면 다음 조와 감정 싸움이 발생하기 십상이에요.,우리가 마쳐야 할 정돈 작업은 다음과 같습니다!,작업대 및 공구함: 사용한 공구는 공구함 트롤리에 원위치하고 정돈 완료 상태를 만듭니다. (좌측 하단에는 '1페이지 비주얼 SOP' 안내판도 보이네요.),잔여 볼트 정리 정돈: 남은 볼트들은 대차 우측에 깔끔하게 정돈해 둡니다.,쓰레기 분리수거 및 바닥: 쓰레기 분리수거를 철저히 하고 소등 스위치(OFF) 점검을 마친 뒤 인계해요. 우측에는 '5S 청소 및 정돈 완료'라는 붉은색 인증 마크가 쾅 찍혀 있답니다.,자, 인수인계 시 할 수 있는 표준 발화를 큰 소리로 따라 해 볼까요? """"남은 자재와 공구는 작업대 우측에 깨끗이 정리해 두었습니다!""""""",1yvC0kI4d0dAbLi_O_xF4OyCMZZIRWEsw
manager,7,5,작업완료 및 인수인계 3대 핵심 원칙,"""작업완료 및 인수인계 3대 핵심 원칙 - 작업완료 및 교대 인수인계를 위한 3대 핵심 원칙 안내. 1. 정확한 수치 기록 (숫자화): """"많이 했습니다""""는 절대 금물입니다. 작업일보에 목표량, 달성량, 불량량을 아라비아 숫자로 명확하게 기록합니다. (예시: """"목표 100개 중 100개 완료!""""). 2. 설비 이상 메모 인계 (공유화): 작은 결함도 절대 숨기지 않고 알립니다. 벨트 헐거움, 온도 상승 등 미세한 이상을 구두와 서면으로 반드시 전달해요. (예시: """"센서 점검 필요 메모 완료!""""). 3. 5S 청결과 자재 정돈 (표준화): 다음 근무자를 배려하는 현장 정돈이에요. 공구를 제자리에 수납하고 바닥 청소와 소등을 확인한 뒤 인수인계 서명을 마칩니다. (예시: """"공구 수납 및 5S 정돈 완료!"""")"",작업완료 및 인수인계 3대 핵심 원칙""",1yvC0kI4d0dAbLi_O_xF4OyCMZZIRWEsw
manager,7,6,작업완료 및 교대 단계 필수 표준 표현,"""작업완료 및 교대 단계 필수 표준 표현 표 - 현장에서 사용하는 작업 완료 및 교대 단계 표준 표현 5가지 학습. 첫째, 생산 달성을 보고할 때: """"목표 수량 100개 완료했습니다.""""라며 당일 배정된 목표 생산량을 차질 없이 완수했음을 공식 보고합니다. 예시: """"반장님, 오늘 목표량 100개 조립 모두 완료했습니다."""". 둘째, 기계 상태를 인계할 때: """"센서가 조금 불안정합니다""""라며 작업 중 발견된 미세한 이상 징후를 교대자에게 인계해요. 예시: """"야간조 반장님, 3번 라인 온도 센서가 약간 불안정합니다."""". 셋째, 현장 정리를 확인시킬 때: """"남은 자재 정리해 두었습니다""""라며 공구함 정돈과 잔여 부품 수량을 다음 조를 위해 세팅 완료했음을 알립니다. 예시: """"남은 볼트 20개는 대차 우측에 정리해 두었습니다."""". 넷째, 작업일보 서명을 부탁할 때: """"작업일보 서명 부탁드립니다""""라며 일일 작업량과 불량 건수를 기록하고 관리자 확인 서명을 요청해요. 예시: """"작업일보 작성 끝났으니 확인 서명 부탁드립니다."""". 다섯째, 상호 존중 인사를 나눌 때: """"야간조 수고하십시오!""""라며 인계자와 인수자가 함께 라인을 둘러보고 교대 격려를 건넨답니다. 예시: """"인수인계 이상 없습니다. 야간 근무 수고하십시오!"""""",작업완료 및 교대 단계 필수 표준 표현 표""",1yvC0kI4d0dAbLi_O_xF4OyCMZZIRWEsw
manager,7,7,숫자의 정확성과 교대 근무자 상호 존중,"""숫자의 정확성과 교대 근무자 상호 존중의 중요성,숫자의 정확성이 필요한 이유 및 교대 근무자 간의 상호 존중과 에티켓 안내,""왜 숫자를 정확하게 적어야 할까요? 재고 오차 및 납품 사고 방지: """"오늘 많이 했습니다""""라는 말은 공장에 치명적이에요. 단 1개 차이로 납품 트럭이 멈춰 서거나 조립 라인이 결품 사태를 맞이하게 된답니다. 불량 원인 추적(Traceability): 주간조와 야간조 중 어느 시간대에 불량이 몇 개 났는지 낱낱이 기록되어야 금형 이상을 조기에 발견할 수 있어요. 투명한 성과 인정: 작업일보에 자신의 작업량을 정직하게 기록하는 근로자는 회사에서 가장 신뢰받는 인재로 인정받는답니다."",""또한, 교대 근무자 간의 따뜻한 에티켓도 정말 중요해요! 밤낮이 바뀌는 야간조는 피로도가 아주 크답니다. 주간조가 작업장을 깨끗이 정돈해 둘 때 야간조 동료들은 엄청난 큰 힘을 얻어요. 낮에 약간 덜컹거렸던 기계 상태를 말해주지 않으면 야간조 작업자가 일하다가 기계가 크게 파손될 수 있으니 작은 결함 메모 남기기를 꼭 실천해 주세요. 그리고 """"수고하셨습니다""""라는 따뜻한 한마디를 나눌 때 24시간 안전사고가 완벽하게 예방된답니다!""",1yvC0kI4d0dAbLi_O_xF4OyCMZZIRWEsw
manager,7,8,주야간 교대 인수인계 3대 필수 점검 항목,"""주야간 교대 인수인계 3대 필수 점검 항목 - 교대 근무 시 반드시 확인해야 할 3대 필수 점검 항목 안내. 1. 생산 수량 점검: 오늘 주간에 완성된 제품 수량과 불량품 수량을 실제 작업일보와 실물로 꼼꼼히 대조합니다. 그리고 야간조가 가공할 잔여 원자재가 충분히 입고되었는지 확인해요. (기록 예시: """"완제품 100 EA / 잔여 원자재 150 EA""""). 2. 기계 센서 점검: 주간 가공 중 발생한 미세 이음, 온도 상승, 센서 작동 상태를 가감 없이 공유합니다. 내일 오전 정비팀 호출이 필요한 항목은 일보에 꼭 기록해 두어요. (기록 예시: """"온도 센서 및 벨트 장력 상태 확인""""). 3. 공구 및 5S 정돈: 작업대 위 수공구를 공구함 꽃이에 원위치하고 바닥 통로를 깨끗이 청소합니다. 쓰레기 분리수거와 소등 스위치(OFF)를 최종적으로 확인해요. (기록 예시: """"작업대 5S 완료 및 소등 확인"""")"",주야간 교대 인수인계 3대 필수 점검 항목""",1yvC0kI4d0dAbLi_O_xF4OyCMZZIRWEsw
manager,7,9,교대자 간의 신뢰와 24시간 무재해 팀워크,"""교대자 간의 신뢰와 24시간 무재해 팀워크 - 주야간 교대자 간의 신뢰 구축 및 24시간 무재해 팀워크 중요성 안내. 넓고 깨끗한 공장 설비 앞서서 외국인 근로자와 한국인 관리자, 그리고 안전관리자 분들이 태블릿을 들고 서로 신뢰 가득한 눈빛으로 의견을 나누며 소통하고 있는 모습이 아주 듬직하게 담겨 있답니다. 우측 하단에는 현장 평가로 """"바트 씨는 인수인계 메모와 공구 정돈이 완벽해서 야간조가 가장 좋아하는 최고의 에이스야!""""라는 찬사가 적혀 있어요. 인수인계가 완벽할 때 공장은 비로소 안전해진답니다! 한국의 24시간 가동 제조업체에서는 교대 근무자 간의 소통이 단절될 때 가장 많은 불량과 중대재해가 발생해요. 주간 근무자가 성실하게 작업일보를 적고, 야간 근무자가 이를 꼼꼼히 확인하며 든든하게 손을 맞잡을 때 회사의 신용과 우리의 안전이 완벽하게 지켜진다는 거, 꼭 기억해 주세요!"",교대자 간의 신뢰와 24시간 무재해 팀워크""",1yvC0kI4d0dAbLi_O_xF4OyCMZZIRWEsw
manager,7,10,2인조 현장 실전 롤플레잉 모범 회화,"""2인 1조 현장 실전 롤플레잉 모범 회화 - 주간조 외국인 근로자 '바트', 한국인 작업반장, 그리고 야간조 반장의 실전 대화. [외국인 근로자 (바트)]: (작업일보를 들고 반장님께 다가가 정중하게 보고하며) """"반장님, 주간조 조립 작업 완료 보고드립니다. 오늘 목표 100개 중 100개 모두 조립 완료했습니다."""" [작업반장 (한국인)]: """"수고했어! 불량 난 건 없었어?"""" [외국인 근로자 (바트)]: """"치수 오차 불량 2개 나와서 불량 상자에 격리했습니다. 그리고 야간조 인수인계 사항 있습니다."""" [외국인 근로자 (바트)]: (야간조 반장님께 작업일보를 보여주며 기계를 가리키며) """"야간조 반장님, 2번 컨베이어 벨트 장력이 조금 느슨해서 내일 오전 정비 필요하다고 작업일보에 적어두었습니다."""" [야간조 반장 (한국인)]: """"메모 확인했습니다. 공구 정리도 아주 깔끔하네요. 바트 씨 수고 많았고 조심히 퇴근하세요!"""" 수량 보고를 정확히 하고, 불량 격리 사실을 알리고, 설비 특이사항까지 작업일보에 완벽하게 메모해 인계하는 이 모범적인 모습, 여러분도 현장에서 이렇게 하실 수 있죠?"",2인 1조 현장 실전 롤플레잉 모범 회화""",1yvC0kI4d0dAbLi_O_xF4OyCMZZIRWEsw
manager,7,11,표준 일일 작업일보 및 교대 인수인계서,"""표준 일일 작업일보 및 교대 인수인계서 표 - 현장 공식 문서 기록 내용 살펴보기. 첫째 행 (조립 1라인): 바트(외국인) / 100 EA / 100 EA / 2 EA (치수오차) / 2번 벨트 장력 저하 (오전 정비 요청). 둘째 행 (가공 3라인): 알리(외국인) / 150 EA / 148 EA / 1 EA (표면흠집) / 커터 바이트 팁 신품 교체 완료. 셋째 행 (도장 2라인): 틴(외국인) / 80 EA / 80 EA / 0 EA (무결점) / 스프레이 노즐 세척 및 정리 완료. 인수인계 확인 서명: 주간 인계자: 바트 (서명) | 야간 인수자: 박영호 (서명) [5S 정돈 확인 완료]. 이렇게 라인별 목표량, 달성량, 불량 수량, 그리고 설비 특이사항과 5S 정돈 서명까지 완벽하게 문서화되어 관리된답니다!"",표준 일일 작업일보 및 교대 인수인계서 표""",1yvC0kI4d0dAbLi_O_xF4OyCMZZIRWEsw
manager,7,12,제7장 단원 마무리 확인 퀴즈 & 평가 기준,"""[제7장] 단원 마무리 확인 퀴즈 & 평가 기준 - 제7장 단원 마무리 퀴즈 및 실기 평가 안내. Q1. 작업일보에 당일 생산 실적을 적을 때 가장 올바른 표기는 무엇일까요? 👉 정답: """"많이 만들었음"""" 대신 """"목표 100개 / 달성 100개 / 불량 2개""""처럼 정확한 아라비아 숫자로 기록하는 것이랍니다! Q2. 주간 근무 중 기계 벨트가 약간 느슨해졌을 때 올바른 인계 행동은 무엇인가요? 👉 정답: 작업일보에 메모를 적고 야간조 교대자에게 구두로 """"벨트 정비 필요합니다""""라고 명확히 인계하는 것이에요! Q3. 교대 인수인계를 마친 후 올바른 퇴근 에티켓은 무엇일까요? 👉 정답: 공구 수납과 바닥 청소를 완벽히 마치고, """"야간 근무 수고하십시오!""""라고 정중히 인사한 후 퇴근하는 것이랍니다! 마지막으로 우리 실기 평가 기준을 안내해 드릴게요! 총점 100점 만점에 80점 이상을 받으셔야 합격이랍니다! 평가 항목은 생산 수치 보고 정확성(30점) + 설비 특이사항 인계력(30점) + 작업일보 작성 완성도(20점) + 5S 정리정돈 및 인계 태도(20점)로 아주 공정하게 이루어져 있어요. 오늘 저와 함께 제7장 작업 완료 보고와 교대 인수인계 내용을 아주 열심히 공부하셨으니 실기시험 만점 받는 건 문제없겠죠? 여러분, 제7장 수고 많으셨습니다! 다음 시간에 또 만나요!"",단원 마무리 확인 퀴즈 & 평가 기준""",1yvC0kI4d0dAbLi_O_xF4OyCMZZIRWEsw
manager,8,1,제8장 위험할 때 소리치기와 작업 멈추기,"""[제8장] 위험할 때 소리치기와 작업 멈추기 - 긴급 상황 경고 외치기, 양팔 X자 긴급 정지 수신호, 작업중지권 행사 실무 학습. 반갑습니다! 이번 시간에는 우리와 함께 제8장 위험할 때 소리치기와 작업 멈추기 과정을 배워볼 거예요. 긴급 상황에서 경고를 외치고, 양팔 X자 긴급 정지 수신호를 보내며, 작업중지권을 행사하는 실무를 아주 꼼꼼하게 다뤄볼 거랍니다. 이번 장을 통해 현장에서 내 목숨과 동료의 목숨을 구하는 비상 소통 능력을 확실하게 키워보자고요!"",위험할 때 소리치기와 작업 멈추기 오프닝""",1pEM1ljl7K9rQySNaynfS31YdLX-7tnV9
manager,8,2,단원 개요 및 핵심 학습 목표,"""단원 개요 및 핵심 학습 목표 - 위험 상황 비상 소통 및 작업중지권 학습 개요. 상황 설정 및 필요성: 산업현장에서 낙하물이나 크레인 와이어 손상, 화재 불꽃, 개구부 추락 등 급박한 위험을 감지했을 때는 즉각 대처해야 해요. 한국어 문법을 생각하느라 침묵하면 대형 인명 피해로 이어지므로, 1초 만에 외치고 멈추는 비상 소통 능력을 반드시 기르셔야 합니다. 지식 목표: 산업안전보건법상 근로자의 '작업중지권', 비상 신호 수신호, 비상 대피 방송 절차를 정확히 이해합니다. 수행 목표: 위험 인지 즉시 큰 소리로 비상 경고를 외치고, 양팔 수신호로 작업을 멈추며 사유를 보고할 수 있어야 해요."",단원 개요 및 핵심 학습 목표""",1pEM1ljl7K9rQySNaynfS31YdLX-7tnV9
manager,8,3,급박한 위험 인지 시 긴급 정지 수신호,"""급박한 위험 인지 시 긴급 정지 수신호 - 머리 위 양팔 X자 교차 및 긴급 구호 외치기 행동 요령 안내. 공장 현장 한복판에서 경광등이 붉게 번쩍이고 있고, 한 근로자분이 머리 위로 두 팔을 X자로 크게 교차해서 흔들며 황급히 소리치고 있어요. 그 위쪽 말풍선에는 """"위험해요! 피하세요! 정지! 스톱!""""이라고 적혀 있고, 우측에는 크레인 호이스트가 움직이는 모습과 경고 마크가 보이죠? 주변 동료들도 긴장된 표정으로 바라보고 있답니다. 머리 위 양팔 X자 교차: 낙하물이나 크레인 이상 목격 시 즉시 양팔을 머리 위로 크게 교차하여 흔듭니다. 1초 즉각 비상 구호: """"위험해요! 피하세요! 정지! 스톱!""""을 가장 큰 목소리로 외쳐주세요. 시각적 전달 중요성: 엔진 및 프레스 소음으로 목소리가 들리지 않는 크레인 기사와 원거리 작업자에게 시각적으로 정지를 알리는 아주 중요한 수신호예요. 하부 인원 대피 유도: 위험 반경 내 작업자들을 노란색 안전 통로 밖으로 즉시 대피시켜야 합니다."",급박한 위험 인지 시 긴급 정지 수신호""",1pEM1ljl7K9rQySNaynfS31YdLX-7tnV9
manager,8,4,필수 핵심 어휘 및 현장 발화 훈련,"""필수 핵심 어휘 및 현장 발화 훈련 - 위험 상황별 필수 표현 4가지 학습. 첫째, 낙하물·붕괴 위험 시: """"머리 위 조심하세요! 위험해요! 피하세요!""""라며 동료들에게 즉각 발화합니다. 둘째, 끼임·협착 징후 감지 시: """"스톱! 스톱! 기계 즉시 멈추세요!""""라며 양팔을 흔들며 긴급 정지를 요청해요. 셋째, 불안전한 상태에서 정당하게 중단할 때(작업중지권 행사): """"반장님, 발판이 흔들려 위험합니다. 작업 멈추겠습니다.""""라고 당당히 말합니다. 넷째, 2차 사고를 방지하기 위해 대피할 때: """"전원 비상구 통로로 신속 대피 완료했습니다.""""라며 위험 구역 밖 안전구역으로 이동해요."",필수 핵심 어휘 및 현장 발화 훈련""",1pEM1ljl7K9rQySNaynfS31YdLX-7tnV9
manager,8,5,작업중지권 행사와 관리자 보고,"""작업중지권 행사와 관리자 보고 - 근로자의 정당한 작업중지권 행사 및 관리자 보고 방법 안내. 비계 발판이 심하게 흔들려 붉은색 X 표시가 쳐진 위험한 장소에서, 외국인 근로자 분이 '작업중지권 행사' 서류를 손에 들고 반장님을 향해 """"반장님, 이 발판이 심하게 흔들려서 안전하지 않습니다. 작업을 중지하고 개선을 요청합니다.""""라고 정중하지만 단호하게 보고하고 있어요. 그러자 한국인 반장님이 고개를 끄덕이며 """"동 씨, 잘 판단했습니다. 즉시 작업을 중지하고 안전 조치를 취하겠습니다.""""라며 악수를 나누고 있답니다. 우측 하단에는 '보고완료' 마크가 쾅 찍혀 있네요. 이것은 근로자의 정당한 법적 권리예요! 위험 발판 등 이상 징후를 목격하면 작업을 억지로 강행하지 않고 즉시 멈춘 뒤 반장님에게 위험 요인을 가리키며 개선을 요청하셔야 합니다. 산업안전보건법 제52조에 따라 불이익 처우가 엄격히 금지되므로, 당당히 개선을 요구하는 것이 안전의 기본이랍니다!"",작업중지권 행사와 관리자 보고""",1pEM1ljl7K9rQySNaynfS31YdLX-7tnV9
manager,8,6,외국인 근로자를 위한 직무 및 문화 가이드,"""외국인 근로자를 위한 직무 및 문화 가이드 - 안전사고 예방을 위한 핵심 법적 권리 및 대피 가이드 안내. 법적 보호 권리: 산업안전보건법 제52조에 따라 급박한 위험 시 근로자는 누구나 작업을 중단할 수 있어요. 작업을 멈췄다는 이유로 해고나 임금 삭감 등 불이익을 주는 것은 엄격한 불법이랍니다. 소음 극복 바디랭귀지: 프레스나 컴프레셔가 가동되는 공장에서는 목소리가 소음에 묻혀버려요. 크레인 기사와 지게차 운전자는 엔진 소리로 말을 들을 수 없으므로 반드시 머리 위 양팔 동작(수신호)을 함께 보여주어야 한답니다. 비상 대피 3대 원칙: 밀지 말고, 뛰지 말고, 유도선 따라 이동합니다. 소지품을 챙기지 말고 즉시 몸만 빠져나오며, 젖은 수건 등으로 호흡기를 보호한 채 녹색 유도등을 따라 외부로 안전하게 대피하세요."",외국인 근로자를 위한 직무 및 문화 가이드""",1pEM1ljl7K9rQySNaynfS31YdLX-7tnV9
manager,8,7,현장 실전 롤플레잉 모범 대화 연습,"""현장 실전 롤플레잉 모범 대화 연습 - 낙하 위험 감지 시 비상 외침 및 작업중지권 행사 실전 대화 안내. 장면 1: 낙하 위험 감지 및 외침\n외국인 근로자(바트): (양팔을 머리 위로 격렬하게 흔들며) """"정지! 정지! 크레인 와이어 풀렸습니다! 밑에 피하세요!!""""\n동료 선배(한국인): """"어?! 뭐야! (황급히 물러서며) 쿵! 와... 철판 떨어졌네. 큰일 날 뻔했다! 바트 씨 고마워!"""" 장면 2: 관리자 보고 및 작업 중지\n작업반장 (한국인): """"무슨 일이야? 왜 크레인 멈추고 소리 질렀어?""""\n외국인 근로자(바트): """"반장님! 자재 묶은 와이어로프가 심하게 마모되어 끊어졌습니다. 낙하 위험 때문에 즉시 작업 멈췄습니다!""""\n작업반장 (한국인): """"정말 잘했어! 로프 신품 교체할 때까지 전원 대피해!"""""",현장 실전 롤플레잉 모범 대화 연습""",1pEM1ljl7K9rQySNaynfS31YdLX-7tnV9
manager,8,8,급박한 위험 및 작업중지권 행사 보고서 작성,"""급박한 위험 및 작업중지권 행사 보고서 작성 표 - 현장 공식 보고서 기록 내용 살펴보기. 발생 시각/장소: 14:20 / 야외 자재 하역장 (발생 즉시 안전관리자 보고 접수). 위험 요인 내용: 크레인 양중 와이어로프 심한 마모 및 파단 낙하 위험 (불안전 상태 확인 및 현장 통제 실시). 취한 비상 조치: 양팔 X자 수신호, 비상 구호 외침, 하부 인원 대피 (전원 안전구역 대피 확인 완료). 관리자 조치: 손상 로프 즉시 폐기 및 규격 신품 와이어로프 교체 (안전점검 완료 후 작업 재개 승인 - 김철수 반장). 이렇게 긴급 상황 발생 시 조치 내역이 아주 정확하게 문서로 기록된다는 거, 꼭 알아두세요!"",급박한 위험 및 작업중지권 행사 보고서 작성 표""",1pEM1ljl7K9rQySNaynfS31YdLX-7tnV9
manager,8,9,망설이지 않는 1초가 생명을 구합니다,"""망설이지 않는 1초가 생명을 구한다 - 생명을 구하는 1초의 비상 구호와 정당한 작업중지권 강조. 생각하기 전에 먼저 외치고 멈추셔야 해요. 한국어 문법이 완벽하지 않아도 절대 상관없습니다. 크레인 와이어가 풀리거나 화재 불꽃이 튀는 순간, 1초 안에 """"위험해요! 피하세요! 스톱!""""을 외치면 모든 동료의 목숨을 구할 수 있어요. 작업중지권은 근로자의 의무이자 정당한 권리랍니다. 안전이 100% 확보될 때까지 당당하게 작업을 멈추고 개선을 요구하십시오!"",망설이지 않는 1초가 생명을 구한다""",1pEM1ljl7K9rQySNaynfS31YdLX-7tnV9
manager,8,10,학생용 실습 보고서 과제 체크리스트,"""학생용 실습 보고서 과제 체크리스트 - 배운 내용을 스스로 점검하는 4가지 실습 과제 안내. 과제 1 (긴급 비상 외침): 크레인 파이프 풀림 상황 시 동료들에게 """"머리 위 조심하세요! 위험해요! 피하세요!"""" 큰 소리로 외치기!. 과제 2 (작업중지권 행사): 안전난간 부서진 발판 작업 거부하며 """"반장님, 발판이 파손되어 위험합니다. 작업 멈추겠습니다."""" 명확히 보고하기!. 과제 3 (시각적 수신호 동작): 소음 환경을 극복하기 위해 머리 위로 양팔을 X자로 교차하여 반복 흔들기 자가 점검하기!. 과제 4 (비상 대피 보고서): 프레스 센서 불량 등 위험 상황 서식(일시, 장소, 위험 내용, 조치) 직접 기입하기!"",학생용 실습 보고서 과제 체크리스트""",1pEM1ljl7K9rQySNaynfS31YdLX-7tnV9
manager,8,11,실기 역량 평가 기준 및 배점표,"""실기 역량 평가 기준 및 배점표 - 제8장 실기 역량 평가 기준 및 배점 안내. 기준 1 (즉각 발화력 - 35점): 위험 감지 시 지체 없이 큰 소리로 """"위험해요! 피하세요!""""를 외치는가?. 기준 2 (신호 전달력 - 25점): 소음 환경을 극복하기 위해 머리 위 양팔 정지 수신호를 정확히 병행하는가?. 기준 3 (보고 논리성 - 25점): 관리자에게 작업 중지 사유와 위험 요인을 구체적인 직무 어휘로 진술하는가?. 기준 4 (동료 배려 - 15점): 자신뿐 아니라 동료의 안전한 대피를 적극 유도하는 안전 리더십을 갖추었는가?"",실기 역량 평가 기준 및 배점표""",1pEM1ljl7K9rQySNaynfS31YdLX-7tnV9
manager,8,12,단원 마무리 & 이해도 점검,"""[제8장] 단원 마무리 & 이해도 점검 - 제8장 단원 마무리 핵심 안전 수칙 퀴즈 및 이해도 점검 안내. Q1. 크레인 철판이 흔들릴 때 어떻게 해야 할까요? 👉 정답: 양팔을 크게 흔들며 """"위험해요! 피하세요! 스톱!""""을 외치기! Q2. 안전난간 없는 위험 발판을 마주했을 때 어떻게 해야 하나요? 👉 정답: """"위험해서 작업 멈추겠습니다. 개선 조치 요청합니다""""라고 당당히 진술하기! Q3. 시끄러운 공장에서 정지를 알릴 때 필수 실행 동작은 무엇일까요? 👉 정답: 머리 위로 양팔 X자 교차 수신호 필수 실행하기! 오늘 저와 함께 제8장 위험할 때 소리치기와 작업 멈추기 내용을 아주 열심히 공부하셨으니 실기시험 만점 받는 건 문제없겠죠? 여러분, 제8장 수고 많으셨습니다! 항상 안전제일 잊지 마세요!"",단원 마무리 & 이해도 점검""",1pEM1ljl7K9rQySNaynfS31YdLX-7tnV9
manager,9,1,제9장 몸이 아프거나 다쳤을 때 말하기,"""[제9장] 몸이 아프거나 다쳤을 때 말하기 - 작업 중 상해 발생 시 부위 정확 표현, 응급처치 수칙 준수, 신속한 병원 이송 및 보고 실무 학습. 반갑습니다! 이번 시간에는 우리와 함께 제9장 몸이 아프거나 다쳤을 때 말하기 과정을 배워볼 거예요. 작업 중에 상해를 입었을 때 부위를 정확히 표현하고, 지혈 등 응급처치 수칙을 지키며, 신속하게 병원으로 이송하고 보고하는 실무를 아주 자세히 다뤄볼 거랍니다. 이번 장을 통해 내 몸은 내가 지키고 동료를 도울 수 있는 응급 소통 능력을 확실하게 키워보자고요!"",몸이 아프거나 다쳤을 때 말하기 오프닝""",1_ppFdMaH3_kPxfOfgKlnjCrkAfSIGPxb
manager,9,2,단원 개요 및 핵심 학습 목표,"""단원 개요 및 핵심 학습 목표 - 작업 중 상해 발생 시 부위 표현, 통증 양상 전달, 응급처치 도구 요청 및 보고 학습 개요. 상황 설정 및 필요성: 작업 중 철판에 손을 베였거나, 발을 찧었거나, 고열이나 어지럼증이 발생했을 때 혼자 참으면 상처가 악화되거나 실신으로 이어질 수 있어요. 자신의 상처 부위와 통증 양상을 한국어로 정확히 표현하고, 응급처치 도구를 요청하여 즉시 조치를 받는 능력을 반드시 기르셔야 합니다. 지식 목표: 인체 주요 부위 명칭, 4대 외상 표현(베임, 찔림, 뼘, 골절), 119 응급 신고 3대 정보의 이해. 수행 목표: 환부를 가리키며 통증 상태를 말하고, 거즈 압박 지혈을 실행하며 병원 치료를 신속히 보고할 수 있다."",단원 개요 및 핵심 학습 목표""",1_ppFdMaH3_kPxfOfgKlnjCrkAfSIGPxb
manager,9,3,인체 부위별 명칭 및 외상 통증 표현,"""인체 부위별 명칭 및 외상 통증 표현 매핑도 - 인체 부위별 명칭 및 4대 대표 통증 표현(베임, 찔림, 염좌, 골절) 학습 안내. 화이트보드와 인체 모형 앞에 정장 셔츠 차림의 관리자 분이 서 계시고, 보드판에는 인체 부위별 명칭(머리-열상, 어깨-탈구, 팔꿈치-염좌, 손등-열상, 목-염좌, 허리-염좌, 무릎-인대파열 등)과 외상 통증 표현(베임, 찔림, 뼘, 골절)이 아주 꼼꼼하게 매핑되어 있답니다. 상해 부위 명칭: 머리, 목, 어깨, 팔꿈치, 손등, 손가락(엄지~새끼), 허리, 무릎, 발등 등 필수 어휘를 매칭합니다. 4대 대표 통증 표현: 베임 (열상): 칼이나 철판에 찢겨 출혈이 발생한 상태.,찔림 (자상): 못이나 와이어 끝에 깊이 찔린 상태.,뼘 (염좌): 중량물 취급 시 관절을 삔 상태.,골절 (Fracture): 뼈에 금이 가거나 부러진 상태. 현장 전달 원칙: 말이 서툴러도 환부를 손가락으로 가리키며 """"여기 다쳤습니다!""""를 즉시 외치셔야 해요."",인체 부위별 명칭 및 외상 통증 표현 매핑도""",1_ppFdMaH3_kPxfOfgKlnjCrkAfSIGPxb
manager,9,4,필수 핵심 어휘 및 현장 발화 훈련,"""필수 핵심 어휘 및 현장 발화 훈련 - 상황별 응급 상황 필수 표현 5가지 학습. 첫째, 손을 베여서 피가 날 때(열상/출혈): """"반장님, 철판 모서리에 손등을 베여서 피가 많이 납니다!"""". 둘째, 구급약이나 붕대가 필요할 때(도구 요청): """"깨끗한 거즈와 소독약 어디 있습니까?"""". 셋째, 전신 증상이 올 때: """"속이 메스껍고 어지러워서 서 있을 수 없습니다."""". 넷째, 근골격계 손상을 입었을 때: """"무거운 부품을 들다가 허리에서 뚝 소리가 났습니다."""". 다섯째, 병원 진료가 필요할 때(진료 요청): """"상처가 깊어 봉합해야 합니다. 병원에 가겠습니다."""""",필수 핵심 어휘 및 현장 발화 훈련""",1_ppFdMaH3_kPxfOfgKlnjCrkAfSIGPxb
manager,9,5,열상 출혈 시 직접 압박 지혈법,"""열상 출혈 시 직접 압박 지혈법 - 열상 출혈 발생 시 멸균 거즈를 이용한 직접 압박 지혈법 및 절대 금지 행동 안내. 왼쪽 올바른 자세 (O)를 보면, 외국인 근로자 분이 깨끗한 멸균 거즈로 다친 손등을 강하게 직접 압박하면서 반장님께 침착하게 보고하고 있어요. 그 뒤로 관리자분이 서류를 들고 확인하고 있고 '보고 완료' 악수 마크가 떠 있답니다. 반면에 오른쪽 위험 자세 (X)를 보면, 당황하여 피가 나는 손을 허공에 마구 흔들거나 흐르는 수돗물로 씻고 있는 아주 위험한 행동이 붉은색 X 표시와 함께 대조되어 있어요. 올바른 자세 (O): 깨끗한 멸균 거즈로 환부를 강하게 직접 압박하고, 손을 심장보다 높이 든 상태로 반장님께 침착하게 보고합니다. 절대 금지 행동 (X): 당황하여 손을 허공에 흔들거나(혈액 비산 및 오염), 흐르는 수돗물로 씻으면 혈액 응고를 방해해 과다출혈을 유발하므로 절대 금지예요!"",열상 출혈 시 직접 압박 지혈법""",1_ppFdMaH3_kPxfOfgKlnjCrkAfSIGPxb
manager,9,6,외국인 근로자를 위한 보건 및 응급 수칙,"""외국인 근로자를 위한 보건 및 응급 수칙 - 외국인 근로자를 위한 현장 보건 및 응급 대처 3대 원칙 안내. 혼자 참지 말 것: 녹슨 쇠나 쇳가루에 긁힌 상처를 방치하면 파상풍이나 패혈증으로 손가락을 잃을 수 있어요. 모든 현장에는 상비약이 있으니 작은 긁힘도 반드시 소독약을 발라야 합니다. 119 신고 3대 정보: ① 공장 이름과 정확한 주소(도로명), ② 환자 상태(출혈 정도, 의식 여부, 호흡 상태), ③ 다친 인원 수를 명확하고 침착하게 전달해야 신속한 출동이 가능해요. 산재 처리 원칙: 병원 접수 시 반드시 """"회사에서 일하다가 다쳤습니다""""라고 말하셔야 합니다. 한국 산업재해보상보험 제도를 통해 치료비와 휴업급여를 정당하게 보장받을 수 있어요."",외국인 근로자를 위한 보건 및 응급 수칙""",1_ppFdMaH3_kPxfOfgKlnjCrkAfSIGPxb
manager,9,7,현장 실전 롤플레잉 모범 대화 연습,"""현장 실전 롤플레잉 모범 대화 연습 - 상해 부상 발생 시 초기 지혈부터 병원 이송 및 보고까지의 실전 대화 안내. 1단계: 부상 발생 및 초기 지혈\n외국인 근로자 (아웅): """"반장님... 윽, 작업하다가 카터칼에 왼쪽 검지 손가락을 깊게 베였습니다.""""\n작업반장 (한국인): """"어디 봐! 피가 많이 나네. 당황하지 말고 깨끗한 거즈로 상처를 꽉 누르고 심장 위로 들어!""""\n외국인 근로자(아웅): """"네, 직접 압박하고 있습니다. 보건실 가서 소독약 바르고 붕대 감아야 할 것 같습니다."""" 2단계: 병원 이송 및 후속 보고\n작업반장 (한국인): """"안 되겠다, 상처가 많이 벌어져서 병원에서 꿰매야 해. 내가 차 대기시킬 테니 외투 챙겨서 가자.""""\n외국인 근로자(아웅): """"감사합니다 반장님. 병원 진료 마치고 진단서와 의사 소견서 받아서 즉시 보고드리겠습니다.""""\n작업반장 (한국인): """"치료 잘 받고 와. 산재 서류는 회사에서 바로 접수할게."""""",현장 실전 롤플레잉 모범 대화 연습""",1_ppFdMaH3_kPxfOfgKlnjCrkAfSIGPxb
manager,9,8,신체 상해 및 응급 질환 초기 진술서,"""신체 상해 및 응급 질환 초기 진술서 표 - 현장 신체 상해 및 응급 질환 발생 시 기록하는 실제 초기 진술서 예시 안내. 발생 일시/장소: 15:10 / 1층 가공 작업장 조립대 (안전관리자 즉시 현장 확인 완료). 성명 및 소속: 아웅 (가공팀 / 미얀마 국적) (신원 및 산재 보험 가입 확인). 상해 부위/증상: 왼쪽 검지 손가락 끝마디 깊은 열상 (다량 출혈) / 예리한 공구 접촉에 의한 열상 판정. 응급조치/병원: 멸균 거즈 5분 압박 지혈 후 정형외과 이송 / 봉합 4바늘 완료, 김철수 반장 동행. 이렇게 부상 발생 시 초기 조치와 병원 이송 기록이 아주 체계적으로 남겨진답니다!"",신체 상해 및 응급 질환 초기 진술서 표""",1_ppFdMaH3_kPxfOfgKlnjCrkAfSIGPxb
manager,9,9,작은 상처도 즉시 치료해야 안전합니다,"""작은 상처도 즉시 치료해야 안전하다 - 작은 상처 방치 위험성 경고 및 119 신고 3대 핵심 정보 강조. 혼자 참거나 숨기면 2차 위험이 발생해요. 통증을 숨기면 상처 부위가 곪아서 영구적인 후유장애가 생기거나, 실신으로 인한 추락 등 2차 대형 재해로 이어질 수 있답니다. 119 신고 시에는 ① 회사 이름과 상세 주소, ② 다친 부위 및 의식 상태, ③ 환자 인원수 이 3가지를 명확히 진술하여 소중한 골든타임을 꼭 확보하십시오!"",작은 상처도 즉시 치료해야 안전하다""",1_ppFdMaH3_kPxfOfgKlnjCrkAfSIGPxb
manager,9,10,학생용 실습 보고서 과제 체크리스트,"""학생용 실습 보고서 과제 체크리스트 - 제9장 학습 내용 점검을 위한 4가지 실습 과제 및 자가 점검 체크리스트 안내. 과제 1 (부상 통증 설명): 무거운 자재를 들다 허리를 다쳤을 때 """"반장님, 무거운 철판을 들다가 허리를 삐끗해서 펴기 힘듭니다."""" 구두 보고 연습하기!. 과제 2 (응급 도구 요청): 손등에 피가 날 때 비상약품 요청하며 """"손등을 베여 피가 납니다. 소독약과 거즈 어디 있습니까?"""" 요청문 발화하기!. 과제 3 (올바른 지혈 수칙 자가점검): 상처를 흔들거나 물로 씻지 않고 깨끗한 거즈로 직접 압박하며 손을 심장보다 높였는가? [V 체크]. 과제 4 (초기 상해 진술서 작성): 발생 일시, 성명, 다친 부위(오른쪽 손등), 원인 및 치료 요청 사항 서식 직접 기입 훈련하기!"",학생용 실습 보고서 과제 체크리스트""",1_ppFdMaH3_kPxfOfgKlnjCrkAfSIGPxb
manager,9,11,실기 역량 평가 기준 및 배점표,"""실기 역량 평가 기준 및 배점표 - 제9장 실기 역량 평가 기준 및 배점 안내. 기준 1 (상태 전달력 - 35점): 자신의 다친 신체 부위와 통증 양상을 정확한 한국어로 구체적 진술하는가?. 기준 2 (응급 도구 표현 - 25점): 소독약, 멸균 거즈, 붕대 등 상황에 맞는 구급 도구를 명확히 요청하는가?. 기준 3 (정직 보고성 - 20점): 부상을 숨기지 않고 관리자에게 즉시 솔직하게 알리는 안전 의식을 갖추었는가?. 기준 4 (초동 조치력 - 20점): 상처를 흔들지 않고 직접 압박 지혈법을 침착하게 수행하는가?"",실기 역량 평가 기준 및 배점표""",1_ppFdMaH3_kPxfOfgKlnjCrkAfSIGPxb
manager,9,12,단원 마무리 & 이해도 점검,"""[제9장] 단원 마무리 & 이해도 점검 - 제9장 단원 마무리 응급 소통 수칙 최종 퀴즈 및 이해도 점검 안내. Q1. 손등을 베여 피가 날 때 어떻게 해야 할까요? 👉 정답: 깨끗한 거즈로 직접 압박 지혈하며 심장보다 높이고 즉시 보고하기! Q2. 허리를 삐끗했을 때 올바른 진술 방법은 무엇인가요? 👉 정답: 참지 말고 """"허리를 삐끗해서 굽히기 힘듭니다. 병원 가겠습니다""""라고 진술하기! Q3. 밀폐공간에서 어지럽고 메스꺼울 때 어떻게 외쳐야 할까요? 👉 정답: """"숨쉬기 힘들고 어지럽습니다!"""" 외치며 즉시 환기 및 탈출하기! 오늘 저와 함께 제9장 몸이 아프거나 다쳤을 때 말하기 내용을 아주 열심히 공부하셨으니 실기시험 만점 받는 건 문제없겠죠? 여러분, 제9장 수고 많으셨습니다! 항상 건강하고 안전하게 일하시길 바랍니다!"",단원 마무리 & 이해도 점검""",1_ppFdMaH3_kPxfOfgKlnjCrkAfSIGPxb
manager,10,1,제10장 쉬는 시간·식사 매너와 커피 소통,"""[제10장] 쉬는 시간·식사 매너와 커피 소통 - 식사 전후 정중한 인사, 두 손 수령 공손 예절, 믹스커피 티타임 스몰토크 실무 학습. 반갑습니다! 이번 시간에는 우리와 함께 제10장 쉬는 시간·식사 매너와 커피 소통 과정을 배워볼 거예요. 식사 전후 정중한 인사, 두 손 수령 공손 예절, 그리고 믹스커피 티타임 스몰토크 실무를 아주 꼼꼼하게 다뤄볼 거랍니다. 이번 장을 통해 한국 직장생활에서 꼭 필요한 유대감과 소통 능력을 멋지게 체화해 보자고요!"",쉬는 시간·식사 매너와 커피 소통 오프닝""",1T0k4t98YnvEwNFuepQMEuDNeDVNgZOnJ
manager,10,2,단원 개요 및 핵심 학습 목표,"""단원 개요 및 핵심 학습 목표 - 한국 직장 내 식사 및 휴게 시간 예절, 식사 전후 인사, 두 손 수령 예절, 믹스커피 소통 문화 학습 개요. 상황 설정 및 필요성: 한국 직장에서는 일만 잘하는 것보다 식사 시간과 쉬는 시간에 동료들과 예의 바르게 어울리며 라포(유대감)를 쌓는 것이 매우 중요해요. 구내식당의 식사 인사, 간식 수령 시의 두 손 예절, 따뜻한 믹스커피 한 잔을 매개로 친밀한 정을 나누는 직장 소통 능력을 길러보겠습니다. 지식 목표: 한국의 식사 전후 인사 문화, 장유유서(연장자 공경) 식사 예절, 믹스커피 나눔 문화의 배경 이해. 수행 목표: 식사 전후 밝게 인사하고, 간식을 두 손으로 받으며, 믹스커피를 권유하여 자연스러운 대화를 이끌 수 있다."",단원 개요 및 핵심 학습 목표""",1T0k4t98YnvEwNFuepQMEuDNeDVNgZOnJ
manager,10,3,구내식당 식사 전후 인사와 식판 매너,"""구내식당 식사 전후 인사와 식판 매너 - 구내식당 식사 시작 전후 인사법, 장유유서 식사 순서 및 깔끔한 식판 뒷정리 방법 안내. 밝은 구내식당 안에서 왼쪽 그림을 보면, 외국인 근로자 분이 두 손을 모으고 작업수 반장님을 향해 """"반장님, 맛있게 드십시오!""""라고 공손히 인사를 건네고 있어요. 테이블 위에는 수저가 가지런히 놓여 있고 주변 동료들도 식사 중이랍니다. 중앙에는 '식사 예절 완료'를 뜻하는 악수 도장 마크가 쾅 찍혀 있고, 오른쪽 그림으로 이어져요. 오른쪽을 보면 퇴식구 앞에서 식판을 바르게 반납하며 """"잘 먹었습니다!""""라고 인사하는 모습과 함께 '잔반 정리 완료' 마크가 보인답니다. 식사 시작 전 인사: 상사와 선배가 먼저 수저를 든 것을 확인한 후, 허리를 숙이며 """"반장님, 맛있게 드십시오!""""라고 인사합니다. 장유유서 식사 순서: 테이블에 앉자마자 혼자 숟가락을 먼저 들지 않고 연장자의 식사 시작에 속도를 맞춥니다. 식사 후 감사 표현: 식사를 마치고 일어설 때 """"배부르게 잘 먹었습니다!""""라고 정중히 감사 인사를 전해요. 깔끔한 식판 뒷정리: 퇴식구에서 남은 국물과 음식물을 깨끗이 분리수거하고 식판과 수저를 바르게 반납합니다."",구내식당 식사 전후 인사와 식판 매너""",1T0k4t98YnvEwNFuepQMEuDNeDVNgZOnJ
manager,10,4,필수 핵심 어휘 및 현장 발화 훈련,"""필수 핵심 어휘 및 현장 발화 훈련 - 식사 및 휴게 시간 상황별 필수 표현 5가지 학습. 첫째, 식사 전 정중한 인사: """"반장님, 선배님들, 점심 식사 맛있게 드십시오!"""". 둘째, 식사 후 감사 인사: """"정말 배부르게 잘 먹었습니다! 감사합니다!"""". 셋째, 믹스커피 권유 소통: """"반장님, 제가 따뜻한 믹스커피 한잔 타 드릴까요?"""". 넷째, 새참 및 간식 나눔: """"새참 시간입니다. 빵 드시고 일하세요."""". 다섯째, 공손한 수령 예절: 간식이나 커피를 받을 때 두 손을 모으며 """"감사합니다! 잘 먹겠습니다.""""라고 말하기."",필수 핵심 어휘 및 현장 발화 훈련""",1T0k4t98YnvEwNFuepQMEuDNeDVNgZOnJ
manager,10,5,믹스커피 전달과 두 손 수령 예절,"""믹스커피 전달과 두 손 수령 예절 - 휴게실 믹스커피 전달 및 두 손 수령 예절과 스몰토크의 중요성 안내. 휴게실 테이블 앞에 서서, 외국인 근로자 분이 따뜻한 종이컵 커피를 두 손으로 정중하게 건네며 """"반장님, 따뜻하게 한 잔 타왔습니다! 맛있게 드세요.""""라고 미소 지으며 말하고 있어요. 그 사이에는 '두손전달' 체크 마크가 빛나고 있답니다. 받아 들으시는 작업반장님도 아주 흐뭇한 표정으로 """"오, 고마워! 동 씨 덕분에 힘이 나네. 우리 잠깐 쉬었다가 하자고.""""라며 화답하고 계시네요. 테이블 위에는 보온병과 과자 봉지, 종이컵들이 놓여 있어요. 이처럼 휴식 시간 정을 쌓는 스몰토크는 공손한 전달과 수령에서 시작된답니다. 따뜻한 종이컵 커피를 탈 때 물 조절을 깔끔히 하고, 두 손으로 정중히 건네며 인사해 보세요. 커피 한 잔을 마시며 고향 날씨나 한국 생활, 작업 팁을 묻는 가벼운 대화는 동료와의 보이지 않는 벽을 아주 싹 허물어 준답니다!"",믹스커피 전달과 두 손 수령 예절""",1T0k4t98YnvEwNFuepQMEuDNeDVNgZOnJ
manager,10,6,외국인 근로자를 위한 직무 및 문화 가이드,"""외국인 근로자를 위한 직무 및 문화 가이드 - 한국 직장 문화 적응을 위한 믹스커피 소통, 장유유서 식사 순서 및 깔끔한 뒷정리 3대 문화 안내. 소통의 윤활유 '믹스커피': 한국 공장의 노란색 믹스커피는 단순한 음료가 아니에요. """"커피 한잔 타 드릴까요?""""는 선배를 존경하고 진심으로 친해지고 싶다는 강력한 호감의 표현이랍니다. 장유유서 식사 순서: 테이블에 착석하자마자 혼자 밥을 숟가락으로 먼저 뜨지 않습니다. 나이가 많은 반장님이나 선배가 먼저 수저를 든 후에 인사를 나누고 함께 식사를 시작하는 것이 한국의 멋진 예절이에요. 잔반 분리수거 뒷정리: 음식을 무분별하게 남기지 않으며, 식사 후 퇴식구에서 국물과 찌꺼기를 규정대로 깨끗이 분리하고 수저를 가지런히 반납하는 것이 성숙한 직장인의 태도랍니다."",외국인 근로자를 위한 직무 및 문화 가이드""",1T0k4t98YnvEwNFuepQMEuDNeDVNgZOnJ
manager,10,7,현장 실전 롤플레잉 모범 대화 연습,"""현장 실전 롤플레잉 모범 대화 연습 - 구내식당 점심 식사 대화 및 식후 휴게실 믹스커피 티타임 실전 대화 안내. 장면 1: 구내식당 점심 식사 대화\n외국인 근로자 (밍): """"반장님, 선배님들! 점심 식사 맛있게 드십시오!""""\n작업반장 (한국인): """"어, 밍 씨도 많이 먹어! 오늘 제육볶음 나왔는데 입에 좀 맞나?""""\n외국인 근로자 (밍): """"네! 매콤하지만 정말 맛있습니다. 한국 김치도 이제 아주 잘 먹습니다.""""\n작업반장 (한국인): """"하하, 밍 씨 한국 사람 다 됐네. 국물도 남기지 말고 든든하게 먹어."""" 장면 2: 식후 휴게실 믹스커피 티타임\n외국인 근로자 (밍): (식판을 치우며) """"배부르게 정말 잘 먹었습니다! 반장님, 제가 믹스커피 한잔 타 드릴까요?""""\n작업반장 (한국인): """"오, 그래줄래? 밍 씨가 타 주는 커피가 제일 맛있더라.""""\n외국인 근로자 (밍): (두 손으로 커피잔을 건네며) """"따뜻하게 한 잔 타왔습니다! 맛있게 드세요.""""\n작업반장 (한국인): """"고마워! 밍 씨 덕분에 힘이 나네. 우리 10분만 쉬었다가 작업하자고."""""",현장 실전 롤플레잉 모범 대화 연습""",1T0k4t98YnvEwNFuepQMEuDNeDVNgZOnJ
manager,10,8,회사 식사 및 휴식 시간 에티켓 자가진단표,"""회사 식사 및 휴식 시간 에티켓 자가진단표 - 제10장 학습 내용 점검을 위한 회사 식사 및 휴식 시간 에티켓 4가지 영역 자가진단표 안내. 식사 전 인사: 식당 착석 및 숟가락 들기 전 """"맛있게 드십시오"""" 발화 ([V] 실천완료 - 우수: 밝은 표정). 두 손 수령 예절: 선배가 빵이나 간식을 건넬 때 주머니에서 손을 빼고 두 손으로 받기 ([V] 실천완료 - 양호: 두 손 사용). 식사 후 뒷정리: """"잘 먹었습니다"""" 감사 인사 후 식판 잔반 및 분리수거 정리 ([V] 실천완료 - 단정함: 주변 청결). 티타임 소통: 휴식 시간 믹스커피 권유 및 일상 스몰토크(안부 묻기) 시도 ([V] 실천완료 - 친화력 및 한국어 우수)"",회사 식사 및 휴식 시간 에티켓 자가진단표""",1T0k4t98YnvEwNFuepQMEuDNeDVNgZOnJ
manager,10,9,공경과 나눔으로 완성되는 직장 예절,"""핵심 메시지: 공경과 나눔으로 완성되는 직장 예절 - 한국 직장 생활에서 두 손 수령 예절과 따뜻한 믹스커피 한 잔, 정중한 인사가 만드는 동료 간 유대감 강조. 한국에서는 물건, 간식, 커피를 주고받을 때 반드시 두 손을 사용하는 것이 상대방을 존중하는 가장 기본적인 도리예요. 따뜻한 믹스커피 한 잔과 진심 어린 """"맛있게 드십시오"""" 한마디가 직장 내의 서먹함과 긴장감을 싹 없애주고, 든든한 동료 관계를 만들어 준다는 거, 꼭 기억해 주세요!"",핵심 메시지: 공경과 나눔으로 완성되는 직장 예절""",1T0k4t98YnvEwNFuepQMEuDNeDVNgZOnJ
manager,10,10,학생용 실습 보고서 과제 체크리스트,"""학생용 실습 보고서 과제 체크리스트 - 제10장 학습 내용 점검을 위한 현장 실전 4가지 실습 과제 및 자가 점검 체크리스트 안내. 과제 1 (식사 전후 격식 인사문): 식사 전 """"반장님, 선배님들, 점심 맛있게 드십시오!"""" & 식후 """"배부르게 잘 먹었습니다!"""" 발화 완성하기!. 과제 2 (믹스커피 권유 스몰토크): 쉬는 시간에 선배에게 """"반장님, 따뜻한 믹스커피 한잔 타 드릴까요?"""" 권유 및 안부 묻기!. 과제 3 (간식 수령 두 손 예절 점검): 주머니에서 손을 빼고 두 손으로 공손히 받으며 """"감사합니다. 잘 먹겠습니다!"""" 실천 확인하기 [V 체크]. 과제 4 (한국 음식 소감 한 줄 쓰기): 오늘 먹은 점심 메뉴와 맛(매콤하다, 고소하다 등) 소감을 한국어로 표현하기!"",학생용 실습 보고서 과제 체크리스트""",1T0k4t98YnvEwNFuepQMEuDNeDVNgZOnJ
manager,10,11,실기 역량 평가 기준 및 배점표,"""실기 역량 평가 기준 및 배점표 - 제10장 식사 및 휴게 시간 에티켓 실기 역량 평가 기준 및 100점 만점(합격 기준 80점) 배점 안내. 기준 1 (식사 인사 - 30점): 식사 전 """"맛있게 드십시오"""", 식후 """"잘 먹었습니다""""를 바른 억양으로 발화하는가?. 기준 2 (수령 매너 - 25점): 음식, 간식, 컵을 건네받을 때 한국식 두 손 예절을 자연스럽게 실천하는가?. 기준 3 (티타임 소통 - 25점): 쉬는 시간에 믹스커피를 권유하며 스몰토크(일상 대화)를 적극 시도하는가?. 기준 4 (뒷정리 태도 - 20점): 구내식당 식판 잔반을 분리수거하고 자리를 단정하게 정리정돈하는가?"",실기 역량 평가 기준 및 배점표",1T0k4t98YnvEwNFuepQMEuDNeDVNgZOnJ
manager,10,12,단원 마무리 & 이해도 점검,"""[제10장] 단원 마무리 & 이해도 점검 - 제10장 단원 마무리 식사 및 휴식 에티켓 최종 퀴즈 및 이해도 점검 안내. Q1. 식당에서 밥을 먹기 직전 어떻게 해야 할까요? 👉 정답: 상사와 동료에게 """"맛있게 드십시오!""""라고 정중히 인사하기! Q2. 선배가 빵이나 커피를 간식으로 건넬 때의 바른 행동은 무엇인가요? 👉 정답: 두 손으로 공손히 받으며 """"감사합니다! 잘 먹겠습니다!""""라고 말하기! Q3. 휴식 시간에 친밀감을 쌓는 가장 좋은 소통 방법은 무엇일까요? 👉 정답: """"따뜻한 믹스커피 한잔 타 드릴까요?""""라고 묻고 가벼운 대화 나누기! 오늘 저와 함께 제10장 쉬는 시간·식사 매너와 커피 소통 내용을 아주 열심히 공부하셨으니 실기시험 만점 받는 건 문제없겠죠? 여러분, 제10장 수고 많으셨습니다! 늘 즐겁고 따뜻한 직장생활 되시길 바랍니다!"",단원 마무리 & 이해도 점검""",1T0k4t98YnvEwNFuepQMEuDNeDVNgZOnJ
manager,11,1,제11장 카카오톡·문자 답장과 전화 매너,"""[제11장] 카카오톡·문자 답장과 전화 매너 - 카카오톡 공지 수신 답장 수칙('읽씹' 방지) 및 사내 업무 전화 응대 표준 학습. 반갑습니다! 이번 시간에는 우리와 함께 제11장 카카오톡·문자 답장과 전화 매너 과정을 배워볼 거예요. 공지 수신 즉시 확인 답장을 보내 '읽씹'을 방지하는 수칙과, 사내 업무 전화를 예의 바르게 응대하는 표준을 아주 꼼꼼하게 다뤄볼 거랍니다. 이번 장을 통해 스마트폰과 전화로 선배, 관리자와 매끄럽게 소통하는 모바일 소통 마스터가 되어 보자고요!"",카카오톡·문자 답장과 전화 매너 오프닝""",1uPXdQX40silkHl30NnjYeJ1E6YjwySqN
manager,11,2,단원 개요 및 핵심 학습 목표,"""단원 개요 및 핵심 학습 목표 - 사내 메신저 소통 규칙(읽씹 금지, 즉각 회신, 서명) 및 한국 비즈니스 전화 통화 예절 학습 개요. 상황 설정 및 필요성: 한국 직장에서는 긴급 출근 일정, 안전 지시, 잔업 현황 등이 단체 카카오톡방과 문자로 아주 신속하게 공유됩니다. 메시지를 읽고도 답장을 하지 않는 이른바 '읽씹'은 불신과 오해를 낳으므로, 1분 내에 성의 있게 답장하고 예의 바르게 통화하는 모바일 소통력을 반드시 기르셔야 해요. 지식 목표: 사내 메신저 소통 규칙(읽씹 금지, 즉각 회신, 서명), 한국 비즈니스 전화 통화 예절의 이해. 수행 목표: 공지 확인 문자를 즉시 회신하고, 전화 통화 시 소속과 이름을 밝히며 정중히 응대할 수 있다."",단원 개요 및 핵심 학습 목표""",1uPXdQX40silkHl30NnjYeJ1E6YjwySqN
manager,11,3,사내 단체 카카오톡 공지 수신 및 즉각 답장,"""사내 단체 카카오톡 공지 수신 및 즉각 답장 - 사내 단체 카카오톡 공지 수신 시 1분 내 즉각 확인 답장 방법 및 '읽씹' 방지 수칙 안내. 작업복을 입은 근로자 분이 스마트폰 화면을 들고 있어요. 스마트폰 화면 속 카카오톡 대화창을 보면 '읽씹 금지!'라는 경고 마크와 함께 [공지] 내일 7/2일 1조 전원 출근 시간 변경 안내 메시지가 와 있고, 그 아래에 """"네, 확인했습니다 반장님! 내일 07:40까지 정문으로 집결하겠습니다!""""라며 '즉각 확인 회신완료' 체크 녹색 마크가 떠 있는 모습이 아주 선명하게 담겨 있답니다. 즉각적인 확인 답장: 공지를 읽는 즉시 """"네, 확인했습니다 반장님!""""을 답장하여 일정 숙지를 증명합니다. '읽씹' 절대 금지: 숫자 '1'이 사라졌는데 답장이 없으면 상사는 지시 불이행이나 무시로 받아들여요. 핵심 일정 복창: """"내일 07:40까지 정문으로 집결하겠습니다!""""처럼 시간과 장소를 되짚어 오류를 방지합니다. 공손한 문장과 종결: 단답형 '응'이나 '네' 대신 문장형과 활기찬 느낌표(!)를 사용하여 신뢰를 줘요."",사내 단체 카카오톡 공지 수신 및 즉각 답장""",1uPXdQX40silkHl30NnjYeJ1E6YjwySqN
manager,11,4,필수 핵심 어휘 및 현장 발화 훈련,"""필수 핵심 어휘 및 현장 발화 훈련 - 카카오톡 공지 답장 및 전화 응대 상황별 필수 표현 5가지 학습. 첫째, 즉각 확인 답장을 할 때: """"네, 확인했습니다 반장님! 공지사항 잘 숙지했습니다."""". 둘째, 일정 준수를 확약할 때: """"감사합니다. 내일 아침 7시 40분까지 늦지 않게 가겠습니다."""". 셋째, 전화를 걸어 상사를 배려할 때: """"여보세요, 반장님! 가공팀 누르입니다. 지금 통화 괜찮으십니까?"""". 넷째, 읽씹을 방지할 때: """"짧더라도 '네, 확인했습니다'를 반드시 1분 내에 전송합니다."""". 다섯째, 단톡방 에티켓을 지킬 때: 공적인 단톡방에서는 사담 및 장난성 이모티콘을 자제하고 격식 있는 존댓말을 구사합니다."",필수 핵심 어휘 및 현장 발화 훈련""",1uPXdQX40silkHl30NnjYeJ1E6YjwySqN
manager,11,5,회사 상사와의 올바른 업무 전화 통화,"""회사 상사와의 올바른 업무 전화 통화 - 사내 업무 전화 수신 표준 및 소속/이름 명시와 통화 배려/메모 예절 안내. 현장 통로에서 안전모와 사원증을 착용한 외국인 근로자 분이 스마트폰으로 전화를 받으며 """"여보세요, 반장님! 가공팀 누르입니다. 지금 통화 괜찮으십니까?""""라고 정중하게 말하고 있어요. 그 옆에는 '소속/이름 명시 필수'와 '업무 전화 수신 표준 동작' 안내판이 붙어 있고, 사원증 확대 컷(LE VAN DONG 가공팀)이 돋보기로 강조되어 있답니다. 업무 전화 예절 2대 원칙이에요!   소속과 이름을 밝히는 표준 전화 예절: 전화를 받을 때는 선 채로 바른 자세를 유지하고, """"여보세요, 반장님! 가공팀 누르입니다""""처럼 소속과 이름을 먼저 밝힙니다.   통화 배려와 메모: """"지금 통화 괜찮으십니까?""""라고 양해를 구하며, 지시사항을 꼼꼼히 메모하고 복창한 후 상사가 먼저 끊을 때까지 기다립니다."",회사 상사와의 올바른 업무 전화 통화""",1uPXdQX40silkHl30NnjYeJ1E6YjwySqN
manager,11,6,외국인 근로자를 위한 직무 및 문화 가이드,"""외국인 근로자를 위한 직무 및 문화 가이드 - 한국 직장 문화 적응을 위한 카톡 '읽씹' 방지 수칙, 느낌표 활용 팁, 업무 전화 응대 3단계 공식 안내. 한국 상사가 '읽씹'에 분노하는 이유: 카톡 숫자 '1'이 사라졌는데 답이 없으면 상사는 '지시를 무시하는가?', '일정을 모르는가?' 하며 불안해해요. 침묵은 동의가 아니므로 1분 내에 답장을 남겨야 합니다. 답장 끝에 '느낌표(!)'를 붙이는 팁: 한국 메신저에서 '네.'나 '네'만 보내면 화가 났거나 성의 없어 보여요. """"네네! 확인했습니다 반장님!^^""""처럼 느낌표나 이모티콘을 붙이면 성실하고 밝은 인상을 준답니다. 업무 전화 응대 3단계 공식: ① 받을 때 소속/이름 밝히기, ② 들을 때 """"네, 알겠습니다"""" 맞장구치기, ③ 끊을 때 """"감사합니다 좋은 하루 되십시오"""" 인사 후 상사가 끊은 뒤 수화기를 내리기."",외국인 근로자를 위한 직무 및 문화 가이드""",1uPXdQX40silkHl30NnjYeJ1E6YjwySqN
manager,11,7,현장 실전 롤플레잉 모범 대화 연습,"""현장 실전 롤플레잉 모범 대화 연습 - 단체 카톡 공지 즉각 수신·답장 및 업무 전화 통화·지시 복창 실전 대화 안내. 장면 1: 단체 카톡 공지 수신 및 답장\n작업반장 (단체 카톡 공지): """"[공지] 내일 설비 정기점검으로 전원 아침 7시 40분까지 현장 집결 바랍니다. 이상.""""\n외국인 근로자 (카톡 즉각 회신): """"네, 확인했습니다 반장님! 내일 아침 7시 40분까지 늦지 않고 집결하겠습니다. 감사합니다! 안전 제일!"""" 장면 2: 업무 전화 통화 및 지시 복창\n외국인 근로자 (전화 수신): """"네, 반장님! 가공팀 누르입니다. 지금 통화 괜찮으십니까?""""\n작업반장 (업무 지시 전달): """"내일 자재 아침 8시 반에 입고되니까 지게차 대기시켜 놔.""""\n외국인 근로자 (복창 및 확인): """"네, 알겠습니다! 내일 8시 반 자재 입고 시 지게차 대기시켜 놓겠습니다! 감사합니다!"""""",현장 실전 롤플레잉 모범 대화 연습""",1uPXdQX40silkHl30NnjYeJ1E6YjwySqN
manager,11,8,상황별 사내 메신저 모바일 답장 작성지,"""상황별 사내 메신저 모바일 답장 작성지 - 잔업 신청, 안전 공지, 일정 변경 등 상황별 모바일 메신저 모범 답장 작성지 안내. 상황 1 (잔업 신청): """"오늘 출하 물량 많아서 2시간 잔업 가능한 사람?"""" 👉 """"반장님, 저 오늘 2시간 잔업 가능합니다! 열심히 하겠습니다."""" ([V] 합격). 상황 2 (안전 공지): """"내일부터 안전모 미착용자 현장 출입 전면 금지함."""" 👉 """"네, 확인했습니다 반장님! 안전모 턱끈 철저히 착용하겠습니다."""" ([V] 합격). 상황 3 (일정 변경): """"폭설로 인해 내일 출근 시간 9시로 1시간 늦춥니다."""" 👉 """"네, 공지 확인했습니다. 9시까지 미끄럼 조심해서 출근하겠습니다."""""",상황별 사내 메신저 모바일 답장 작성지""",1uPXdQX40silkHl30NnjYeJ1E6YjwySqN
manager,11,9,빠른 회신이 직장 내 신뢰를 만듭니다,"""핵심 메시지: 빠른 회신이 직장 내 신뢰를 만듭니다 - 한국 직장에서의 카카오톡 및 문자 메시지 공지 확인 시 1분 이내 신속한 회신이 가져오는 신뢰 구축의 중요성 강조. 한국 직장에서 카카오톡과 문자는 단순한 사담 도구가 아니라 공식 업무 도구랍니다. 공지를 확인했다면 망설이지 말고 1분 이내에 확인 답장을 보내야 해요. 비록 바쁘거나 한국어가 서툴더라도 """"네, 확인했습니다 반장님!"""" 한 문장만 신속히 보내면 관리자와 동료에게 아주 깊은 신뢰를 얻을 수 있답니다!"",핵심 메시지: 빠른 회신이 직장 내 신뢰를 만듭니다""",1uPXdQX40silkHl30NnjYeJ1E6YjwySqN
manager,11,10,학생용 실습 보고서 과제 체크리스트,"""학생용 실습 보고서 과제 체크리스트 - 제11장 학습 내용 점검을 위한 현장 실전 4가지 실습 과제 및 자가 점검 체크리스트 안내. 과제 1 (단체 카톡 공지 확인 답장): 공지 [내일 아침 7시 50분 현장 집결 / 보호구 전원 지참] 확인 후 """"네, 확인했습니다 반장님! 7시 50분까지 보호구 지참하여 집결하겠습니다!"""" 작성 연습하기!. 과제 2 (업무 전화 첫마디 발화): 반장님께 전화를 걸었을 때 """"여보세요, 반장님! 가공팀 누르입니다. 지금 통화 괜찮으십니까?"""" 소속과 이름 명시하여 발화하기!. 과제 3 (잔업 신청 수락 문자): """"오늘 2시간 잔업할 사람?"""" 문자에 대해 """"반장님, 저 오늘 2시간 잔업 가능합니다!"""" 적극적 수락 답장 작성하기!. 과제 4 (모바일 메신저 예절 자가점검): 공지 확인 후 10분 이내 즉각 답장하고, '네' 한 글자만 보내지 않고 공손한 문장과 느낌표(!)를 사용하는가?"",학생용 실습 보고서 과제 체크리스트""",1uPXdQX40silkHl30NnjYeJ1E6YjwySqN
manager,11,11,실기 역량 평가 기준 및 배점표,"""[제11장] 실기 역량 평가 기준 및 배점표 - 제11장 카카오톡·문자 답장 및 전화 매너 실기 역량 평가 기준 및 100점 만점(합격 기준 80점) 배점 안내. 기준 1 (회신 신속도 - 35점): 공지나 문자 수신 후 지체 없이 '읽씹' 없이 즉각 확인 답장을 발송하는가?. 기준 2 (전화 예절 - 25점): 전화 통화 시 소속과 이름을 먼저 밝히며 """"지금 통화 괜찮으십니까?""""를 배려하는가?. 기준 3 (지시 복창력 - 25점): 시간, 장소, 준비물 등 지시사항을 답장 문장에 포함하여 재확인(복창)하는가?. 기준 4 (어조 및 태도 - 15점): 초성(ㅎㅎ)이나 단답을 피하고 밝은 어조와 느낌표(!)를 적절히 사용하는가?"",실기 역량 평가 기준 및 배점표""",1uPXdQX40silkHl30NnjYeJ1E6YjwySqN
manager,12,1,제12장 지각·결근·병원·휴가 미리 연락하기,"""[제12장] 지각·결근·병원·휴가 미리 연락하기 - 무단결근 방지 수칙, 출근 30분 전 사전 유선 연락, 병원 진료확인서 및 정식 휴가원 제출 실무 학습 개요. 반갑습니다! 이번 시간에는 우리와 함께 제12장 지각·결근·병원·휴가 미리 연락하기 과정을 배워볼 거예요. 무단결근 방지 수칙, 출근 30분 전 사전 유선 연락, 그리고 병원 진료확인서 및 정식 휴가원 제출 실무를 아주 꼼꼼하게 다뤄볼 거랍니다. 이번 장을 통해 한국 직장에서 가장 중요한 신뢰인 근태 에티켓을 확실하게 마스터해 보자고요!"",지각·결근·병원·휴가 미리 연락하기 오프닝""",1IZsCYbNGlnJWo6YQvVv1zAL1iMWugCD2
manager,12,2,단원 개요 및 핵심 학습 목표,"""단원 개요 및 핵심 학습 목표 - 무단결근 방지, 출근 30분 전 사전 유선 연락, 병가 증빙서류(진료확인서) 제출 및 근태 에티켓 학습 개요. 상황 설정 및 필요성: 외국인 근로자가 한국 회사에서 겪는 가장 치명적인 갈등과 신뢰 파탄은 바로 '연락 없는 무단결근(잠수)'에서 비롯됩니다. 교통 체증이나 급성 질환 발생 시 출근 30분 전 전화로 정중히 사유를 밝히고 정식 휴가원과 증빙을 제출하는 프로페셔널 근태 에티켓을 꼭 익히셔야 해요. 지식 목표: 무단결근의 법적·현장적 심각성(징계, 비자 불이익), 사전 통보 시한(30분 전), 병가 증빙서류(진료확인서)의 이해. 수행 목표: 출근 30분 전 관리자에게 직접 전화하여 사유를 보고하고 복귀 후 결근계와 증빙 영수증을 제출할 수 있다."",단원 개요 및 핵심 학습 목표""",1IZsCYbNGlnJWo6YQvVv1zAL1iMWugCD2
manager,12,3,출근 30분 전 사전 전화 보고와 무단결근 대비,"""출근 30분 전 사전 전화 보고와 무단결근 대비 - 출근 30분 전 유선 연락의 중요성 및 연락 두절(무단결근) 방지 4대 원칙 안내. 출근 30분 전 사전 전화 보고와 무단결근 대비에 대한 내용이에요. 화면 상단에 있는 사진 자료를 좌우로 아주 꼼꼼히 비교해서 살펴보세요! 왼쪽 초록색 동그라미(O)가 있는 '사전 전화 통보' 사진을 보면, 시계가 07:30 AM을 가리키는 상황에서 외국인 근로자 'LE VAN DONG'이 밝은 표정으로 스마트폰으로 통화하며 """"반장님, 차가 밀려 10분 늦을 것 같습니다. 죄송합니다.""""라고 정중히 보고하고 있어요. 반면에 오른쪽 붉은색 X 표시가 있는 '무단결근 및 라인 정지 (연락 두절)' 사진을 보세요! 빈 작업대 앞에 작업반장님이 화가 난 표정으로 서서 """"동 씨, 왜 연락도 없이 안 나오나! 라인이 멈췄잖아!""""라며 붉은색 '라인 정지 경고' 판을 가리키며 호통을 치고 있답니다. 출근 30분 전 사전 통보: 늦잠이나 버스 지연 인지 즉시 유선으로 알립니다. 무단결근('잠수') 절대 금지: 연락 없이 결근하면 생산 라인이 정지되고 취업규칙 위반 징계 및 비자 취소 등 극심한 불이익이 발생해요. 직접 본인 통화 원칙: 룸메이트나 친구를 통한 대리 전달은 결근으로 처리될 수 있으므로 반드시 본인이 직접 통화합니다. 도착 예정 시각 명시: 단순 """"늦습니다""""가 아닌 구체적인 지각 예상 시간(10분~20분)을 명확히 전달하여 신뢰를 유지해요."",출근 30분 전 사전 전화 보고와 무단결근 대비""",1IZsCYbNGlnJWo6YQvVv1zAL1iMWugCD2
manager,12,4,필수 핵심 어휘 및 현장 발화 훈련,"""필수 핵심 어휘 및 현장 발화 훈련 - 지각 사전 통보, 병가 요청, 휴가 신청, 증빙서류 제출 등 5가지 상황별 필수 현장 발화 표현 학습. 첫째, 지각을 사전 통보할 때: """"반장님, 버스를 놓쳐서 10분 정도 늦을 것 같습니다. 죄송합니다."""". 둘째, 병가나 결근을 사전 요청할 때: """"몸살감기가 심해 오늘 오전 병원 진료를 다녀와도 되겠습니까?"""". 셋째, 비자 갱신 휴가를 신청할 때(연차 사전 승인): """"다음 주 금요일 출입국사무소 비자 갱신 때문에 휴가 신청서 씁니다."""". 넷째, 진료확인서를 제출할 때(의사 증빙서류): """"병원에서 발급받은 진료확인서와 영수증 여기 제출합니다."""". 다섯째, 절대 무단결근을 금지할 때: """"아무리 아파도 출근 30분 전 전화나 문자는 필수입니다."""""",필수 핵심 어휘 및 현장 발화 훈련""",1IZsCYbNGlnJWo6YQvVv1zAL1iMWugCD2
manager,12,5,병원 진료확인서 및 정식 휴가원 제출 절차,"""병원 진료확인서 및 정식 휴가원 제출 절차 - 병원 진료확인서와 결근계·휴가원 제출 방법 및 두 손 제출·사후 보고 예절 안내. 이번 페이지는 병원 진료확인서 및 정식 휴가원 제출 절차를 다루고 있어요. 화면 상단의 사진 자료를 아주 자세히 살펴보세요! 왼쪽 '클로즈업' 화면에는 '진료확인서(서울아산병원)'와 '결근계/휴가원' 서류, 영수증, 그리고 '부서장 승인 완료' 직인이 찍힌 서류들이 아주 상세히 보여요. 오른쪽 '정식 제출' 사진에서는 외국인 근로자 분이 두 손으로 서류를 공손히 내밀고 있고, 작업반장님이 """"동 씨, 수고했어요. 병원 잘 다녀왔어요? 확인했습니다. 승인할게요.""""라며 환하게 미소 지으며 받아주고 있답니다. 책상 위에는 '병원 서류는 휴가원과 함께 제출' 안내판이 놓여 있어요. 정식 증빙서류 제출과 결재 예절이에요!   공식 진료확인서 지참 (O): 단순 약국 영수증이 아닌 의사 날인이 찍힌 '진료확인서'와 영수증을 회사 결근계에 첨부하여 제출합니다.   두 손 제출 및 사후 보고: 출근 후 반장님께 두 손으로 서류를 제출하며 """"수고하셨습니다. 덕분에 치료 잘 받고 완쾌되었습니다""""라고 정중히 인사해요."",병원 진료확인서 및 정식 휴가원 제출 절차""",1IZsCYbNGlnJWo6YQvVv1zAL1iMWugCD2
manager,12,6,외국인 근로자를 위한 직무 및 문화 가이드,"""외국인 근로자를 위한 직무 및 문화 가이드 - 무단결근의 법적·비자적 치명적 결과, 본인 직접 연락 원칙, 그리고 유효한 병가 증빙서류(진료확인서) 제출 3대 핵심 문화 안내. 무단결근(잠수)의 치명적 결과: 한국 기업에서 무단결근은 단순 일당 차감이 아니에요. 시말서, 감봉, 해고는 물론 출입국외국인관서에 '근무지 이탈'로 신고되어 비자가 취소되고 강제 출국을 당할 수 있답니다. 대리 연락은 무단결근 위험: 기숙사 룸메이트에게 """"아프다고 대신 전해줘"""" 하고 자면 절대 인정되지 않아요. 본인이 직접 떨리는 목소리로라도 전화를 걸어야 정식 보고로 참작됩니다. 약국 영수증 vs 병원 진료확인서: 단순 약국 감기약 영수증은 결근 증빙서류로 효력이 없는 회사가 많아요. 반드시 의사 진찰 후 병원 직인이 찍힌 '진료확인서(Medical Certificate)'를 제출해야 유급 병가로 인정받을 수 있답니다."",외국인 근로자를 위한 직무 및 문화 가이드""",1IZsCYbNGlnJWo6YQvVv1zAL1iMWugCD2
manager,12,7,현장 실전 롤플레잉 모범 대화 연습,"""현장 실전 롤플레잉 모범 대화 연습 - 급성 질환 당일 아침 병가 유선 연락 및 비자 갱신 출입국 사전 휴가원 결재 실전 대화 안내. 장면 1: 급성 질환 당일 아침 병가 유선 연락\n외국인 근로자 (찬디카, 출근 40분 전 전화): """"여보세요, 반장님, 가공 1팀 찬디카입니다. 어젯밤부터 심한 고열과 설사 때문에 출근이 어렵습니다. 오늘 아침 일찍 병원 진료를 다녀와도 되겠습니까?""""\n작업반장 (한국인): """"에구, 열이 많이 나? 무리하지 말고 병원 가서 주사 맞고 푹 쉬어, 올 때 진료확인서 떼어 오고.""""\n외국인 근로자 (찬디카): """"배려해 주셔서 정말 감사합니다. 진료확인서 챙겨 내일 출근하겠습니다!"""" 장면 2: 비자 갱신 출입국 사전 휴가원 결재\n외국인 근로자 (찬디카, 결근계 두 손 제출): """"반장님, 다음 주 금요일 외국인등록증 비자 연장 방문 예약이 잡혔습니다. 휴가원 결재 부탁드립니다.""""\n작업반장 (한국인): """"그래, 비자 연장은 중요한 일이지. 1주일 전에 미리 말해줘서 고마워. 대직자 정해뒀지?""""\n외국인 근로자 (찬디카): """"네! 홍길동 사원에게 오전 인수인계 부탁드렸습니다. 다녀와서 연장된 등록증 사본 제출하겠습니다!"""""",현장 실전 롤플레잉 모범 대화 연습""",1IZsCYbNGlnJWo6YQvVv1zAL1iMWugCD2
manager,12,8,표준 결근계 및 휴가 신청서(사유서) 작성 실습,"""표준 결근계 및 휴가 신청서(사유서) 작성 실습 표 - 병가 결근, 연차 휴가, 지각 사유서 등 현장 근태 서류 작성의 3가지 실습 예시 및 필수 첨부 서류 안내. 병가 (결근): 찬디카 (가공 1팀) / 2026.09.16 (1일간) / 급성 장염 및 고열로 인한 내과 진료 (대직자: 홍길동 사원) / [V] 진료확인서 첨부 (부서장 승인 완료). 연차 (휴가): 밍 (조립 2팀) / 2026.09.25 (오전 반차) / 출입국외국인청 E-9 비자 갱신 방문 (대직자: 김철수 대리) / [V] 방문예약접수증 첨부 (부서장 승인 완료). 지각 사유서: 누르 (품질관리팀) / 2026.09.18 (08:25 입실) / 출근 셔틀버스 고장으로 인한 25분 지각 (출근 30분 전 사전 유선보고 완료) / [V] 기사 확인서 (정상 참작 결재)"",표준 결근계 및 휴가 신청서(사유서) 작성 실습 표""",1IZsCYbNGlnJWo6YQvVv1zAL1iMWugCD2
manager,12,9,사전 연락 30분이 신뢰와 일터를 지킵니다,"""핵심 메시지: 사전 연락 30분이 신뢰와 일터를 지킵니다 - 출근 30분 전 사전 유선 연락이 가져오는 생산 라인 보호와 정당한 근태 인정의 중요성 강조. 한국 제조업 공장은 단 1명만 빠져도 전체 컨베이어 라인이 멈춰 서게 됩니다. 최소 출근 30분 전에 전화로 알려야 회사에서 대체 인력을 신속하게 투입할 수 있어요. 아무리 몸이 아프거나 늦잠을 잤더라도 침묵하지 않고 직접 전화를 걸어 사유를 알리는 그 순간, 무단결근이 아니라 정당한 사유의 병가나 지각으로 보호받을 수 있답니다!"",핵심 메시지: 사전 연락 30분이 신뢰와 일터를 지킵니다""",1IZsCYbNGlnJWo6YQvVv1zAL1iMWugCD2
manager,12,10,학생용 실습 보고서 과제 체크리스트,"""학생용 실습 보고서 과제 체크리스트 - 제12장 지각·결근·병원·휴가 미리 연락하기 학습 내용 점검을 위한 현장 실전 4가지 실습 과제 및 자가 점검 체크리스트 안내. 과제 1 (지각 사전 전화 스크립트): 버스 고장으로 15분 늦을 때 출근 30분 전 반장님께 드릴 전화 멘트 """"반장님, 버스 고장으로 15분 정도 늦을 것 같습니다. 정말 죄송합니다!"""" 발화 실습하기!. 과제 2 (급성 질환 병가 요청문): 고열과 몸살로 병원에 다녀와야 할 때의 공손한 요청문 """"죄송합니다 반장님, 어젯밤부터 고열이 심해 오전 병원 진료 다녀와도 되겠습니까?"""" 작성하기!. 과제 3 (결근계 사유서 작성 실습): 신청 구분(병가), 기간(1일), 사유(급성 위염 진료), 첨부 서류(진료확인서 1부) 서식 직접 기입 훈련하기!. 과제 4 (근태 준수 서약 점검): 아프거나 늦을 때 출근 30분 전 직접 통화하고, 복귀 시 병원 진료확인서를 반드시 회사에 제출하는가? [V 체크]"",학생용 실습 보고서 과제 체크리스트""",1IZsCYbNGlnJWo6YQvVv1zAL1iMWugCD2
manager,12,11,실기 역량 평가 기준 및 배점표,"""실기 역량 평가 기준 및 배점표 - 제12장 지각·결근·병원·휴가 미리 연락하기 실기 역량 평가 기준 및 100점 만점(합격 기준 80점) 배점 안내. 기준 1 (사전 연락 신속도 - 35점): 지각·결근 발생 시 출근 시간 최소 30분 전 관리자에게 직접 연락하는가?. 기준 2 (사유 진술 정직성 - 25점): 거짓 핑계를 대지 않고 질병이나 지각 사유를 공손하고 명확히 보고하는가?. 기준 3 (증빙서류 구비력 - 20점): 약국 영수증이 아닌 정식 병원 진료확인서 지참 및 제출 계획을 알리는가?. 기준 4 (서식 작성 완성도 - 20점): 복귀 후 표준 결근계/휴가원 서식을 오탈자 없이 성실히 작성·제출하는가?"",실기 역량 평가 기준 및 배점표""",1IZsCYbNGlnJWo6YQvVv1zAL1iMWugCD2
manager,12,12,단원 마무리 & 이해도 점검,"""[제12장] 최종 마무리 및 이해도 점검 퀴즈 - 제12장 근태 관리 및 사전 연락 에티켓 최종 퀴즈(지각 통보, 병원 진료확인서, 사전 휴가 신청) 및 전체 교재 수료 축하 메시지 안내. Q1. 아침에 늦잠을 자서 15분 지각할 것 같을 때 어떻게 해야 할까요?   👉 정답: 출근 30분 전 반장님께 전화하여 """"15분 늦을 것 같습니다. 죄송합니다""""라고 솔직히 알리기!. Q2. 병원에 다녀와 결근했을 때 무단결근 처리를 막아주는 필수 서류는 무엇인가요?   👉 정답: 의사 날인이 찍힌 병원 공식 '진료확인서(Medical Certificate)'와 영수증!. Q3. 비자 연장이나 개인 사유로 휴가를 쓸 때 올바른 신청 시기는 언제일까요?   👉 정답: 당일 아침이 아닌 최소 1주일 전 미리 상의하고 휴가원 결재받기!"",최종 마무리 및 이해도 점검 퀴즈""",1IZsCYbNGlnJWo6YQvVv1zAL1iMWugCD2
manager,13,1,제13장 하루 마무리와 퇴근 인사,"""[제13장] 하루 마무리와 퇴근 인사 - 5S 설비 전원 및 에어 차단, 작업장 청소 정돈, 그리고 정중한 퇴근 인사 예절을 통한 아름다운 마무리 학습 개요. 이번 시간에는 우리와 함께 제13장 하루 마무리와 퇴근 인사 과정을 배워볼 거예요. 5S 설비 전원 및 에어 차단, 작업장 청소 정돈, 그리고 정중한 퇴근 인사 예절까지 아주 꼼꼼하게 다뤄볼 거랍니다. 이번 장을 통해 아침 출근만큼이나 중요한 아름다운 마무리를 멋지게 완성해 보자고요!"",하루 마무리와 퇴근 인사 오프닝""",1JA1DQ2tgedmjxXm9uKN_1W_3PuHjZKsK
manager,13,2,단원 개요 및 핵심 학습 목표,"""단원 개요 및 핵심 학습 목표 - 퇴근 전 설비 전원·에어 차단 및 작업장 5S 정리정돈, 한국식 퇴근 인사(먼저 들어가겠습니다) 예절 학습 개요. 이번 페이지는 단원 개요 및 핵심 학습 목표를 다루는 파트랍니다. 먼저 상황 설정 및 필요성을 볼까요? 하루의 일과를 안전하게 끝맺는 것은 아침 출근만큼이나 중요합니다. 기계 전원과 밸브를 차단하고 작업장을 청소하는 것은 야간 화재를 예방하는 기본적인 책무예요. 퇴근 종이 치자마자 인사 없이 사라지는 결례를 방지하고, 남아있는 상사와 동료들에게 """"먼저 들어가겠습니다. 수고하셨습니다!""""라고 품격 있게 인사하는 소통력을 기르셔야 합니다., 지식 목표: 퇴근 전 안전 조치(소등, 에어 밸브 차단, 메인 전원 Off), 한국식 퇴근 인사(""""먼저 들어가겠습니다"""")의 문화적 함의 이해., 수행 목표: 주변 5S 정리정돈과 설비 전원을 완벽히 점검하고, 상사와 동료에게 예의 바른 퇴근 인사를 수행할 수 있다."",단원 개요 및 핵심 학습 목표""",1JA1DQ2tgedmjxXm9uKN_1W_3PuHjZKsK
manager,13,3,퇴근 전 설비 전원 차단 및 5S 청소 점검,"""퇴근 전 설비 전원 차단 및 5S 청소 점검 - 퇴근 전 설비 메인 전원 및 에어 차단, 작업장 5S 청소 정돈, 통로 소등, 관리자 보고의 4대 퇴근 점검 수칙 안내. 퇴근 전 설비 전원 차단 및 5S 청소 점검에 대한 내용이에요. 화면 상단에 있는 사진 자료를 좌우로 아주 꼼꼼히 살펴보세요! 첫 번째 사진에서는 작업복을 입은 분이 빨간색 메인 전원 스위치에 손을 대며 '전원 Off 확인'과 '에어 밸브 잠김 확인'을 하고 있어요. 두 번째 사진에서는 바닥 빗자루질을 아주 깨끗하게 마친 모습이 보이고, 세 번째 사진에서는 이동 통로 소등 스위치를 직접 누르며 '통로 소등 소위치 확인'을 하는 모습과 함께 '퇴근 점검 완료' 붉은색 도장 마크가 쾅 찍혀 있답니다. 퇴근 전 점검 사항이에요!   전원 및 메인 에어 차단: 빨간색 메인 전원 스위치를 Off로 내리고 에어 밸브를 잠가 야간 누기 및 화재를 원천 차단합니다.   바닥 빗자루질 및 5S 정돈: 쇳가루, 폐기물, 기름때를 빗자루로 쓸어내어 다음 날 작업자에게 안전한 통로를 인계해요.   이동 통로 소등 확인: 작업장 및 이동 통로의 전등 스위치를 끄며 에너지 절약과 시건장치를 재확인합니다.   작업 완료 관리자 보고: """"반장님, 오늘 작업 다 끝내고 정리 완료했습니다!""""라고 당당히 알립니다."",퇴근 전 설비 전원 차단 및 5S 청소 점검""",1JA1DQ2tgedmjxXm9uKN_1W_3PuHjZKsK
manager,13,4,필수 핵심 어휘 및 현장 발화 훈련,"""필수 핵심 어휘 및 현장 발화 훈련 - 마무리 보고, 퇴근 인사, 동료 격려, 안전 점검 등 5가지 상황별 필수 현장 발화 표현 학습. 첫째, 마무리 보고를 할 때: """"반장님, 오늘 작업 다 끝내고 정리 완료했습니다."""". 둘째, 퇴근 표준 인사를 할 때: """"반장님, 먼저 들어가겠습니다! 내일 뵙겠습니다!"""". 셋째, 동료를 격려할 때: """"선배님, 오늘 하루도 정말 고생 많으셨습니다!"""". 넷째, 안전 퇴근 점검을 할 때: """"메인 전원 내리고 콤프레셔 밸브 잠갔습니다."""". 다섯째, 격식 있는 맺음말을 할 때: """"주말 잘 보내시고 편안한 저녁 되십시오."""""",필수 핵심 어휘 및 현장 발화 훈련""",1JA1DQ2tgedmjxXm9uKN_1W_3PuHjZKsK
manager,13,5,퇴근 시 상사와 동료 대상 바른 인사,"""퇴근 시 상사와 동료 대상 바른 인사 - 퇴근길 허리를 깊이 숙여 상사와 동료에게 건네는 바른 퇴근 인사 예절 및 따뜻한 소통 안내. 퇴근 시 상사와 동료 대상 바른 인사를 다루고 있어요. 화면 상단의 사진 자료를 아주 자세히 살펴보세요! 퇴근길 출입문 앞에서, 평상복으로 환복한 외국인 근로자 분이 반장님과 선배들을 향해 두 손을 모으고 허리를 깊이 숙여 """"반장님, 선배님! 먼저 들어가겠습니다! 수고하셨습니다!""""라고 활기차게 인사하고 있어요. 그 위로 '허리 숙여 퇴근 완료' 말풍선이 떠 있고, 마중하시는 한국인 상사분들이 미소를 지으며 손을 흔들어 """"어, 잘 가! 고생했어, 조심히 들어가!""""라며 따뜻하게 화답해 주고 있답니다. 우측 상단에는 '퇴근 예절 준수' 악수 마크가 보여요. 이렇게 허리를 숙여 나누는 신뢰의 퇴근길은 우리 직장생활을 아주 기분 좋게 마무리해 준답니다!"",퇴근 시 상사와 동료 대상 바른 인사""",1JA1DQ2tgedmjxXm9uKN_1W_3PuHjZKsK
manager,13,6,외국인 근로자를 위한 직무 및 문화 가이드,"""외국인 근로자를 위한 직무 및 문화 가이드 - '수고하세요' 표현 주의, 몰래 퇴근 금지, 퇴근 전 3대 안전 체크(전원·에어·화재) 등 한국 직장 문화 및 안전 3대 핵심 안내. '수고하세요'는 윗사람에게 실례: 한국어 '수고'는 '고생하라'는 아랫사람에게 하는 뉘앙스가 있어 상사에게 쓰면 결례가 됩니다. 상사에게 먼저 퇴근할 때는 반드시 """"반장님, 먼저 들어가겠습니다! 내일 뵙겠습니다!""""라고 표현하셔야 해요. 몰래 퇴근('도망 퇴근')은 금물: 종이 울리자마자 인사도 없이 쏜살같이 도망치듯 나가는 직원은 아주 무책임하게 보여요. 반장님과 눈을 마주치며 정식으로 건네는 5초의 인사가 직장 신뢰를 완성한답니다. 퇴근 전 3대 안전 체크 (전원·에어·화재): 야간 공장 화재 원인의 80%는 히터나 납땜기, 전원 스위치를 켜두고 가기 때문이에요. 내가 사용한 전열기와 기계 스위치가 꺼졌는지 3초간 손가락으로 가리키며 지적확인해 주세요."",외국인 근로자를 위한 직무 및 문화 가이드""",1JA1DQ2tgedmjxXm9uKN_1W_3PuHjZKsK
manager,13,7,현장 실전 롤플레잉 모범 대화 연습,"""현장 실전 롤플레잉 모범 대화 연습 - 조립 라인 마무리 정리 보고와 정중한 퇴근 인사 및 동료 격려 실전 대화 안내. 장면 1: 조립 라인 마무리 및 정리 보고\n외국인 근로자 (알리): """"반장님, 오늘 배정받은 조립 라인 청소 끝내고 퇴근 준비 마쳤습니다.""""\n작업반장 (한국인): """"그래, 오늘 출하 물량 맞추느라 고생 진짜 많았어. 푹 쉬고 조심히 들어가.""""\n외국인 근로자 (알리): """"감사합니다! 기계 전원 내리고 에어 밸브도 완벽히 잠갔습니다!"""" 장면 2: 정중한 퇴근 인사와 동료 격려\n외국인 근로자 (알리, 허리 숙여 인사): """"반장님, 먼저 들어가겠습니다! 오늘 하루 고생 많으셨습니다!""""\n동료 선배 (한국인): """"어, 알리 씨 잘 가! 내일 아침에 보자고!""""\n외국인 근로자 (알리): """"선배님도 남은 야근 힘내십시오! 내일 웃는 얼굴로 뵙겠습니다!"""""",현장 실전 롤플레잉 모범 대화 연습""",1JA1DQ2tgedmjxXm9uKN_1W_3PuHjZKsK
manager,13,8,퇴근 전 작업장 안전 점검 및 인사 체크리스트,"""퇴근 전 작업장 안전 점검 및 인사 체크리스트 표 - 설비 전원 차단, 환경 정돈, 창문·문단속, 퇴근 인사 등 현장 퇴근 전 점검해야 할 4대 핵심 체크리스트 안내. 설비 전원: 가공 기계 메인 전원 스위치 차단 및 에어 밸브 잠금 확인 ([V] 확인완료 - 소등 상태 점검). 환경 정돈: 바닥 빗자루질, 분리수거 및 작업 공구함 정리정돈 완료 ([V] 청소완료 - 통로 확보 양호). 창문/문단속: 작업장 창문 닫힘 상태 및 최종 출입문 시건장치 확인 ([V] 완료 - 경비실 인계). 퇴근 인사: 상사와 동료에게 """"먼저 들어가겠습니다"""" 정중한 인사 실행 ([V] 실천완료 - 근무 태도 우수)"",퇴근 전 작업장 안전 점검 및 인사 체크리스트 표""",1JA1DQ2tgedmjxXm9uKN_1W_3PuHjZKsK
manager,13,9,퇴근길 5초의 인사가 최고의 신뢰를 만듭니다,"""핵심 메시지: 퇴근길 5초의 인사가 최고의 신뢰를 만듭니다 - 작업대 정리정돈과 상사와 눈을 맞추며 건네는 5초의 정중한 퇴근 인사가 만드는 직장 내 신뢰와 성실한 인상 강조. 퇴근길 5초의 인사가 최고의 신뢰를 만듭니다! 한국 공장에서 하루를 마무리할 때, 조용히 짐을 챙겨 휙 사라지는 사람은 결코 신뢰를 얻기 어려워요. 작업대 주변을 깔끔히 정리하고 상사의 눈을 맞추며 건네는 5초의 퇴근 인사가 나를 가장 빛나게 만들어 준답니다. """"반장님, 먼저 들어가겠습니다! 오늘도 수고하셨습니다!""""라는 정중한 인사 한마디는 동료들에게 깊은 배려와 성실한 인상을 남겨줘요!"",핵심 메시지: 퇴근길 5초의 인사가 최고의 신뢰를 만듭니다""",1JA1DQ2tgedmjxXm9uKN_1W_3PuHjZKsK
manager,13,10,학생용 실습 보고서 과제 체크리스트,"""학생용 실습 보고서 과제 체크리스트 - 제13장 하루 마무리와 퇴근 인사 학습 내용 점검을 위한 현장 실전 4가지 실습 과제 및 자가 점검 체크리스트 안내. 과제 1 (상황별 퇴근 인사 발화): 상사보다 내가 먼저 퇴근할 때 드릴 가장 바른 인사말 """"반장님, 먼저 들어가겠습니다! 오늘 하루 고생 많으셨습니다!"""" 작성하기!. 과제 2 (남아있는 선배 격려 인사): 잔업이나 야근하는 동료 선배에게 건넬 격려 인사말 """"선배님, 오늘 하루 고생 많으셨습니다! 남은 작업도 힘내십시오!"""" 작성하기!. 과제 3 (퇴근 전 설비 5S 점검 체크): 기계 전원 스위치 Off 확인, 에어 밸브 잠금, 작업대 바닥 빗자루질 청소 완료 여부 [V 체크]. 과제 4 (금요일 주말 퇴근 맺음말): 금요일 퇴근 시 상사에게 드릴 주말 격식 인사 """"주말 편안하게 잘 보내시고 월요일에 뵙겠습니다"""" 작성하기!"",학생용 실습 보고서 과제 체크리스트""",1JA1DQ2tgedmjxXm9uKN_1W_3PuHjZKsK
manager,13,11,실기 역량 평가 기준 및 배점표,"""실기 역량 평가 기준 및 배점표 - 제13장 하루 마무리와 퇴근 인사 실기 역량 평가 기준 및 100점 만점(합격 기준 80점) 배점 안내. 기준 1 (퇴근 인사 구사력 - 35점): """"먼저 들어가겠습니다"""", """"수고하셨습니다""""를 상황과 대상에 맞게 정확히 쓰는가?. 기준 2 (설비 전원 차단 - 25점): 기계 전원 차단, 에어 밸브 잠금 등 야간 화재 방지 안전 조치를 완벽히 마치는가?. 기준 3 (작업장 5S 청소 - 25점): 바닥 빗자루질과 공구함 정돈 등 작업장 주변 5S 청소를 단정하게 완료하는가?. 기준 4 (현장 태도 및 예절 - 15점): 도망치듯 나가지 않고 밝은 미소와 바른 자세로 동료를 배려하는 품격을 갖추었는가?"",실기 역량 평가 기준 및 배점표""",1JA1DQ2tgedmjxXm9uKN_1W_3PuHjZKsK
manager,13,12,단원 마무리 & 이해도 점검,"""[제13장] 최종 마무리 및 이해도 점검 퀴즈 - 제13장 하루 마무리와 퇴근 인사 최종 퀴즈(퇴근 인사말, 설비 안전 점검, 상사 대상 표현) 및 전체 교재 대단원 수료 축하 메시지 안내. Q1. 오늘 일을 마치고 남아있는 동료들에게 건네는 가장 바른 퇴근 인사는 무엇일까요?   👉 정답: """"먼저 들어가겠습니다! 오늘 하루도 모두 수고하셨습니다!""""!. Q2. 퇴근 전 기계 주변에서 반드시 확인해야 할 안전 조치는 무엇인가요?   👉 정답: 메인 전원 스위치를 끄고, 에어 밸브를 잠그며, 주변 바닥을 깨끗이 청소하기!. Q3. 상사보다 내가 먼저 퇴근할 때 올바른 한국어 표현은 무엇일까요?   👉 정답: '수고하세요' 대신 """"반장님, 먼저 들어가겠습니다. 편안한 저녁 되십시오!""""라고 말하기!"",최종 마무리 및 이해도 점검 퀴즈""",1JA1DQ2tgedmjxXm9uKN_1W_3PuHjZKsK
manager,14,1,제14장 한국 회식 자리 기본 예절,"""[제14장] 한국 회식 자리 기본 예절 - 상석과 하석 자리 안내, 수저 및 물 세팅, 두 손 건배와 고개 돌려 마시기 음주 매너 학습 개요. 여러분 반갑습니다! 이번 시간에는 우리와 함께 제14장 한국 회식 자리 기본 예절 과정을 배워볼 거예요. 상석과 하석 자리 안내하기, 수저 및 물 세팅하기, 그리고 두 손 건배와 고개 돌려 마시기 음주 매너까지 아주 꼼꼼하게 다뤄볼 거랍니다. 이번 장을 통해 한국 회식 문화의 진정한 의미를 이해하고 사랑받는 직장인이 되어 보자고요!"",한국 회식 자리 기본 예절 오프닝""",1LIQcxUIgI71ZE3Py_uZp-UklT1pAb9Av
manager,14,2,단원 개요 및 핵심 학습 목표,"""단원 개요 및 핵심 학습 목표 - 한국 회식 문화의 의미, 상석·하석 자리 구분, 수저·물 세팅 및 두 손 건배·음주 예절 학습 개요. 이번 페이지는 단원 개요 및 핵심 학습 목표를 다루는 파트랍니다. 먼저 상황 설정 및 필요성을 볼까요? 한국 기업에서 회식은 단순한 음주 자리가 아닙니다. 낮 동안의 업무 스트레스를 해소하고 팀원 간의 신뢰와 정을 다지는 ''소통의 연장선''이랍니다. 상석과 하석을 구분하여 상사를 편안한 자리에 안내하고, 냅킨 위에 수저를 세팅하며, 두 손으로 건배에 참여하는 성숙한 직장인 에티켓을 길러보겠습니다., 지식 목표: 한국 식당의 상석(안쪽)과 하석(출입문 쪽), 수저·물잔 세팅 매너, 건배 예절(두 손 들기, 잔 낮추기, 고개 돌리기) 이해., 수행 목표: 상사를 상석에 정중히 모시고, 수저와 물을 세팅하며, 건배 구호에 맞추어 두 손으로 예의 바르게 음주에 동참할 수 있다."",단원 개요 및 핵심 학습 목표""",1LIQcxUIgI71ZE3Py_uZp-UklT1pAb9Av
manager,14,3,식당 테이블 상석(안쪽)과 하석(출입문) 배치도,"""식당 테이블 상석과 하석 배치도 - 식당 내 상석(안쪽 상사 자리)과 하석(출입문 쪽 막내 자리) 배치 기준 및 정중한 착석 권유 예절 안내. 식당 테이블 상석(안쪽)과 하석(출입문) 배치도에 대한 내용이에요. 화면 상단에 있는 사진 자료를 다 같이 아주 주의 깊게 봐주세요! 구내식당 테이블 앞에서 작업복을 입은 근로자 분이 의자를 공손히 빼며 상사를 안쪽으로 안내하고 있어요. 보드판처럼 안쪽 자리는 ''상석 (Chief Seat) - 안쪽/상사/어르신''으로 명당자리라 표시되어 있고, 출입문 쪽은 ''하석 (Subordinate Seat) - 출입문 쪽/막내/서빙''으로 표시되어 있답니다. 식당 자리 배치 4가지 핵심이에요!   상석 (안쪽 명당자리): 출입문 바람이나 종업원·손님의 이동 동선에 방해받지 않고 방 전체를 조망하는 가장 안쪽 아늑한 자리(사장님, 반장님)입니다.   하석 (출입문 바깥쪽): 출입문과 가장 가깝고 추가 주문이나 반찬 서빙을 돕기 편리한 바깥쪽 자리(신입 근로자, 막내)예요.   정중한 착석 권유: 식당 도착 즉시 """"반장님, 바깥쪽은 문이 열려 추우니 안쪽 따뜻하고 편안한 자리에 앉으십시오!""""라고 상석을 권합니다.   자발적 배려: 자신이 먼저 안쪽 좋은 자리에 털썩 앉지 않고, 상사와 선배가 착석한 후 자연스럽게 하석에 앉는 것이 기본 예절이에요."",식당 테이블 상석과 하석 배치도""",1LIQcxUIgI71ZE3Py_uZp-UklT1pAb9Av
manager,14,4,필수 핵심 어휘 및 현장 발화 훈련,"""필수 핵심 어휘 및 현장 발화 훈련 - 상석 양보, 수저 및 물 세팅, 건배 구호, 고개 돌려 마시기 등 5가지 상황별 회식 에티켓 필수 현장 발화 표현 학습. 첫째, 상석을 양보하고 안내할 때: """"반장님, 이쪽 안쪽 편한 자리에 앉으십시오."""". 둘째, 테이블을 세팅할 때: """"제가 시원한 물 따라 드리고 냅킨 위에 수저 놓아 드리겠습니다."""". 셋째, 건배 구호를 제창할 때: """"다 함께 우리 1조의 무재해와 안전을 위하여! 짠!"""". 넷째, 고개 돌려 마실 때(음주 공경 예절): """"상사에게 직접 목넘김을 보이지 않는 전통 예절."""". 다섯째, 회식의 의미를 되새길 때: """"오늘 회식 자리 덕분에 선배님들과 마음을 터놓고 많이 친해졌습니다."""""",필수 핵심 어휘 및 현장 발화 훈련""",1LIQcxUIgI71ZE3Py_uZp-UklT1pAb9Av
manager,14,5,냅킨 수저 세팅 및 두 손 건배 음주 예절,"""냅킨 수저 세팅 및 두 손 건배 음주 예절 - 상사 앞 위생적인 냅킨 수저 세팅 방법과 두 손으로 잔을 낮추어 부딪히고 고개를 돌려 마시는 공경 음주 예절 안내. 냅킨 수저 세팅 및 두 손 건배 음주 예절을 다루고 있어요. 화면 상단의 사진 자료를 아주 자세히 살펴보세요! 왼쪽 사진에서는 외국인 근로자 분이 식탁 위에 냅킨을 깔고 그 위에 수저를 가지런히 놓아드리는 '상사 앞 수저 세팅 예절'을 보여주고 있어요. 오른쪽 사진에서는 두 손으로 술잔을 다정하게 부딪히며 '두 손 건배 및 고개 돌림 예절'을 실천하고 있답니다. 상사 앞에서 고개를 살짝 옆으로 돌려 손으로 잔을 가리고 마시는 모습이 아주 정중해 보이죠? 센스 있는 세팅과 공경의 건배 요령이에요!   냅킨 위 수저 세팅 (O): 기름진 식탁에 냅킨을 깔고 수저와 물을 놓아드리는 작은 센스가 상사에게 큰 호감과 싹싹함을 줍니다.   두 손 건배 & 고개 돌림 (O): 상사의 잔보다 약간 낮추어 잔을 부딪히고, 두 손으로 잔을 감싸 쥔 채 옆으로 고개를 돌려 마셔요."",냅킨 수저 세팅 및 두 손 건배 음주 예절""",1LIQcxUIgI71ZE3Py_uZp-UklT1pAb9Av
manager,14,6,외국인 근로자를 위한 직무 및 문화 가이드,"""외국인 근로자를 위한 직무 및 문화 가이드 - 상석·하석 자리 구분, 냅킨 위 수저 세팅 센스, 건배 잔 높이와 고개 돌림의 공경 음주 예절 안내. 상석(上席)과 하석(下席)의 기준: 상석은 벽을 등지고 전체가 보이는 아늑한 안쪽 자리입니다. 하석은 출입문과 셀프바에 가까워 주문과 서빙을 돕는 자리로, 신입이나 막내가 앉는 것이 기본 센스예요. 냅킨 위 수저 세팅의 감동: 식당 테이블에 냅킨 한 장을 곱게 깔고 수저와 물잔을 놓아드리면 한국 상사는 """"참 싹싹하고 눈치가 빠르다""""며 아주 흡족해한답니다. 작은 정성이 직장 내 두터운 신뢰를 만들어 줘요. 건배 잔 높이와 고개 돌림의 비밀: 윗사람과 건배할 때 내 잔의 윗부분을 상사의 잔보다 살짝 아래로 낮추어 부딪힙니다. 마실 때는 상사 정면을 보지 않고 고개를 옆으로 돌려 손으로 가리고 마셔요."",외국인 근로자를 위한 직무 및 문화 가이드""",1LIQcxUIgI71ZE3Py_uZp-UklT1pAb9Av
manager,14,7,현장 실전 롤플레잉 모범 대화 연습,"""현장 실전 롤플레잉 모범 대화 연습 - 식당 착석 및 수저 세팅과 단합 건배 제의 및 공손한 음주 실전 대화 안내. 장면 1: 식당 착석 및 테이블 수저 세팅\n외국인 근로자 (바트): """"반장님, 바깥쪽은 문이 열려 추우니 안쪽 따뜻한 자리에 앉으십시오.""""\n작업반장 (한국인): """"오, 바트 씨 센스 만점이네! 고마워, 여기 앉을게.""""\n외국인 근로자 (바트, 냅킨 깔고 수저 놓으며): """"반장님, 시원한 물 따라 드리고 수저 놓아 드리겠습니다."""" 장면 2: 단합 건배 제의 및 공손한 음주\n작업반장 (한국인): """"자, 오늘 한 달 동안 다들 잔업하느라 고생 많았어. 다 같이 잔 들자! 우리 1조 화이팅!""""\n외국인 근로자 (바트, 두 손으로 잔 낮추며): """"네! 우리 1조 최고! 안전과 회사를 위하여 건배! 짠!""""\n외국인 근로자 (바트): (상사 반대 방향으로 고개를 돌리고 손으로 가려 마신다.)"",현장 실전 롤플레잉 모범 대화 연습""",1LIQcxUIgI71ZE3Py_uZp-UklT1pAb9Av
manager,14,8,한국 회식 문화 기본 에티켓 롤플레잉 평가지,"""한국 회식 문화 기본 에티켓 롤플레잉 평가지 표 - 착석 단계(상석 안내), 세팅 단계(수저·냅킨 정돈), 수령 단계(두 손 음료 받기), 건배 단계(잔 낮추기 및 고개 돌려 마시기) 등 4대 회식 에티켓 평가지 안내. 1. 착석 단계 (상석/하석 구분 및 자리 안내): 상사를 안쪽 상석으로 모시고 본인은 출입문 쪽 하석 착석하기 ([V] 우수). 2. 세팅 단계 (수저, 냅킨, 물잔 정돈): 식탁 위 냅킨을 깔고 수저를 정갈하게 배치하며 물 따르기 ([V] 우수). 3. 수령 단계 (두 손으로 음료/주류 받기): 상사가 음료나 술을 따를 때 주머니에서 손을 빼고 두 손으로 수령하기 ([V] 우수). 4. 건배 단계 (잔 낮추기 및 고개 돌려 마시기): 상사 잔보다 낮게 부딪히고, 고개를 옆으로 돌려 손으로 가리고 마시기 ([V] 우수)"",한국 회식 문화 기본 에티켓 롤플레잉 평가지 표""",1LIQcxUIgI71ZE3Py_uZp-UklT1pAb9Av
manager,14,9,작은 배려 하나가 최고의 호감을 만듭니다,"""핵심 메시지: 작은 배려 하나가 최고의 호감을 만듭니다 - 한국 회식 문화에서 주량보다 중요한 음료를 통한 어울림, 냅킨 세팅과 잔 낮추기 등 작은 배려가 전달하는 존중과 감동 강조. 자, 이번 페이지의 아주 따뜻하고 멋진 핵심 메시지예요! 작은 배려 하나가 최고의 호감을 만듭니다! 한국의 회식 문화에서 주량은 결코 중요하지 않습니다. 술을 마시지 못해도 음료수 잔을 들고 함께 """"짠!""""을 외치며 어울리는 마음가짐이 가장 핵심이에요. 상사 앞에 깔아드린 냅킨 한 장과 상사 잔보다 살짝 낮춘 건배 잔 한 번이 말보다 더 깊은 존중과 감동을 전달해 준답니다!"",핵심 메시지: 작은 배려 하나가 최고의 호감을 만듭니다""",1LIQcxUIgI71ZE3Py_uZp-UklT1pAb9Av
manager,14,10,학생용 실습 보고서 과제 체크리스트,"""학생용 실습 보고서 과제 체크리스트 - 제14장 한국 회식 자리 기본 에티켓 학습 내용 점검을 위한 현장 실전 4가지 실습 과제 및 자가 점검 체크리스트 안내. 과제 1 (상석 자리 안내 발화): 식당에 도착하여 반장님을 안쪽 명당으로 안내할 때 """"반장님, 이쪽 안쪽 따뜻하고 편안한 자리에 앉으십시오."""" 발화 작성하기!. 과제 2 (테이블 수저 세팅 멘트): 냅킨을 깔고 숟가락과 물을 채워드릴 때 """"제가 시원한 물 따라 드리고 냅킨 위에 수저 놓아 드리겠습니다."""" 구두 연습하기!. 과제 3 (건배 구호 복창 연습): 오늘 회식 자리에서 팀원들과 함께 외칠 건배 구호 """"다 함께 우리 1조의 안전과 건강을 위하여, 짠!"""" 제창 훈련하기!. 과제 4 (회식 기본 매너 자가체크): 술/음료를 받을 때 두 손으로 쥐고, 마실 때 고개를 옆으로 돌려 손으로 가리고 마셨는가? [V 체크]"",학생용 실습 보고서 과제 체크리스트""",1LIQcxUIgI71ZE3Py_uZp-UklT1pAb9Av
manager,14,11,실기 역량 평가 기준 및 배점표,"""실기 역량 평가 기준 및 배점표 - 제14장 한국 회식 자리 기본 에티켓 실기 역량 평가 기준 및 100점 만점(합격 기준 80점) 배점 안내. 기준 1 (자리 안내 매너 - 25점): 출입문과 안쪽 자리를 구분하여 상사를 안쪽 상석으로 배려해 안내하는가?. 기준 2 (테이블 세팅력 - 25점): 냅킨을 깔고 수저와 물을 자발적으로 정돈해 놓는 싹싹함을 보이는가?. 기준 3 (음주 공경 예절 - 25점): 음료를 두 손으로 받고 윗사람 앞에서 고개를 옆으로 돌려 가리고 마시는가?. 기준 4 (팀워크 형성도 - 25점): 건배 구호에 맞추어 밝은 표정으로 회식 분위기와 팀워크에 적극 동참하는가?"",실기 역량 평가 기준 및 배점표""",1LIQcxUIgI71ZE3Py_uZp-UklT1pAb9Av
manager,14,12,단원 마무리 & 이해도 점검,"""[제14장] 최종 마무리 및 이해도 점검 퀴즈 - 제14장 한국 회식 자리 기본 예절 최종 퀴즈(상석 안내, 두 손 음료 수령, 잔 낮추기 및 고개 돌려 마시기) 및 글로벌한국직무언어소통관리사 전체 교재 대단원 수료 축하 메시지 안내. Q1. 한국 식당에서 회식 자리에 앉을 때 가장 올바른 행동은 무엇일까요?   👉 정답: """"반장님과 상사를 안쪽 편안한 상석으로 안내하고, 나는 출입문 쪽 하석에 앉기!""""!. Q2. 상사가 건배를 제의하며 술이나 음료수를 따라줄 때 올바른 매너는 무엇인가요?   👉 정답: """"주머니에서 손을 빼고 두 손으로 공손하게 잔을 감싸 쥐며 받기!""""!. Q3. 상사와 함께 건배하고 마실 때 지켜야 할 한국 고유의 예절은 무엇일까요?   👉 정답: """"상사 잔보다 낮게 부딪히고, 고개를 옆으로 살짝 돌려 손으로 가리고 마시기!"""""",최종 마무리 및 이해도 점검 퀴즈""",1LIQcxUIgI71ZE3Py_uZp-UklT1pAb9Av
manager,15,1,제15장 술 못 마실 때 정중하게 거절하기,"""[제15장] 술 못 마실 때 정중하게 거절하기 - 종교나 건강상 이유로 음주가 어려울 때 정중한 거절 사유 설명, 음료수(사이다·콜라) 대체 건배, 2차 회식 정중한 사양법 학습 개요. 이번 시간에는 우리와 함께 제15장 술 못 마실 때 정중하게 거절하기 과정을 배워볼 거예요. 종교나 건강상 사유로 술을 마시지 못할 때 정중하게 설명하고, 사이다나 콜라 같은 음료수로 대체하여 건배하며, 2차 회식을 정중하게 사양하는 실무를 아주 꼼꼼하게 다뤄볼 거랍니다. 이번 장을 통해 회식 분위기를 해치지 않으면서도 내 신념을 지키는 지혜로운 소통법을 확실하게 익혀보자고요!"",술 못 마실 때 정중하게 거절하기 오프닝""",1gl02DQ3N9Mkc1M9VlmX04SX2ITQFYEtI
manager,15,2,단원 개요 및 핵심 학습 목표,"""단원 개요 및 핵심 학습 목표 - 한국 권주 문화의 본질 이해, 종교 및 체질상 완곡한 거절 화법과 음료수 대체 건배 전략 학습 개요. 이번 페이지는 단원 개요 및 핵심 학습 목표를 다루는 파트랍니다. 먼저 상황 설정 및 필요성을 볼까요? 이슬람이나 불교 등 종교적 신념이나 건강상의 이유로 술을 마시지 못할 때 무조건 손사래를 치며 정색하면 회식 분위기를 크게 해칠 수 있어요. 상대방의 권유에 담긴 친밀한 호의에 먼저 감사하고, 사이다나 콜라로 잔을 채워 건배에 함께하는 완곡하고 지혜로운 소통법을 배워보겠습니다., 지식 목표: 한국 권주(술 권유) 문화의 본질(친해지자는 호의), 종교·체질상 완곡한 거절 화법 및 대체 건배 전략 이해., 수행 목표: 권유에 선(先)감사하고, 사유를 솔직히 밝히며, 음료수 대체 건배를 제안하여 동료와의 유대감을 유지할 수 있다."",단원 개요 및 핵심 학습 목표""",1gl02DQ3N9Mkc1M9VlmX04SX2ITQFYEtI
manager,15,3,술 권유 시 웃으며 공손하게 사유 설명하기,"""술 권유 시 웃으며 공손하게 사유 설명하기 - 상사의 술 권유에 대한 선(先)감사 표명, 두 손과 미소를 띤 종교 및 건강상 사유의 공손한 거절 화법과 관계 중심 태도 안내. 이번 페이지는 술 권유 시 웃으며 공손하게 사유 설명하기에 대한 내용이에요. 화면 상단에 있는 사진 자료를 좌우로 아주 꼼꼼히 비교해서 살펴보세요! 왼쪽 초록색 동그라미(O)가 있는 ''바른 거절 자세'' 사진을 보면, 상사분이 소주병을 들고 술을 따르려 할 때 외국인 근로자 분이 두 손을 가슴에 모으고 온화한 미소를 지으며 """"반장님, 죄송합니다. 저는 종교적인 이유로 술을 마시지 못합니다. 양해 부탁드립니다.""""라고 공손히 말하고 있어요. 중앙에는 ''음주 예절 준수'' 마크가 쾅 찍혀 있답니다. 반면에 오른쪽 붉은색 X 표시가 있는 ''나쁜 거절 자세'' 사진을 보세요! 상사가 술을 따르는데 인상을 찌푸리며 손사래를 치고 """"아, 싫어요! 안 마신다고요!""""라며 소리를 지르는 아주 무례한 모습이 대조되어 있어요. 핵심 요령이에요!   호의에 대한 선(先)감사: 상사가 술을 따르려 할 때 """"저를 챙겨주셔서 정말 감사합니다!""""라고 감사를 먼저 표합니다.   공손한 두 손과 미소 (O): 두 손을 가슴에 모으고 온화한 미소를 띠며 """"제가 종교적인 이유로 술을 마시지 못합니다. 양해 부탁드립니다""""라고 밝혀요.   관계 중심 거절: 술은 거절하되 상대방의 마음은 거절하지 않는 성숙하고 유연한 태도가 회식의 평화를 지킨답니다."",술 권유 시 웃으며 공손하게 사유 설명하기""",1gl02DQ3N9Mkc1M9VlmX04SX2ITQFYEtI
manager,15,4,필수 핵심 어휘 및 현장 발화 훈련,"""필수 핵심 어휘 및 현장 발화 훈련 - 종교·건강상 사유 설명, 대체 음료 제안, 회식 동참 매너, 2차 정중한 사양 등 5가지 상황별 술 거절 및 소통 현장 발화 표현 학습. 첫째, 솔직한 사유를 설명할 때: """"죄송합니다 선배님, 제가 종교적인 이유로 술을 마시지 못합니다."""". 둘째, 대체 음료를 제안할 때: """"챙겨주셔서 감사합니다! 대신 사이다로 잔을 채워 올려도 되겠습니까?"""". 셋째, 회식에 동참하는 매너를 보일 때: """"잔에 항상 콜라나 사이다를 채워 건배에 적극적으로 참여합니다."""". 넷째, 2차를 완곡하게 사양할 때: """"내일 안전한 작업을 위해 저는 1차만 하고 들어가 보겠습니다."""". 다섯째, 정중한 사과의 말을 덧붙일 때: """"너그러운 양해 부탁드립니다. 좋은 밤 되십시오!"""""",필수 핵심 어휘 및 현장 발화 훈련""",1gl02DQ3N9Mkc1M9VlmX04SX2ITQFYEtI
manager,15,5,사이다 캔으로 함께 짠하는 대체 건배,"""사이다 캔으로 함께 짠하는 대체 건배 - 술 대신 사이다 등 대체 음료를 자발적으로 선택하여 밝게 건배를 제안하고 팀워크와 화합을 유지하는 방법 안내. 이번 페이지는 사이다 캔으로 함께 짠하는 대체 건배를 다루고 있어요. 화면 상단의 사진 자료를 아주 자세히 살펴보세요! 왼쪽 사진에서는 외국인 근로자 분이 ''알코올 대체 음료 선택''으로 초록색 사이다 캔을 들어 자신의 잔에 직접 시원하게 따르고 있어요. 오른쪽 사진에서는 사이다 잔을 높이 들고 한국인 상사분과 """"반장님, 분위기를 깨지 않기 위해 저는 대신 사이다로 짠 하겠습니다!""""라며 환하게 웃으며 건배를 나누고 있답니다. 반장님 머리 위에는 """"오, 센스 만점! 굿!""""이라는 칭찬 말풍선이 둥둥 떠 있어요. 중앙에는 ''음주 예절 준수 및 화합'' 도장 마크가 빛나고 있네요. 분위기를 살리는 적극적 대체 건배 요령이에요!   알코올 대체 음료 자발적 선택 (O): 술잔 대신 사이다 캔을 들어 스스로 잔을 가득 채우고 선배에게 건배를 청합니다.   화합의 대체 건배 성공: """"반장님, 분위기를 깨지 않기 위해 저는 대신 사이다로 짠 하겠습니다!""""라고 외치면 상사는 """"오, 센스 만점!""""이라며 크게 칭찬해 주신답니다."",사이다 캔으로 함께 짠하는 대체 건배""",1gl02DQ3N9Mkc1M9VlmX04SX2ITQFYEtI
manager,15,6,외국인 근로자를 위한 직무 및 문화 가이드,"""외국인 근로자를 위한 직무 및 문화 가이드 - 한국의 술 권유 문화 본질(친밀함의 호의), 빈 잔 방지 대체 음료 활용법, 그리고 안전 작업을 명분으로 한 2차 회식의 정중한 사양법 안내. 한국인이 술을 권하는 진짜 마음: 한국에서 상사가 술을 권하는 것은 괴롭히려는 것이 아니라 """"너와 친해지고 싶다"""", """"고생 많았다""""는 따뜻한 호의입니다. 술은 사양하더라도 상사의 마음에 대해서는 먼저 감사하셔야 해요. 절대 잔을 비워두지 마세요: 잔이 비어 있으면 주위 사람들은 """"왜 안 마셔? 한잔 받아!""""라며 계속 권하게 됩니다. 사이다, 콜라, 보리차 등을 항상 가득 채워두면 자연스럽게 건배를 즐길 수 있답니다. 2차를 빠져나오는 완벽한 명분: 2차가 부담스러울 때 """"피곤해요""""라고 하면 분위기가 어색해져요. """"내일 아침 기계 작업에서 불량을 내지 않고 안전하게 일하기 위해 쉬겠습니다""""라고 말하면 모두가 감동하며 기분 좋게 보내준답니다."",외국인 근로자를 위한 직무 및 문화 가이드""",1gl02DQ3N9Mkc1M9VlmX04SX2ITQFYEtI
manager,15,7,현장 실전 롤플레잉 모범 대화 연습,"""현장 실전 롤플레잉 모범 대화 연습 - 술 권유에 대한 감사와 종교적 사유 설명 및 대체 음료(사이다) 건배 제안, 그리고 안전 작업을 명분으로 한 2차 회식 정중한 귀가 사양 실전 대화 안내. 장면 1: 술 권유 시 감사 및 대체 건배 제안\n한국인 선배: """"알리 씨, 오늘 한 달 동안 진짜 고생 많았어! 소주 한잔 시원하게 받아!""""\n외국인 근로자 (알리, 두 손 모으며): """"선배님, 저를 챙겨주셔서 정말 감사합니다! 그런데 죄송하지만 제가 종교 때문에 술을 마시지 못합니다.""""\n한국인 선배: """"아, 맞다! 알리 씨 무슬림이었지? 깜빡했네, 미안해!""""\n외국인 근로자 (알리, 사이다 따르며): """"아닙니다! 대신 이 시원한 사이다로 선배님께 건배 올려도 되겠습니까? 짠!"""" 장면 2: 2차 노래방 권유 시 정중한 귀가 사양\n작업반장 (한국인): """"자, 고기 다 먹었으니 2차 노래방 가서 맥주 한 캔 더 마시고 놀자!""""\n외국인 근로자 (알리, 허리 숙여 인사): """"반장님, 오늘 1차 자리 너무 즐겁고 감사했습니다! 하지만 내일 아침 정밀 프레스 작업을 안전하게 수행하기 위해 저는 오늘 1차만 마치고 들어가 보겠습니다!""""\n작업반장 (한국인): """"오, 알리 씨 안전 의식 대단한데? 그래, 푹 자고 내일 보자고!"""""",현장 실전 롤플레잉 모범 대화 연습""",1gl02DQ3N9Mkc1M9VlmX04SX2ITQFYEtI
manager,15,8,술을 안 마셔도 100% 하나가 될 수 있습니다,"""핵심 메시지: 술을 안 마셔도 100% 하나가 될 수 있습니다 - 강요 없는 현대 회식 문화 속에서 음주 능력보다 중요한 긍정적 태도, 상사 호의에 대한 감사, 그리고 사이다 잔을 통한 대안 제시와 신뢰 형성 강조. 이번 페이지의 아주 멋진 핵심 메시지예요! 술을 안 마셔도 100% 하나가 될 수 있습니다! 한국의 현대 회식 문화는 결코 억지로 술을 강요하지 않아요. 가장 중요한 것은 술을 마시는 능력이 아니라 """"동료들과 한마음으로 어울리려는 긍정적인 태도""""랍니다. 상사의 호의에 먼저 감사하고, 사이다 잔을 부딪히며 함께 웃는 센스 있는 대안 제시가 회식 자리에서 100%의 두터운 신뢰를 만들어 준다는 거, 잊지 마세요!"",핵심 메시지: 술을 안 마셔도 100% 하나가 될 수 있습니다""",1gl02DQ3N9Mkc1M9VlmX04SX2ITQFYEtI
manager,15,9,학생용 실습 보고서 과제 체크리스트,"""학생용 실습 보고서 과제 체크리스트 - 제15장 술 못 마실 때 정중하게 거절하기 학습 내용 점검을 위한 현장 실전 4가지 실습 과제 및 자가 점검 체크리스트 안내. 과제 1 (호의 감사 및 정중한 거절 발화): 소주 권유 시 """"저를 챙겨주셔서 감사합니다. 그런데 제가 종교적인 이유로 술을 마시지 못합니다."""" 작성 및 구두 실습하기!. 과제 2 (대체 음료 건배 제안문): 술 대신 음료수로 함께 짠을 권유할 때 """"대신 시원한 사이다로 건배 한잔 올려도 되겠습니까?"""" 발화 훈련하기!. 과제 3 (2차 회식 정중 사양 문장): 내일 안전 작업을 이유로 완곡히 사양할 때 """"오늘 자리 정말 즐거웠습니다. 내일 안전한 작업을 위해 1차만 마치고 쉬겠습니다."""" 작성하기!. 과제 4 (회식 기본 매너 다짐 체크): 정색하지 않고 미소 띤 표정으로 양해를 구했는가? 잔을 비워두지 않고 사이다/물을 채워 함께 건배했는가?"",학생용 실습 보고서 과제 체크리스트""",1gl02DQ3N9Mkc1M9VlmX04SX2ITQFYEtI
manager,15,10,실기 역량 평가 기준 및 배점표,"""실기 역량 평가 기준 및 배점표 - 제15장 술 못 마실 때 정중하게 거절하기 실기 역량 평가 기준 및 100점 만점(합격 기준 80점) 배점 안내. 기준 1 (호의에 대한 선(先)감사 - 25점): 거절하기 전에 먼저 상사의 챙겨줌에 진심으로 감사 인사를 전하는가?. 기준 2 (불가 사유 명확성 - 30점): 종교, 체질, 건강 등 술을 마시지 못하는 사유를 공손하고 명확히 설명하는가?. 기준 3 (대체 음료 제안력 - 25점): 사이다, 콜라, 보리차 등으로 대체하여 분위기를 깨지 않는 대안을 제시하는가?. 기준 4 (태도의 유연성 - 20점): 정색하지 않고 밝은 미소로 응대하며, 내일 안전 작업을 명분으로 2차를 사양하는가?"",실기 역량 평가 기준 및 배점표""",1gl02DQ3N9Mkc1M9VlmX04SX2ITQFYEtI
manager,15,11,단원 마무리 & 이해도 점검,"""[제15장] 최종 마무리 및 이해도 점검 퀴즈 - 제15장 술 못 마실 때 정중하게 거절하기 최종 퀴즈(선감사와 사유 설명, 대체 음료 채우기, 내일 안전 작업을 명분으로 한 2차 정중 사양) 및 글로벌한국직무언어소통관리사 전체 표준 교재 대단원 완주 축하 메시지 안내. Q1. 상사가 소주를 권할 때 종교나 건강상 이유로 못 마실 경우 올바른 대처는 무엇일까요?   👉 정답: """"챙겨주셔서 감사합니다! 종교 때문에 못 마시니 사이다로 대신 건배해도 되겠습니까?""""라고 웃으며 말하기!. Q2. 회식 자리에서 술을 안 마실 때 빈 잔에 취해야 할 가장 올바른 행동은 무엇인가요?   👉 정답: 잔을 치우지 않고 물이나 음료수를 항상 채워두어 함께 잔을 부딪치기!. Q3. 2차 회식을 정중하게 사양하고 집에 가고 싶을 때 가장 현명한 핑계는 무엇일까요?   👉 정답: """"오늘 너무 즐거웠습니다! 내일 아침 안전 작업을 위해 1차만 마치고 쉬겠습니다""""라고 말하기!"",최종 마무리 및 이해도 점검 퀴즈""",1gl02DQ3N9Mkc1M9VlmX04SX2ITQFYEtI
manager,16,1,제16장 회식 다음 날 출근 인사,"""[제16장] 회식 다음 날 출근 인사 - 회식 결제자 대상 직접 감사 인사, 시간 엄수(10분 조기 출근), 숙취 없는 활기찬 업무 몰입을 통한 프로페셔널한 직장인 태도 학습 개요. 이번 시간에는 우리와 함께 제16장 회식 다음 날 출근 인사 과정을 배워볼 거예요. 결제자 대상 직접 감사 인사, 시간 엄수(10분 조기 출근), 그리고 숙취 없는 활기찬 업무 몰입 실무를 아주 꼼꼼하게 다뤄볼 거랍니다. 이번 장을 통해 회식의 진정한 완성이 무엇인지 확실하게 깨닫고 프로페셔널한 직장인으로 거듭나 보자고요!"",회식 다음 날 출근 인사 오프닝""",1chamQ4k5uW7xIOEWIFVNdfyFOOQ1TpCR
manager,16,2,단원 개요 및 핵심 학습 목표,"""단원 개요 및 핵심 학습 목표 - 한국 기업의 회식 익일 에티켓(결제자 감사 표명, 시간 엄수, 숙취 및 피로 관리) 중요성 이해 및 실천 목표 학습 개요. 이번 페이지는 단원 개요 및 핵심 학습 목표를 다루는 파트랍니다. 먼저 상황 설정 및 회식 익일 매너를 볼까요? 한국 직장에서 회식의 진정한 완성은 전날 밤이 아니라 바로 ''다음 날 아침 출근''에서 결정됩니다. 회식을 즐겁게 하고 다음 날 지각하거나 피곤한 티를 내면 전날의 좋은 평가가 다 깎이고 말아요. 평소보다 10분 일찍 출근하여 어제 밥을 사준 상사에게 감사 인사를 전하고 활기차게 일하는 프로페셔널 매너를 익혀보겠습니다., 지식 목표: 한국 기업의 ''회식 익일 에티켓''(밥값 계산자 감사 표명, 지각 절대 금지, 숙취 냄새 관리)의 중요성 이해., 수행 목표: 10분 일찍 출근하여 상사에게 직접 찾아가 식사 감사를 표하고, 피로감 없이 당당하고 활기차게 업무를 시작할 수 있다."",단원 개요 및 핵심 학습 목표""",1chamQ4k5uW7xIOEWIFVNdfyFOOQ1TpCR
manager,16,3,회식 다음 날 아침 상사에게 직접 감사 인사,"""회식 다음 날 아침 상사에게 직접 감사 인사 - 회식 익일 출근 직후 결제자(작업반장 등)를 찾아가 구체적인 메뉴와 배려에 대해 정중히 감사 인사를 전하고 신뢰를 형성하는 방법 안내. 이번 페이지는 회식 다음 날 아침 상사에게 직접 감사 인사에 대한 내용이에요. 화면 상단에 있는 사진 자료를 다 같이 아주 주의 깊게 봐주세요! 공장 통로 위로 시계가 정확히 8:00(출근시간)을 가리키고 있는 가운데, 작업복 차림의 외국인 근로자 분이 작업수 반장님께 다가가 어깨를 툭 치며 """"반장님, 어제 회식 때 고기 정말 맛있게 잘 먹었습니다! 감사합니다!""""라며 두 손을 모으고 정중히 고개를 숙여 인사하고 있어요. 그 아래에는 ''신뢰 형성 및 감사 표현''이라는 초록색 체크 마크가 아주 든든하게 빛나고 있답니다. 결제자 대상 감사 인사 4가지 핵심이에요!   결제자 대상 우선 방문: 출근하자마자 어제 식사 비용을 계산해 준 작업반이나 사장님을 먼저 찾아갑니다.   구체적인 메뉴 감사 (O): 허리를 정중히 굽히며 """"반장님, 어제 회식 때 삼겹살 정말 맛있게 잘 먹었습니다! 감사합니다!""""라고 밝게 인사해요.   배려에 대한 고마움: 귀가 차량을 지원받았거나 술자리를 배려해 준 것에 대해 """"어제 챙겨주셔서 정말 감사했습니다""""를 덧붙입니다.   신뢰와 보람 부여: 밥을 사준 상사는 아침에 찾아와 인사하는 후배를 보며 큰 자부심과 두터운 동료애를 느낀답니다."",회식 다음 날 아침 상사에게 직접 감사 인사""",1chamQ4k5uW7xIOEWIFVNdfyFOOQ1TpCR
manager,16,4,필수 핵심 어휘 및 현장 발화 훈련,"""필수 핵심 어휘 및 현장 발화 훈련 - 구체적인 식사 감사, 배려에 대한 감사, 숙취 없는 활력 표명, 결제자 직접 인사, 10분 조기 출근 등 회식 익일 출근 필수 표현 5가지 학습. First: """"반장님, 어제 저녁 삼겹살 사주셔서 정말 맛있게 잘 먹었습니다!"""". Second: """"어제 늦은 시간에 택시 잡아주시고 따뜻하게 챙겨주셔서 감사했습니다."""". Third: """"어제 푹 자서 오늘 몸 상태 아주 좋습니다! 열심히 일하겠습니다!"""". Fourth: """"작업장에 오자마자 반장님께 먼저 다가가 허리 숙여 인사합니다."""". Fifth: """"회식 다음 날은 평소보다 10분 더 일찍 출근하여 신뢰를 증명합니다."""""",필수 핵심 어휘 및 현장 발화 훈련""",1chamQ4k5uW7xIOEWIFVNdfyFOOQ1TpCR
manager,16,5,회식 익일 10분 조기 출근과 단정한 자세,"""회식 익일 10분 조기 출근과 단정한 자세 - 회식 다음 날 평소보다 10분 일찍 출근하여 말끔한 복장으로 도면을 점검하고, 철저한 구취 관리와 활력 넘치는 태도로 최고의 직무 신뢰를 형성하는 방법 안내. 회식 익일 10분 조기 출근과 단정한 자세를 다루고 있어요. 화면 상단의 사진 자료를 아주 자세히 살펴보세요! 공장 현장 안에서, 시계가 9시 5분(10분 일찍 출근)을 가리키는 배경 속에서 외국인 근로자 ''ALI''가 클립보드 도면을 손으로 짚으며 아주 당당하고 자신감 넘치는 표정으로 카메라를 바라보고 있어요. 머리 위에는 ''10분 일찍 출근 조기 출근'' 붉은색 마크가 붙어 있고, 몸에는 말끔한 ''단정한 복장''이 돋보인답니다. 뒤쪽에서는 다른 동료들도 부지런히 작업 준비를 하고 있어요. 신뢰를 완성하는 성실한 아침 요령이에요!   10분 조기 출근의 힘: 술자리 피로를 이겨내고 평소보다 10분 일찍 도착해 말끔한 작업복을 입고 도면을 점검합니다.   숙취 없는 당당한 태도: 양치질을 철저히 하여 구취를 없애고, 활력 넘치는 모습으로 상사에게 최고의 직무 신뢰를 안겨줘요."",회식 익일 10분 조기 출근과 단정한 자세""",1chamQ4k5uW7xIOEWIFVNdfyFOOQ1TpCR
manager,16,6,외국인 근로자를 위한 직무 및 문화 가이드,"""외국인 근로자를 위한 직무 및 문화 가이드 - 결제자 대상 필수 감사 인사, 회식 익일 지각 방지를 위한 10분 조기 출근 실천, 철저한 구취 관리 및 숙취 냄새 제거 에티켓 안내. 밥값 계산 상사에게 꼭 인사하기: 한국 회사에서는 회식비를 상사 개인 돈이나 법인카드로 결제합니다. 다음 날 아침 """"맛있게 먹었습니다""""라고 인사하지 않으면 고마움을 모르는 사람으로 오해받아요. 회식 다음 날 지각은 ''두 배'' 질책: 평소 5분 늦는 것은 넘어갈 수 있어도, 회식 다음 날 늦으면 """"술 마시고 뻗어서 늦었냐""""며 두 배로 호되게 혼난답니다. 알람을 여러 개 맞추고 10분 일찍 도착하셔야 해요. 입 냄새(숙취 냄새) 제거 에티켓: 전날 고기, 마늘, 술 냄새가 아침까지 풍기면 동료들이 아주 불쾌해합니다. 아침에 양치질을 철저히 하고 구강청결제나 껌을 활용해 상쾌한 상태로 대화하세요."",외국인 근로자를 위한 직무 및 문화 가이드""",1chamQ4k5uW7xIOEWIFVNdfyFOOQ1TpCR
manager,16,7,현장 실전 롤플레잉 모범 대화 연습,"""현장 실전 롤플레잉 모범 대화 연습 - 회식 익일 10분 조기 출근 후 결제자 대상 식사 감사 인사와 숙취 없는 최상의 컨디션 표명 및 업무 몰입 실전 대화 안내. 장면 1: 10분 일찍 출근 및 식사 감사 인사\n외국인 근로자 (바트, 10분 일찍 반장님께 다가가며): """"반장님! 안녕하십니까! 어제 저녁 삼겹살 사주셔서 정말 맛있게 잘 먹었습니다!""""\n작업반장 (한국인): """"어, 바트 씨! 일찍 왔네! 어제 술도 안 마시고 끝까지 분위기 맞춰주느라 고생 많았어. 피곤하지 않아?"""" 장면 2: 숙취 없는 컨디션 표명 및 업무 몰입\n외국인 근로자 (바트, 씩씩한 목소리로): """"전혀 피곤하지 않습니다! 기숙사 가서 푹 자서 오늘 몸 상태 최고입니다!""""\n작업반장 (한국인, 흐뭇하게 웃으며): """"하하, 그래! 바트 씨는 회식 다음 날에도 이렇게 씩씩해서 참 믿음직해. 오늘도 다치지 말고 화이팅하자!""""\n외국인 근로자 (바트): """"네, 반장님! 오늘 목표량 100% 달성하도록 열심히 뛰겠습니다!"""""",현장 실전 롤플레잉 모범 대화 연습""",1chamQ4k5uW7xIOEWIFVNdfyFOOQ1TpCR
manager,16,8,회식 다음 날 프로페셔널 출근 행동 점검표,"""회식 다음 날 프로페셔널 출근 행동 점검표 - 회식 익일 출근 시간 10분 엄수, 결제자 감사 인사, 단정한 신체 상태(숙취 냄새 제거) 및 활기찬 업무 몰입 태도를 스스로 점검하는 4가지 행동 점검표 안내. 출근 시간 엄수: 회식 익일 평소 출근 시간보다 10분 일찍 현장 도착하여 준비 ([V] 실천완료 - 반장: 김철수), 결제자 감사 인사: 식사 비용 결제 상사에게 직접 찾아가 구체적 메뉴 언급 감사 인사 ([V] 실천완료 - 예절 우수), 단정한 신체 상태: 말끔한 작업복 착용 및 음주 냄새 제거(양치 철저, 껌/구강청결제) ([V] 확인완료 - 위생 청결), 업무 몰입 태도: 조회 시 하품이나 피로한 태도 없이 활기차고 당당하게 작업 착수 ([V] 실천완료 - 열정적 태도)"",회식 다음 날 프로페셔널 출근 행동 점검표""",1chamQ4k5uW7xIOEWIFVNdfyFOOQ1TpCR
manager,16,9,10분 일찍 출근이 평생의 신뢰를 만듭니다,"""핵심 메시지: 10분 일찍 출근이 평생의 신뢰를 만듭니다 - 회식 익일 10분 조기 출근과 결제자 대상 감사 인사가 만드는 강력한 직장 내 신뢰와 프로페셔널한 이미지 형성 강조. 이번 페이지의 아주 묵직하고 멋진 핵심 메시지예요! 10분 일찍 출근이 평생의 신뢰를 만듭니다! 회식 자리에서 아무리 분위기를 잘 맞췄어도, 다음 날 지각하거나 피곤에 찌든 모습을 보이면 """"역시 술 때문에 게을러졌다""""는 비난을 결코 면할 수 없어요. 평소보다 10분 일찍 출근하여 밥을 사준 상사에게 감사 인사를 건네는 그 5초가 회사 생활에서 가장 강력하고 흔들리지 않는 신뢰를 만들어 낸답니다!"",핵심 메시지: 10분 일찍 출근이 평생의 신뢰를 만듭니다""",1chamQ4k5uW7xIOEWIFVNdfyFOOQ1TpCR
manager,16,10,학생용 실습 보고서 과제 체크리스트,"""학생용 실습 보고서 과제 체크리스트 - 제16장 회식 다음 날 출근 인사 학습 내용 점검을 위한 현장 실전 4가지 실습 과제 및 자가 점검 체크리스트 안내. 과제 1 (밥값 결제 상사 감사 인사문): 어제 삼겹살을 사주신 반장님을 아침에 만났을 때 드릴 인사말 """"반장님! 어제 저녁 맛있는 삼겹살 사주셔서 정말 맛있게 잘 먹었습니다!"""" 작성하기!. 과제 2 (숙취 없는 컨디션 표명): 피곤하지 않냐고 묻는 상사에게 드릴 활기찬 답변 """"전혀 피곤하지 않습니다! 푹 자서 오늘 몸 상태 아주 좋습니다!"""" 작성하기!. 과제 3 (회식 익일 출근 체크리스트): 평소보다 10분 일찍 출근하여 단정히 정렬했는가? 양치를 깨끗이 하여 입 냄새를 완전히 제거했는가? [V 체크]. 과제 4 (동료 선배 배려 감사 인사): 어제 늦은 밤 귀가를 챙겨준 한국인 선배에게 드릴 감사 문장 """"선배님, 어제 택시 잡아주시고 챙겨주셔서 정말 감사했습니다."""" 작성하기!"",학생용 실습 보고서 과제 체크리스트""",1chamQ4k5uW7xIOEWIFVNdfyFOOQ1TpCR
manager,16,11,실기 역량 평가 기준 및 배점표,"""실기 역량 평가 기준 및 배점표 - 제16장 회식 다음 날 출근 인사 실기 역량 평가 기준 및 100점 만점(합격 기준 80점) 배점 안내. 기준 1 (결제자 감사 인사 - 35점): 어제 식사를 사준 상사에게 아침에 먼저 다가가 구체적 메뉴를 언급하며 감사 인사를 하는가?. 기준 2 (회식 익일 시간 엄수 - 25점): 지각 없이 평소보다 10분 일찍 출근하여 성실함과 신뢰를 주는가?. 기준 3 (활력 있는 직무 태도 - 20점): 피곤한 티를 내지 않고 씩씩하고 밝은 컨디션으로 업무에 즉시 몰입하는가?. 기준 4 (단정한 용모와 예절 - 20점): 작업복을 갖추고 술·마늘 냄새 없이 청결한 에티켓을 유지하는가?"",실기 역량 평가 기준 및 배점표""",1chamQ4k5uW7xIOEWIFVNdfyFOOQ1TpCR
manager,16,12,단원 마무리 & 이해도 점검,"""[제16장] 최종 마무리 및 이해도 점검 퀴즈 - 제16장 회식 다음 날 출근 인사 최종 퀴즈(10분 조기 출근, 결제자 대상 구체적 메뉴 감사 인사, 철저한 구취 관리 및 단정 복장) 및 글로벌한국직무언어소통관리사 전체 표준 교재 대단원 완주 축하 메시지 안내. Q1. 전날 저녁 부서 삼겹살 회식을 마친 후 다음 날 아침 올바른 출근 태도는 무엇일까요?   👉 정답: 평소보다 10분 일찍 출근하여 단정하게 작업 준비를 마치기!. Q2. 회식 다음 날 아침, 어제 식사 비용을 계산한 반장님을 만났을 때 첫마디는 무엇인가요?   👉 정답: """"반장님, 어제 저녁 맛있는 고기 사주셔서 정말 잘 먹었습니다! 감사합니다!""""!. Q3. 회식 다음 날 출근할 때 가장 주의해야 할 사항은 무엇일까요?   👉 정답: 입에서 술 냄새가 나지 않도록 양치질을 철저히 하고 단정한 작업복 복장을 갖추기!"",최종 마무리 및 이해도 점검 퀴즈""",1chamQ4k5uW7xIOEWIFVNdfyFOOQ1TpCR
consultant,1,1,제1장 신규 입사 근로자 첫날 오리엔테이션 및 교육하기,"""[제1장] 신규 입사 근로자 첫날 오리엔테이션 및 교육하기 - 입사 1일차 기본 규정 안내, 출퇴근 및 복장 수칙, 현장 심리적 안정을 위한 온보딩 코칭 실무 학습 개요. 여러분 반갑습니다! 이번 시간에는 우리와 함께 [1부] 제1장 신규 입사 근로자 첫날 오리엔테이션 및 교육하기 과정을 배워볼 거예요. 입사 1일차 기본 규정 안내, 출퇴근 및 복장 수칙, 그리고 현장 심리적 안정을 위한 온보딩 코칭 실무를 아주 꼼꼼하게 다뤄볼 거랍니다. 이번 장을 통해 현장에 처음 들어오는 신규 근로자들을 따뜻하게 맞이하고 안전하게 정착시키는 전문 컨설턴트의 역량을 확실하게 길러보자고요!"",신규 입사 근로자 첫날 오리엔테이션 및 교육하기 오프닝""",1-GglR8iUJ03NyFHtXRNchMohXg3imvTw
consultant,1,2,단원 개요 및 핵심 학습 목표,"""단원 개요 및 핵심 학습 목표 - 신규 배치 외국인 근로자의 낯선 환경 적응과 안전사고 예방을 위한 출퇴근 문화, 복장 규정, 모국어 기반 온보딩 교수법 이해 및 수행 목표 학습 개요. 이번 페이지는 단원 개요 및 핵심 학습 목표를 다루는 파트랍니다. 먼저 상황 설정 및 온보딩 필요성을 볼까요? 신규 배치된 다국적 외국인 근로자는 입사 첫날 낯선 환경과 언어 장벽으로 인해 극도의 긴장과 고립감을 경험합니다. 회사의 기본 규칙인 10분 전 출근, 타임카드, 보호구, 사내 예절을 알기 쉽게 전달하고 심리적 안정감을 제공하여 조기 안착 및 안전사고를 예방하는 온보딩 역량을 반드시 기르셔야 해요., 지식 목표: 한국 기업의 출퇴근 문화(10분 전 도착), 사내 복장 규정, 고충 상담 채널 및 모국어 기반 온보딩 교수법의 이해., 수행 목표: 신규 근로자에게 기본 규칙을 알기 쉽게 설명하고, 실습형 오리엔테이션을 주관하며, 1일차 점검표를 작성·평가할 수 있다."",단원 개요 및 핵심 학습 목표""",1-GglR8iUJ03NyFHtXRNchMohXg3imvTw
consultant,1,3,신규 외국인 근로자 첫날 오리엔테이션 및 라포 형성,"""신규 외국인 근로자 첫날 오리엔테이션 및 라포 형성 - 환영 인사와 모국어 국기 카드 활용, 직관적 픽토그램 시각 교재 제시, 코칭형 강의 전개 및 비상 상담 핫라인 안내를 통한 신규 근로자 라포 형성 및 온보딩 4대 원칙 학습. 신규 외국인 근로자 첫날 오리엔테이션 및 라포 형성에 대한 내용이에요. 화면 상단의 사진 자료를 다 같이 아주 주의 깊게 봐주세요! 밝은 교육장 안에서 컨설턴트 분이 ''출근 10분 전! 안전모 턱끈!''이라고 크게 적힌 칠판 앞에서 시각 자료를 손으로 가리키며 교육을 하고 있어요. 책상에 둘러앉은 다국적 외국인 교육생들은 태극기와 모국어 국기 카드가 꽂힌 자리에서 아주 초롱초롱한 눈빛으로 경청하고 있답니다. 신규 오리엔테이션 4가지 핵심 원칙이에요!   환영과 심리적 안전감 부여: 친근한 환영 인사와 모국어 국기 카드를 활용해 소속감과 정서적 유대감을 즉시 형성합니다.   직관적 시각 교재 활용 (O): 칠판에 핵심 규칙인 ''출근 10분 전! 안전모 턱끈!''을 픽토그램과 함께 제시하여 직관적으로 이해시켜요.   일방적 주입 지양: 딱딱한 규정집 낭독 대신 교육생들의 눈을 맞추며 질문을 유도하고 공감대를 형성하는 코칭형 강의를 전개합니다.   컨설턴트 비상 창구 등록: 현장에서 말이 통하지 않거나 곤란할 때 즉시 상담할 수 있는 핫라인 창구임을 인식시켜요."",신규 외국인 근로자 첫날 오리엔테이션 및 라포 형성""",1-GglR8iUJ03NyFHtXRNchMohXg3imvTw
consultant,1,4,컨설턴트 핵심 표현 및 표준 현장 전달법,"컨설턴트 핵심 표현 및 표준 현장 전달법,출근 시간 10분 전 도착 지도, 보호구 필수 착용 강조, 모를 때 즉시 질문 권유, 호칭 예절 지도 및 현장 적응 상담 지원 등 5가지 필수 표현 학습,""첫째, 출근 시간 규정을 지도할 때: """"여러분, 한국 공장에서는 작업 시작 10분 전 도착이 기본입니다."""",둘째, 보호구 필수 착용을 강조할 때: """"보호구 착용은 선택이 아니라 여러분의 생명을 지키는 의무입니다."""",셋째, 지레짐작을 방지할 때: """"모르는 것은 부끄러운 게 아닙니다. 모르면 즉시 질문하세요."""",넷째, 호칭 예절을 지도할 때: """"선배에게 ''야''라고 부르지 않고 ''반장님'', ''선배님''으로 부릅니다."""",다섯째, 현장 적응을 지원할 때: """"힘든 일이나 아픈 곳이 있으면 언제든 컨설턴트에게 상담하세요.""""""",1-GglR8iUJ03NyFHtXRNchMohXg3imvTw
consultant,1,5,온보딩 현장 투어와 타임카드 단말기 실습,"""온보딩 현장 투어와 타임카드 단말기 실습 - 타임카드 단말기 출퇴근 사원증 태그 직접 실습 및 공장 바닥 녹색 안전통로 도보 보행 훈련을 통한 현장 규칙 체화 안내. 이번 페이지는 온보딩 현장 투어와 타임카드 단말기 실습을 다루고 있어요. 화면 상단의 사진 자료를 아주 자세히 살펴보세요! 왼쪽 사진에서는 컨설턴트 분이 안전모를 착용한 신규 근로자들을 인솔하며 공장 바닥의 초록색 ''안전통로(Safety Walkway)''를 따라 걷는 보행 훈련을 하고 있어요. 오른쪽 사진에서는 ''출퇴근 기록기(Time-Clock)'' 단말기 화면에 ''TAGGED (체크마크) 08:03 AM''이 뜬 상태에서 근로자가 사원증 카드를 대고 태그하는 모습이 아주 실감 나게 클로즈업되어 있답니다. 체험을 통한 규칙 체화 2가지예요!   타임카드 태그 직접 실습: 신규 근로자가 출퇴근 기록기 단말기에 직접 출퇴근 카드를 태그해보며 정상 인식 과정을 몸소 익힙니다.   안전통로(녹색선) 도보 훈련: 작업장 바닥의 녹색 안전통로를 따라 걸으며 지게차 및 중장비 동선과 분리된 보행 수칙을 체득해요."",온보딩 현장 투어와 타임카드 단말기 실습""",1-GglR8iUJ03NyFHtXRNchMohXg3imvTw
consultant,1,6,컨설턴트 전문 역량 및 심화 보충 가이드,"""컨설턴트 전문 역량 및 심화 보충 가이드 - 신규 인력 온보딩 3대 목표(심리적 안전감, 출근 원칙, 비상 연락망), 주입식을 탈피한 체험형 액션 러닝, 현장 관리자 징검다리 소개를 통한 조기 퇴사 방지 및 전문 역량 강화 안내. 첫날 온보딩 3대 목표: 신규 인력은 두려움이 큽니다. ① ''안전하게 지켜준다''는 심리적 안전감, ② 10분 전 도착 및 무단결근 금지 원칙, ③ 비상 연락망 등록으로 고립감을 해소해야 조기 퇴사를 막을 수 있어요. 주입식 탈피 체험형 실습: 규정집을 읽게 하면 90% 이상 잊어버립니다. 작업복 착용, 타임카드 직접 태그, """"안녕하십니까"""" 인사 3회 제창 등 몸의 감각으로 기억하도록 액션 러닝(Action Learning)을 지도하셔야 합니다. 현장 관리자 징검다리 소개: 교육 종료 후 현장으로 이동해 담당 반장님께 정식으로 인사시킵니다. """"반장님, 기초 안전 교육을 마친 틴 씨입니다. 잘 부탁드립니다""""라며 첫 만남의 신뢰를 긍정적으로 형성해 줘요."",컨설턴트 전문 역량 및 심화 보충 가이드""",1-GglR8iUJ03NyFHtXRNchMohXg3imvTw
consultant,1,7,현장 실무 컨설팅 및 실전 소통 롤플레잉,"""현장 실무 컨설팅 및 실전 소통 롤플레잉 - 신규 근로자 입사 첫날 환영 및 10분 전 출근·보호구 착용 기본 수칙 안내(1단계), 언어 장벽 불안 해소 및 즉시 질문·소통 확약(2단계) 현장 실전 대화 안내. 1단계: 환영 및 기본 수칙 안내\n컨설턴트: """"여러분, 한국 회사에 입사하신 것을 진심으로 환영합니다! 저는 여러분의 직무 소통과 현장 적응을 돕는 전문 컨설턴트입니다.""""\n신규 근로자 (틴): """"선생님, 한국 공장에서 일할 때 가장 중요하게 지켜야 할 규칙이 무엇입니까?""""\n컨설턴트: """"가장 중요한 두 가지는 ''출근 시간 10분 전 도착''과 ''보호구 착용''입니다. 안전모와 안전화는 여러분의 생명과 직결됩니다."""" 2단계: 불안 해소 및 소통 확약\n신규 근로자 (바트): """"한국말이 서툴러서 반장님 지시를 못 알아들을까 봐 걱정되고 무섭습니다.""""\n컨설턴트: """"절대 걱정하지 마세요! 모르는 것은 부끄러운 게 아닙니다. 모를 때는 절대 혼자 짐작하지 말고 ''다시 말씀해 주십시오''라고 물어보세요. 제가 항상 곁에서 도와드리겠습니다.""""\n신규 근로자 일동: """"네! 질문하며 열심히 배우겠습니다! 감사합니다!"""""",현장 실무 컨설팅 및 실전 소통 롤플레잉""",1-GglR8iUJ03NyFHtXRNchMohXg3imvTw
consultant,1,8,신규 근로자 1일차 현장 온보딩 점검표,"""신규 근로자 1일차 현장 온보딩 점검표 - 출퇴근 규칙(10분 전 도착 및 태그 실습), 보호구 착용(1:1 검사), 사내 기본예절(인사 롤플레잉), 비상 연락망 등록 등 4대 교육 영역 현장 온보딩 점검표 안내. 출퇴근 규칙: 출근 10분 전 도착, 타임카드 기록, 지각 시 사전 연락 👉 출퇴근 기록기 직접 태그 실습 ([V] 이해완료), 보호구 착용: 안전모 턱끈 체결, 안전화 착용, 보안경 착용 기준 👉 보호구 1:1 맞춤 착용 검사 ([V] 적합완료), 사내 기본예절: 출퇴근 인사(""""안녕하십니까"""", """"먼저 들어가겠습니다"""") 👉 큰 목소리 인사 롤플레잉 3회 ([V] 태도우수), 비상 연락망: 컨설턴트 및 통역 담당자 연락처 등록, 고충 상담창구 👉 휴대폰 비상 단축키 저장 확인 ([V] 확인완료)"",신규 근로자 1일차 현장 온보딩 점검표""",1-GglR8iUJ03NyFHtXRNchMohXg3imvTw
consultant,1,9,첫날 10분의 신뢰가 장기 근속을 만듭니다,"""핵심 메시지: 첫날 10분의 신뢰가 장기 근속을 만듭니다 - 신규 외국인 근로자 대상 작업 10분 전 도착 원칙 체화 및 심리적 안정감 제공을 통한 초기 이탈률 80% 이상 방지 효과 강조. 이번 페이지의 아주 묵직하고 멋진 핵심 메시지예요! 첫날 10분의 신뢰가 장기 근속을 만듭니다! 한국 생산 현장에서 작업 10분 전 도착은 근태 평가의 핵심이자, 보호구를 정돈하고 아침 체조와 안전 조회를 함께하는 필수 준비 시간입니다. 첫날 오리엔테이션에서 이 원칙을 체험으로 체화시키고 심리적 안정감을 심어줄 때, 신규 외국인 인력의 초기 이탈률을 80% 이상 완벽하게 방지할 수 있답니다!"",핵심 메시지: 첫날 10분의 신뢰가 장기 근속을 만듭니다""",1-GglR8iUJ03NyFHtXRNchMohXg3imvTw
consultant,1,10,학생용 실습 보고서 과제 체크리스트,"""학생용 실습 보고서 과제 체크리스트 - [1부] 제1장 신규 입사 근로자 온보딩 교육 내용 점검을 위한 현장 실전 4가지 실습 과제 및 자가 점검 체크리스트 안내. 과제 1 (신규 인력 온보딩 스케줄 기획): 09:0009:30(환영 및 규정) → 09:3010:10(보호구 착용 및 타임카드 실습) → 10:10~11:00(현장 투어 및 반장 소개) 기획안 완성하기!. 과제 2 (보호구 착용 코칭 스피치 작성): 턱끈 체결과 안전화 중요성을 설명하는 표준 코칭 발화문 """"여러분, 안전모는 머리를 지키는 생명 모자입니다. 딸깍 소리가 나도록 턱끈을 꼭 매야 합니다."""" 작성하기!. 과제 3 (온보딩 체크리스트 점검 훈련): 10분 전 출근 이해도, 보호구 착용 정확성, 컨설턴트 핫라인 번호 등록 여부를 현장 점검표 서식에 직접 V체크하기!. 과제 4 (관리자 인계 브리핑문 작성): 현장 반장님께 교육 결과를 보고하는 스피치 """"반장님, 신규 입사자 3명 기초 안전 및 출퇴근 교육 완료하여 인계해 드립니다!"""" 작성하기!"",학생용 실습 보고서 과제 체크리스트""",1-GglR8iUJ03NyFHtXRNchMohXg3imvTw
consultant,1,11,컨설턴트 자격 실기 역량 평가 기준표,"""컨설턴트 자격 실기 역량 평가 기준표 - [1부] 제1장 신규 입사 근로자 온보딩 컨설턴트 실기 역량 평가 기준(규정 전달력, 실습 지도력, 심리적 라포 형성, 서식 작성 및 인계) 및 100점 만점(합격 기준 80점) 배점 안내. 기준 1 (규정 전달력 - 30점): 출퇴근 시간, 복장 규정, 기본 안전 수칙을 쉬운 한국어와 시각 자료로 명확히 전달하는가?. 기준 2 (실습 지도력 - 30점): 주입식 낭독을 지양하고 타임카드 태그, 보호구 착용 등 참여형 행동 실습을 효과적으로 이끄는가?. 기준 3 (심리적 라포 형성 - 20점): 외국인 신규 인력의 초기 불안과 긴장을 완화하며 적극적인 소통과 라포를 형성하는가?. 기준 4 (서식 작성 및 인계 - 20점): 1일차 온보딩 점검표 서식을 객관적으로 기록하고 현장 관리자(반장)에게 정확히 인계하는가?"",컨설턴트 자격 실기 역량 평가 기준표""",1-GglR8iUJ03NyFHtXRNchMohXg3imvTw
consultant,1,12,단원 마무리 & 이해도 점검,"""최종 마무리 및 이해도 점검 퀴즈 - [1부] 제1장 신규 입사 근로자 오리엔테이션 최종 퀴즈(행동 중심 실습 교수법, 불안 해소를 위한 즉시 질문 지도, 현장 관리자 인계 브리핑) 및 단원 완주 축하 메시지 안내. Q1. 신규 입사 외국인 근로자 오리엔테이션 시 가장 효과적인 교수법은 무엇일까요?   👉 정답: 규정 낭독 대신 핵심 규칙 모국어 안내 및 타임카드·보호구 직접 행동 실습 진행!. Q2. 한국어가 서툰 신규 인력이 작업 지시를 두려워할 때 올바른 코칭은 무엇인가요?   👉 정답: """"모르는 것은 부끄러운 게 아니니 지레짐작하지 말고 ''다시 말씀해 주십시오'' 묻도록 안심시키기""""!. Q3. 오리엔테이션 종료 직후 컨설턴트가 반드시 수행해야 할 핵심 업무는 무엇일까요?   👉 정답: 1일차 온보딩 점검표를 작성하여 현장 부서 관리자(반장/공장장)에게 인계 및 브리핑하기!"",최종 마무리 및 이해도 점검 퀴즈""",1-GglR8iUJ03NyFHtXRNchMohXg3imvTw
consultant,2,1,제2장 현장 은어를 표준 한국어로 바꾸어 가ර්ථ치기,"""현장 은어를 표준 한국어로 바꾸어 가르치기 - 일본식 현장 비표준어 청취 이해 및 바른 표준어 발화 교안 지도, 수신과 발화 분리 교수법 학습 개요. 여러분 반갑습니다! 이번 시간에는 우리와 함께 [1부] 제2장 현장 은어를 표준 한국어로 바꾸어 가르치기 과정을 배워볼 거예요. 일본식 현장 비표준어의 청취 이해와 바른 표준어 발화 교안 지도, 그리고 수신과 발화 분리 교수법을 아주 꼼꼼하게 다뤄볼 거랍니다. 이번 장을 통해 외국인 근로자들이 현장 은어를 귀로 찰떡같이 알아듣되 입으로는 품격 있는 표준어를 구사하도록 이끄는 전문 컨설턴트의 핵심 교수법을 마스터해 보자고요!"",현장 은어를 표준 한국어로 바꾸어 가르치기 오프닝""",1YIc0ZIS7NEhjf1fijFaaa_4WD1XyKAIp
consultant,2,2,단원 개요 및 핵심 학습 목표,"""단원 개요 및 핵심 학습 목표 - 한국 제조 현장의 일본식 잔재 은어(단도리, 시마이 등) 문제 파악, 은어 청취 수신과 표준어 발화 분리 교수법의 지식 및 수행 목표 학습 개요. 이번 페이지는 단원 개요 및 핵심 학습 목표를 다루는 파트랍니다. 먼저 현장 문제 상황 및 교육 필요성을 볼까요? 한국인 반장이나 선배들이 현장에서 습관적으로 사용하는 ''단도리, 시마이, 기스, 야스리'' 등 일본식 잔재 은어로 인해 신규 외국인 인력이 지시를 오인하거나 멍하니 서 있는 소통 단절이 아주 빈번하게 발생합니다. 은어의 뜻은 완벽히 알아듣되, 자신이 대답하고 작업일보를 작성할 때는 깨끗한 표준 한국어를 구사하도록 지도하는 전문 교수법을 체계화해 보겠습니다. 지식 및 수행 목표를 살펴볼게요.   지식 목표: 현장 필수 20대 은어와 표준어 대조 체계 숙지, 듣기(은어 수신)와 말하기(표준어 발화) 분리 교수법의 원리 이해.   수행 목표: 은어 표준어 대조 훈련 카드를 제작하고, 롤플레잉 및 작업일보 첨삭을 통해 현장 언어를 순화시킬 수 있다."",단원 개요 및 핵심 학습 목표""",1YIc0ZIS7NEhjf1fijFaaa_4WD1XyKAIp
consultant,2,3,현장 은어-표준어 대조 플래시카드 교육,"""현장 은어-표준어 대조 플래시카드 교육 - 플래시카드를 활용한 1:1 현장 은어(단도리, 시마이 등)와 표준어(사전 준비, 마감 등) 대조, 수신 100% 이해 및 시각적 공구 매칭을 통한 언어 순화 교육 4대 원칙 안내. 현장 은어-표준어 대조 플래시카드 교육에 대한 내용이에요. 화면 상단의 사진 자료를 다 같이 아주 주의 깊게 봐주세요! 나무 테이블 위에 컨설턴트 분과 다국적 외국인 교육생들이 모여 앉아 플래시카드를 활용해 열띤 토론과 학습을 하고 있어요. 왼쪽 거치대에는 ''FRONT(표준어: 사전 준비 / 마감)''와 ''BACK(현장 은어: 단도리 / 시마이)'' 카드가 아주 직관적으로 진열되어 있답니다. 플래시카드 교육 4가지 핵심 원칙이에요!   1:1 대조 플래시카드 활용: 앞면에는 ''단도리, 시마이, 기스'' 등 은어를, 뒷면에는 ''사전 준비, 마감, 흠집''의 표준어와 공구 그림을 배치합니다.   수신 100% 이해 지도: 현장 선배가 은어로 지시했을 때 당황하지 않고 지시 의도를 즉각 파악하도록 청취 능력을 배양해요.   시각적 공구 매칭 (O): ''야스리'' 단어를 들었을 때 공구함에서 ''쇠줄''을 즉시 찾아올 수 있도록 실물 사진과 연결합니다.   지속적 언어 순화: 근로자 스스로 은어 카드를 보며 표준어 발화로 변환하는 액션 러닝(Action Learning)을 이끕니다."",현장 은어-표준어 대조 플래시카드 교육""",1YIc0ZIS7NEhjf1fijFaaa_4WD1XyKAIp
consultant,2,4,컨설턴트 핵심 표현 및 표준 발화 전달법,"""컨설턴트 핵심 표현 및 표준 발화 전달법 - 일본식 현장 은어(단도리, 시마이, 기스, 야스리, 나라시)를 품격 있는 표준어(작업 준비, 마무리, 흠집, 쇠줄, 평탄화)로 변환하여 발화하고 보고하는 5가지 필수 표현 학습. 첫째, 단도리를 순화할 때: """"선배가 ''단도리''라 해도 대답은 ''작업 준비 끝났습니다'' 하세요."""", 둘째, 시마이를 순화할 때: """"대답할 때 ''시마이'' 대신 ''오늘 작업 마무리했습니다''로 보고합니다."""", 셋째, 기스를 순화할 때: """"''기스 났다''는 말 대신 ''제품에 흠집이 발생했습니다''로 바르게 말합니다."""", 넷째, 야스리를 순화할 때: """"선배가 ''야스리 가져와'' 하면 ''쇠줄'' 공구를 챙겨다 줍니다."""", 다섯째, 나라시를 순화할 때: """"''바닥 평탄화(고르기) 작업 마쳤습니다''로 보고합니다."""""",컨설턴트 핵심 표현 및 표준 발화 전달법""",1YIc0ZIS7NEhjf1fijFaaa_4WD1XyKAIp
consultant,2,5,컨설턴트의 1:1 은어 순화 발화 피드백 코칭,"""컨설턴트의 1:1 은어 순화 발화 피드백 코칭 - 외국인 근로자의 현장 은어 발화(시마이)를 즉각 개입하여 표준어(마무리)로 교정하고 품격 있는 직무 언어를 완성하는 현장 밀착형 실시간 코칭 2대 원칙 안내. 컨설턴트의 1:1 은어 순화 발화 피드백 코칭을 다루고 있어요. 화면 상단의 사진 자료를 아주 자세히 살펴보세요! 가공 작업대 앞에서 외국인 근로자 분이 렌치를 들고 컨설턴트 분을 바라보며 """"""""반장님, 시마이했습니다""""""""라고 말하고 있어요. 그 위쪽으로는 'X 시마이했습니다 -> O 마무리했습니다'라는 은어 순화 발화 피드백 말풍선이 아주 명확하게 시각화되어 있답니다. 현장 밀착형 실시간 교정 2가지예요!   발화 오류 즉각 교정 (O): 근로자가 """"반장님, 시마이했습니다""""라고 발화할 때, 컨설턴트가 즉시 개입하여 """"시마이 대신 '마무리했습니다'로 말해보세요""""라고 따뜻하게 교정합니다.   품격 있는 직무 언어 완성: 잘못된 은어 사용을 방치하지 않고 현장에서 즉각 표준어로 바꾸어 발화하게 함으로써 관리자로부터 깊은 신뢰와 호감을 얻도록 도와줘요."",컨설턴트의 1:1 은어 순화 발화 피드백 코칭""",1YIc0ZIS7NEhjf1fijFaaa_4WD1XyKAIp
consultant,2,6,컨설턴트 전문 역량 및 심화 보충 가이드,"""컨설턴트 전문 역량 및 심화 보충 가이드 - 수신-발화 분리 교육 모델(은어 청취 이해 및 표준어 발화 이원화), 작업일보 공식 서식 표준어 칸 설계, 게임·퀴즈형 참여 교수법을 통한 몰입도 및 정착률 극대화 가이드 안내. 수신-발화 분리 교육 모델: 은어를 아예 안 가르치면 현장 지시를 못 알아듣습니다. 수신(Listening)은 100% 이해시키되, 발화(Speaking)는 100% 깨끗한 표준어를 쓰도록 철저히 이원화 지도하셔야 해요. 작업일보 공식 서식 개선: 현장 반장들도 습관적으로 ''단도리 1시간'', ''기스 3EA''로 적습니다. 작업일보 양식 자체에 [사전 준비], [흠집/결함]의 표준어 인쇄 칸을 설계하여 시스템적 언어 순화를 유도합니다. 게임·퀴즈형 참여 교수법: 단순 주입 암기보다 ''은어 맞히기 스피드 퀴즈''나 ''표준어 변환 토너먼트'' 등 활동형 게임을 도입하면 다국적 교육생들의 몰입도와 기억 정착률이 극대화된답니다."",컨설턴트 전문 역량 및 심화 보충 가이드""",1YIc0ZIS7NEhjf1fijFaaa_4WD1XyKAIp
consultant,2,7,현장 실무 컨설팅 및 실전 소통 롤플레잉,"""현장 실무 컨설팅 및 실전 소통 롤플레잉 - 일본식 현장 은어 의미 청취 이해도 점검(1단계) 및 은어를 들었을 때 바른 표준어로 변환하여 발화하도록 교정하는 지도(2단계) 현장 실전 대화 안내. 1단계: 은어 청취 및 이해도 점검\n컨설턴트: """"여러분, 작업장에 가면 한국인 선배들이 ''야스리 가져와라'', ''단도리 철저히 해라'' 할 텐데 무슨 뜻인지 알고 있나요?""""\n외국인 근로자 (알리): """"무슨 뜻인지 몰라서 어제 선배님이 화를 냈는데 그냥 가만히 서 있었습니다.""C""\n컨설턴트: """"''야스리''는 쇠를 가는 공구인 ''줄''이고, ''단도리''는 ''작업 준비''라는 뜻입니다. 선배님이 그렇게 말하면 알아들어야 합니다."""" 2단계: 바른 표준어 발화 교정 지도\n외국인 근로자 (알리): """"그럼 저도 반장님한테 ''단도리 끝났습니다''라고 보고하면 됩니까?""""\n컨설턴트: """"아닙니다! 들을 때는 알아듣되, 말할 때는 ''작업 준비 다 끝났습니다''라고 바른 표준어로 말해야 칭찬받습니다. 한번 따라 해볼까요?""""\n외국인 근로자 (알리): """"네! ''반장님, 사전 준비 다 끝났습니다!'' 이렇게 하겠습니다!"""""",현장 실무 컨설팅 및 실전 소통 롤플레잉""",1YIc0ZIS7NEhjf1fijFaaa_4WD1XyKAIp
consultant,2,8,현장 비표준 은어 순화 교육 지도안,"""현장 비표준 은어 순화 교육 지도안 - 단도리(사전 준비), 시마이(마감), 기스(흠집), 야스리(쇠줄), 나라시(평탄화) 등 현장 필수 5대 은어의 표준어 대조 및 교정 완료 기준 지도안 안내. 단도리 (だんどり): 사전 준비, 공정 준비 👉 """"반장님, 작업 사전 준비 완벽히 끝났습니다."""" ([V] 교정완료), 시마이 (しまい): 마감, 작업 종료 👉 """"오늘 맡은 조립 라인 공정 마무리했습니다."""" ([V] 교정완료), 기스 (きず): 흠집, 상처, 결함 👉 """"가공 표면에 흠집이 발생하여 보고드립니다."""" ([V] 교정완료), 야스리 (やすり): 줄 (연마 공구) 👉 공구실에서 규격 ''쇠줄''을 찾아오는 실습 병행 ([V] 인지완료), 나라시 (ならし): 평탄화, 바닥 고르기 👉 """"작업장 바닥 평평하게 고르기 완료했습니다."""" ([V] 교정완료)"",현장 비표준 은어 순화 교육 지도안""",1YIc0ZIS7NEhjf1fijFaaa_4WD1XyKAIp
consultant,2,9,수신 100% 이해와 발화 100% 표준어,"""핵심 메시지: 수신 100% 이해와 발화 100% 표준어 - 현장 은어 수신 청취 이해를 통한 작업 지시 오인 및 안전사고 예방과 공식 보고 시 품격 있는 표준 한국어 구사 코칭을 통한 직무 신뢰 향상 강조. 이번 페이지의 아주 명확하고 중요한 핵심 메시지예요! 수신 100% 이해와 발화 100% 표준어랍니다! 현장 관리자의 투박한 은어를 무조건 배척하는 대신 100% 청취 이해시켜 작업 지시의 오인과 안전사고를 원천 예방합니다. 동시에 외국인 인력이 대답하고 공식 보고할 때는 100% 품격 있는 표준 한국어를 구사하도록 코칭하여 기업 내 직무 신뢰와 승진 기회를 획기적으로 넓혀주어야 해요!"",핵심 메시지: 수신 100% 이해와 발화 100% 표준어""",1YIc0ZIS7NEhjf1fijFaaa_4WD1XyKAIp
consultant,2,10,학생용 실습 보고서 과제 체크리스트,"""학생용 실습 보고서 과제 체크리스트 - [1부] 제2장 현장 은어 순화 교육 내용 점검을 위한 4가지 실습 과제(은어-표준어 매칭, 실시간 발화 교정, 작업일보 첨삭, 슬로건 제창) 및 체크리스트 안내. 과제 1 (은어-표준어 매칭 교안 설계): 주요 4대 은어 변환표 완성 → 단도리(사전 준비) / 시마이(마감, 종료) / 기스(흠집, 결함) / 야스리(쇠줄) 매칭 안 작성하기!. 과제 2 (실시간 발화 교정 피드백 훈련): 근로자가 """"""""반장님, 시마이 다 했습니다""""""""라고 말했을 때 컨설턴트 교정 발화문 """"""""알리 씨, 시마이 대신 '마무리했습니다'로 말해봅시다!"""""""" 작성하기!. 과제 3 (작업일보 은어 첨삭 지도): 오류 문장 [오늘 3호기 단도리 후 기스 2개 발생하여 야스리 작업함]을 표준어 [오늘 3호기 사전 준비 후 흠집 2개 발생하여 줄 작업함]으로 교정하기!. 과제 4 (언어 순화 교육 슬로건 제창): 컨설턴트 핵심 교육 구호 """"""""들을 때는 100% 알아듣고, 말할 때는 바른 표준어로!"""""""" 실천 다짐 V 체크하기!"",학생용 실습 보고서 과제 체크리스트""",1YIc0ZIS7NEhjf1fijFaaa_4WD1XyKAIp
consultant,2,11,컨설턴트 자격 실기 역량 평가 기준표,"""기준 1 (은어 해석 지도력 - 30점): 주요 현장 비표준 은어 20종의 어원과 실제 의미를 정확히 설명하고 인지시키는가?,기준 2 (수신-발화 분리 교육 - 35점): 은어 청취 이해(수신)와 표준어 발화(송신)의 차이를 논리적으로 지도하는가?,기준 3 (시각 교구 활용도 - 20점): 플래시카드, 공구 실물, 스피드 퀴즈 등을 활용하여 교육생의 흥미와 참여를 유도하는가?,기준 4 (문서 첨삭 지도력 - 15점): 작업일보 상의 은어를 신속히 발견하고 정규 표준어로 정확하게 교정 지도하는가?"",컨설턴트 자격 실기 역량 평가 기준표",1YIc0ZIS7NEhjf1fijFaaa_4WD1XyKAIp
consultant,2,12,단원 마무리 & 이해도 점검,"""Q1. 한국인 선배가 """"""""이 부품 기스 안 나게 조심해!""""""""라고 했을 때 올바른 해석은 무엇일까요?   👉 정답: 부품 표면에 흠집이나 긁힘 상처가 발생하지 않도록 각별히 주의하기!,Q2. 컨설턴트가 외국인 근로자에게 지도해야 할 가장 올바른 발화 원칙은 무엇인가요?   👉 정답: 선배의 은어는 알아듣되, 대답과 보고는 깨끗하고 정확한 표준 한국어로 구사하기!,Q3. ''공구리''라는 은어를 작업일보나 공식 보고서에 기록할 때 바른 표준어 표기는 무엇일까요?   👉 정답: 외래어 정식 표기법에 맞춘 ''콘크리트(또는 콘크리트 타설)''로 기록하기!"",최종 마무리 및 이해도 점검 퀴즈""",1YIc0ZIS7NEhjf1fijFaaa_4WD1XyKAIp
consultant,3,1,제3장 3단계 복명복창(반복 대답) 훈련시키는 법,"""여러분 반갑습니다! 이번 시간에는 우리와 함께 [1부] 제3장 3단계 복명복창(반복 대답) 훈련시키는 법 과정을 배워볼 거예요. 즉각 응답하는 1단계, 핵심 수치를 재확인하는 2단계, 그리고 실행을 확약하는 3단계에 대한 1:1 롤플레잉 코칭 실무를 아주 꼼꼼하게 다뤄볼 거랍니다. 이번 장을 통해 현장에서 외국인 근로자들이 고개만 끄덕이는 습관을 버리고 완벽한 복명복창 소통 에이스로 거듭나도록 이끄는 전문 컨설턴트의 훈련법을 마스터해 보자고요!"",제3장 3단계 복명복창(반복 대답) 훈련시키는 법 학습 개요",1lJPV3i_beLHjiHVEzw8K_sXaYGc6B1-6
consultant,3,2,단원 개요 및 핵심 학습 목표,"""이번 페이지는 단원 개요 및 핵심 학습 목표를 다루는 파트랍니다. 먼저 상황 설정 및 훈련 필요성을 볼까요? 외국인 근로자가 관리자의 지시를 들었을 때 말없이 고개만 끄덕이거나 """"네"""" 한마디로 얼버무리는 습관은 엉뚱한 자재 가공, 수량 부족, 납기 지연 등 치명적인 현장 사고를 부릅니다. 지시를 수신하자마자 1단계(즉각 응답), 2단계(핵심 팩트 되묻기), 3단계(실행 확약)로 이어지는 과학적인 3단계 복명복창 프로세스를 확실하게 체화시켜야 해요. 지식 및 수행 목표를 살펴볼게요.   지식 목표: 복명복창 3원칙 체계, 생산 현장 핵심 4대 요소(품명, 수량, 시간, 장소) 추출법, 불확실 시 공손한 재질문 화법 숙지.   수행 목표: 한국인 상사 역할을 맡아 작업 지시를 내리고, 3단계 복명복창 롤플레잉을 진행하여 오류를 실시간 교정할 수 있다."",단원 개요 및 핵심 학습 목표",1lJPV3i_beLHjiHVEzw8K_sXaYGc6B1-6
consultant,3,3,복명복창(반복 대답) 3단계 소통 흐름도,"""복명복창(반복 대답) 3단계 소통 흐름도에 대한 내용이에요. 화면 상단에 있는 [그림. C0301] 사진과 일러스트 자료를 다 같이 아주 주의 깊게 봐주세요! 공장 현장 배경 속에서 한국인 관리자가 지시를 내리면, 외국인 근로자가 귀를 기울이고 시계를 확인하며 A부품 상자를 들고 당당하게 대답하는 모습이 1단계, 2단계, 3단계 순서대로 아주 알기 쉽게 시각화되어 있답니다. 복명복창 3단계 소통 흐름이에요!   1단계 [즉각 응답]: 상사의 지시가 끝나자마자 눈을 맞추며 """"네, 알겠습니다!""""라고 즉시 소리 내어 언어적으로 반응합니다. (Fact Checkpoint: 핵심 내용 수량/장소 확인)   2단계 [핵심 수치 되묻기]: 지시 내용 중 ''A부품 30개, 12시까지 도장실''처럼 품명, 수량, 기한 팩트를 정확히 복창해요. (Fact Checkpoint: 재확인으로 오차 방지)   3단계 [실행 확약]: """"안전하게 완료하겠습니다!""""라며 명확한 완수 의지를 표명하고 작업에 착수합니다. (Fact Checkpoint: 안전 준수 완료 확신)   핵심 포인트: 숫자를 소리 내어 되물음으로써 작업 오차를 사전에 100% 차단하는 것이 가장 중요해요."",복명복창(반복 대답) 3단계 소통 흐름도""",1lJPV3i_beLHjiHVEzw8K_sXaYGc6B1-6
consultant,3,4,컨설턴트 핵심 코칭 표현 및 전달법,"""자, 이번 페이지는 컨설턴트 핵심 코칭 표현 및 전달법이랍니다. 다섯 가지 상황별 필수 코칭 표현을 저와 함께 소리 내어 연습해 볼까요?"", ""첫째, 무언 응답을 즉시 교정할 때: """"반장님이 지시하면 절대 고개만 끄덕이지 마세요."""""", ""둘째, 복명복창 원리를 지도할 때: """"반장님 말씀을 그대로 따라 하세요. '부품 A 20개 조립 맞습니까?'"""""", ""셋째, 불확실성을 원천 제거하기 위해 재질문을 훈련시킬 때: """"못 알아들었을 때는 부끄러워 말고 '다시 말씀해 주십시오' 하세요."""""", ""넷째, 팩트 검증력을 배양하기 위해 수량과 기한을 일치시킬 때: """"수량 30개와 12시 마감을 똑같이 되물어야 합니다."""""", ""다섯째, 작업 완수 의지를 표명하는 실행 확약 스피치를 지도할 때: """"지시대로 신속하고 안전하게 완료하겠습니다!""""""",1lJPV3i_beLHjiHVEzw8K_sXaYGc6B1-6
consultant,3,5,1:1 복명복창 롤플레잉 모의 코칭,"""1:1 복명복창 롤플레잉 모의 코칭을 다루고 있어요. 화면 상단의 [그림. C0302] 사진을 아주 자세히 살펴보세요! 공장 조립 라인 앞에서 컨설턴트 분이 평가 체크리스트 클립보드를 들고 진지한 표정으로 서 있고, 외국인 근로자 '아이엔' 분이 안전모를 쓴 채 부품을 손에 쥐고 밝은 미소로 """"네! A부품 30개, 12시까지! (Yes! Part A 30 units by 12 o'clock!!)""""라며 당당하게 숫자를 복창하고 있는 모습이 아주 생생하게 담겨 있답니다. 현장 관리자 역할 연기와 실시간 교정 요령이에요! 실전형 현장 지시 모의 연기 (O): 컨설턴트가 거친 억양의 한국인 작업반장 역할을 연기하며 """"4번 선반에서 A부품 30개 꺼내서 12시까지 도장실로 옮겨!""""라고 빠르게 지시합니다. 당당한 숫자 복창 완성: 외국인 근로자가 위축되지 않고 """"네! A부품 30개, 12시까지 맞습니까?""""라고 또박또박 숫자를 되묻도록 훈련 평가표를 기록하며 교정해 줘요.""",1lJPV3i_beLHjiHVEzw8K_sXaYGc6B1-6
consultant,3,6,컨설턴트 전문 역량 및 심화 보충 가이드,"""컨설턴트 전문 역량 및 심화 보충 가이드랍니다. 세 가지 핵심 내용을 꼭 기억해 주세요! 복명복창 3대 오류 교정: ① 침묵형(입으로 소리 낼 때까지 지시 중단), ② 단답형(""""네""""만 하면 수량/시간 재질문 유도), ③ 얼버무림형(복식호흡으로 또박또박 발화 훈련). 숫자(Number) 강조 훈련: 언어는 달라도 숫자는 만국 공통입니다. 30개, 50개, 12시, 2공장 등 아라비아 숫자를 정확히 되묻는 훈련만으로 현장 작업 착오의 95% 이상을 예방할 수 있어요. 샌드위치 피드백 기법: """"목소리가 참 당당했어요 (칭찬)"""" → """"하지만 수량 30개를 빠뜨렸네요 (교정)"""" → """"다음엔 더 완벽할 거예요 (격려)""""의 3단계 샌드위치 코칭으로 교육생에게 자신감을 불어넣어 줍니다.""",1lJPV3i_beLHjiHVEzw8K_sXaYGc6B1-6
consultant,3,7,현장 실무 컨설팅 및 실전 소통 롤플레잉,"""현장 실무 컨설팅 및 실전 소통 롤플레잉이랍니다. 1단계(모호한 대답 교정 코칭)와 2단계(모범 3단계 복명복창 완성), 두 가지 대화를 생생하게 읽어볼게요! 1단계: 모호한 대답 교정 코칭 컨설턴트 (한국인 반장 역할): """"바트 씨! 4번 선반에서 부품 A 30개 꺼내서 12시까지 도장실로 옮겨놔요!"""" 외국인 근로자 (바트): (작은 목소리로 고개만 끄덕이며) """"네..."""" 컨설턴트 (즉시 개입): """"스톱! 그렇게 고개만 끄덕이면 반장님은 바트 씨가 30개인지 12시인지 알았는지 전혀 모릅니다. 3단계 공식대로 다시 해볼까요?"""" 2단계: 모범 3단계 복명복창 완성 외국인 근로자 (바트, 큰 목소리와 바른 자세): """"네, 알겠습니다! 4번 선반에서 부품 A 30개를 12시까지 도장실로 옮기면 됩니까?"""" 컨설턴트 (한국인 반장 역할): """"그래, 바로 그거야! 12시까지 부탁해."""" 외국인 근로자 (바트, 3단계 확약): """"네! 지시대로 안전하고 정확하게 완료하겠습니다!"""" 컨설턴트 (격려): """"아주 완벽합니다! 실전에서도 꼭 이렇게 하세요!""""""",1lJPV3i_beLHjiHVEzw8K_sXaYGc6B1-6
consultant,3,8,작업 지시 수신 및 3단계 복명복창 모의 평가지,"""우리가 현장에서 복명복창 교육을 평가할 때 쓰는 작업 지시 수신 및 3단계 복명복창 모의 평가지 표랍니다. 네 가지 훈련 단계를 함께 살펴볼까요? 1단계 (즉각 응답): 지시 청취 즉시 눈을 맞추며 발화 👉 """"네, 알겠습니다 반장님!"""" (25점 [V]) 2단계 (핵심 복창): 품명, 수량, 규격, 마감시간 재확인 👉 """"4번 선반 부품 A 30개 12시까지 맞습니까?"""" (40점 [V]) 3단계 (실행 확약): 작업 완수 의지 및 안전 다짐 표명 👉 """"신속하고 안전하게 완료하겠습니다!"""" (20점 [V]) 예외 대응 (공손한 재질문 화법): 지시 불명확 시 공손한 재질문 👉 """"죄송하지만 수량을 다시 말씀해 주시겠습니까?"""" (15점 [V])""",1lJPV3i_beLHjiHVEzw8K_sXaYGc6B1-6
consultant,3,9,숫자 복창 하나가 95% 착오를 없앱니다,"""이번 페이지의 아주 명확하고 강력한 핵심 메시지예요! 숫자 복창 하나가 95% 착오를 없앱니다! 한국어 문장이 아무리 서툴러도 품명, 수량(30개), 완료 기한(12시)의 핵심 아라비아 숫자를 되묻는 것만으로도 작업 착오와 불량의 95% 이상을 원천 차단할 수 있어요. 고개만 끄덕이는 짐작 작업을 과감히 버리고, 정확하게 되묻는 3단계 복명복창이 산업현장에서 최고의 직무 신뢰와 안전을 보장한다는 거, 잊지 마세요!""",1lJPV3i_beLHjiHVEzw8K_sXaYGc6B1-6
consultant,3,10,학생용 실습 보고서 과제 체크리스트,"""우리가 현장에서 바로 써먹을 수 있는 학생용 실습 보고서 과제 체크리스트랍니다. 네 가지 과제를 확인해 볼까요? 과제 1 (3단계 복명복창 교수안 설계): 작업 지시문 [3번 라인 볼트 50개 3시까지 조립]에 대한 모범 복창문 """"네, 알겠습니다! 3번 라인 볼트 50개 3시까지 맞습니까? 안전하게 완료하겠습니다!"""" 작성하기! 과제 2 (오류 교정 샌드위치 피드백 훈련): """"네""""만 하고 돌아서는 근로자 대상 즉시 교정 발화 """"잠깐만요! 수량 50개와 3시 마감을 제게 똑같이 되물어주셔야 합니다!"""" 코칭문 작성하기! 과제 3 (복명복창 모의 평가지 채점): 1단계 즉각 응답(25점), 2단계 핵심 복창(40점), 3단계 실행 확약(20점), 재질문 화법(15점) 서식 직접 채점 실습하기! 과제 4 (컨설턴트 총평 리포트 작성): 훈련생의 발음, 눈맞춤, 숫자 복창 정확도를 종합 평가한 개선 피드백 한 줄 작성 및 V 체크하기!""",1lJPV3i_beLHjiHVEzw8K_sXaYGc6B1-6
consultant,3,11,컨설턴트 자격 실기 역량 평가 기준표,"""우리의 실력을 공정하게 평가하는 컨설턴트 자격 실기 역량 평가 기준표랍니다. 총점 100점 만점에 80점 이상 받으셔야 합격이에요! 네 가지 평가 기준을 짚어볼게요? 기준 1 (원리 설명력 - 25점): 복명복창의 필요성과 3단계(즉각 응답-핵심 복창-실행 확약) 프로세스를 명확히 지도하는가? 기준 2 (실시간 교정 지도력 - 35점): 모의 훈련 중 발생하는 오류(수량 누락, 무언 응답, 웅얼거림)를 즉시 포착하고 교정하는가? 기준 3 (동기부여 역량 - 20점): 샌드위치 피드백을 적용하여 교육생의 주눅 듦을 방지하고 자신감 있는 목소리를 이끄는가? 기준 4 (평가지 채점 객관성 - 20점): 복명복창 평가 기준표에 의거하여 객관적이고 구체적인 피드백 리포트를 작성하는가?""",1lJPV3i_beLHjiHVEzw8K_sXaYGc6B1-6
consultant,3,12,단원 마무리 & 이해도 점검,"""제3장 강의의 마지막 페이지이자, 3단계 복명복창 훈련 과정을 마무리하는 최종 단원 마무리 & 이해도 점검 시간이에요. 화면에 나온 3단계 복명복창 코칭 핵심 퀴즈를 함께 풀어봅시다! Q1. 상사의 지시를 받은 직후 취해야 할 가장 바른 첫 번째 행동은 무엇일까요? 👉 정답: 상대방의 눈을 보고 즉시 """"네, 알겠습니다!""""라고 소리 내어 언어적으로 응답하기! Q2. 복명복창 시 반드시 포함되어야 할 현장 4대 핵심 팩트는 무엇인가요? 👉 정답: 작업할 [품명], 제작/운반할 [수량], 완료해야 할 [시간(기한)], 작업 [장소]! Q3. 지시 내용 중 숫자가 잘 들리지 않았을 때 가장 올바른 대처는 무엇일까요? 👉 정답: 짐작으로 일하지 않고 """"죄송하지만 수량을 다시 말씀해 주시겠습니까?"""" 즉시 재질문하기! 오늘 저와 함께 제3장 3단계 복명복창 훈련시키는 법 내용을 아주 열심히 공부하셨으니 실기시험 만점 받는 건 문제없겠죠? 여러분, 복명복창 코칭 과정 동안 정말 수고 많으셨습니다! 앞으로 현장에서 작업 지시 오인을 0%로 만드는 멋진 소통 컨설턴트로 당당하게 활약하시기를 진심으로 응원합니다. 수고하셨습니다!""",1lJPV3i_beLHjiHVEzw8K_sXaYGc6B1-6
consultant,4,1,제4장 아침 안전조회(TBM) 진행 및 통역 지도,"""이번 시간에는 우리와 함께 [1부] 제4장 아침 안전조회(TBM) 진행 및 통역 지도하기 과정을 배워볼 거예요. 5분 안전미팅 표준 4단계 진행, 다국어 핵심 통역 요약, 그리고 일일 TBM 안전일지 작성 실무를 아주 꼼꼼하게 다뤄볼 거랍니다. 이번 장을 통해 현장에서 중대재해를 막는 강력한 소통 도구인 TBM을 직접 주재하고 통역하는 전문 컨설턴트의 역량을 확실하게 길러보자고요!""",1CI1wJBhP-v40iEcMmtJttEwefK7Hyo13
consultant,4,2,단원 개요 및 핵심 학습 목표,"""이번 페이지는 단원 개요 및 핵심 학습 목표를 다루는 파트랍니다. 먼저 현장 상황 및 TBM의 필요성을 볼까요? 매일 아침 작업 착수 전 5분간 실시하는 TBM(Tool Box Meeting)은 중대재해를 예방하는 가장 강력한 현장 소통 도구입니다. 한국인 소장이나 반장의 안전 지시 사항을 다국적 근로자들에게 1분 이내의 핵심 안전어로 압축 통역하고, 건강 문진과 구호 제창을 주재하는 전문 퍼실리테이션 역량을 반드시 체득하셔야 해요. 지식 및 수행 목표를 살펴볼게요. 지식 목표: TBM 표준 4단계(개회-문진-위험공지-구호제창), 지적확인(Pointing & Calling)의 6분의 1 사고 감소 원리, 법적 효력 이해. 수행 목표: 5분 TBM 시나리오 작성, 다국적 모의 TBM 진행 및 통역 지도, TBM 안전일지 서명 관리 완수.""",1CI1wJBhP-v40iEcMmtJttEwefK7Hyo13
consultant,4,3,5분 TBM 원형 정렬 및 지적확인 표준 대형,"""5분 TBM 원형 정렬 및 지적확인 표준 대형에 대한 내용이에요. 화면 상단에 있는 사진 자료를 다 같이 아주 주의 깊게 봐주세요! 탁 트인 야외 건설 현장 배경 속에서, 안전모와 형광 조끼를 착용한 다국적 근로자들과 리더 분이 둥글게 원을 그리며 서서 클립보드를 들고 아침 조회와 지적확인을 진행하고 있는 모습이 아주 생생하게 담겨 있답니다. 왼쪽 아래에는 노란색과 검은색이 사선으로 빗금 친 안전띠(바리케이드) 일러스트가 보여요. TBM 대형 및 지적확인 4가지 핵심이에요! 원형(반원형) 정렬의 시각화: 참석자 전원이 시선을 맞추며 소외되는 근로자가 없도록 균일한 원형 가이드라인을 형성합니다. 안전모 턱끈 지적확인 (O): 검지손가락으로 자신의 턱끈을 가리키며 """"안전모 턱끈 확인! 좋아!""""를 복창하여 뇌의 각성을 유도해요. 컨설턴트의 중앙 진행: 당일 핵심 작업 내용과 위험 요인을 시나리오에 기반하여 명료하고 힘찬 목소리로 선창합니다. 신체 컨디션 상호 점검: 좌우 동료의 눈빛과 안색, 보호구 체결 상태를 서로 확인하며 유대감을 높여요.""",1CI1wJBhP-v40iEcMmtJttEwefK7Hyo13
consultant,4,4,컨설턴트 핵심 표현 및 표준 전달법,"""컨설턴트 핵심 표현 및 표준 전달법이랍니다. 다섯 가지 상황별 필수 표현을 저와 함께 소리 내어 연습해 볼까요? 첫째, TBM 개회 선언을 할 때: """"지금부터 오늘 작업 전 5분 안전회의(TBM)를 시작하겠습니다."""" 둘째, 건강 문진을 실시할 때: """"오늘 열이 나거나 몸이 아픈 분 계십니까? 솔직히 말씀해 주세요."""" 셋째, 핵심 위험을 공지할 때: """"오늘 소장님께서 '안전대 고리 2중 체결 철저'를 특별히 강조하셨습니다."""" 넷째, 안전 구호를 복창할 때: """"안전수칙 준수하여 무재해 달성하자! 화이팅! 좋아!"""" 다섯째, TBM 안전일지 서명을 받을 때: """"TBM 일지에 전원 자필 서명 확인하고 작업장으로 이동합니다.""""""",1CI1wJBhP-v40iEcMmtJttEwefK7Hyo13
consultant,4,5,다국어 TBM 안전일지 작성 및 서명 확인,"""자, 이번 페이지는 다국어 TBM 안전일지 작성 및 서명 확인을 다루고 있어요. 화면 상단의 사진 자료를 아주 자세히 살펴보세요! 건설 현장 아파트 단지 배경 앞에서, 작업복과 안전모를 착용한 현장 관리자 분이 클립보드에 끼워진 TMB 안전일지 서류 위에 펜으로 꼼꼼하게 서명과 기록을 하고 있는 모습이 아주 든든하게 담겨 있답니다. 오른쪽 위에는 'Soutbris' 로고가 살짝 보이네요. 중대재해처벌법 대비 법적 증빙 확보 2가지예요! 다국어 양식 자필 서명 필수: 모국어(베트남어, 우즈베크어 등)로 위험 요인이 병기된 일지에 작업자가 직접 건강 이상 유무 체크 및 서명을 진행합니다. 철저한 이력 관리: 일일 회의 내용과 서명부는 고용노동부 점검 시 회사의 안전의무 이행을 증명하는 결정적 법적 서류가 돼요.""",1CI1wJBhP-v40iEcMmtJttEwefK7Hyo13
consultant,4,6,컨설턴트 전문 역량 및 심화 보충 가이드,"""컨설턴트 전문 역량 및 심화 보충 가이드랍니다. 세 가지 핵심 내용을 꼭 기억해 주세요! 1분 핵심 키워드 압축 통역: 소장의 10분 훈시를 그대로 직역하면 외국인은 지칩니다. """"비 와서 미끄러움, 바닥 조심, 뛰지 말 것!"""" 처럼 1분 내의 직관적 행동 지침으로 요약 통역하셔야 해요. 지적확인의 과학적 감재 효과: 눈으로만 보는 것보다 손가락으로 가리키며 """"턱끈 확인, 좋아!"""" 외칠 때 뇌 전두엽이 각성되어 휴먼에러 부주의 사고율이 6분의 1로 급감한답니다. 서명 누락 제로화 원칙: 사고 발생 시 자필 서명이 없는 TBM 일지는 법적 효력이 무효화됩니다. 대리 서명을 절대 금지하고 전원 100% 자필 서명 체계를 반드시 정착시키세요.""",1CI1wJBhP-v40iEcMmtJttEwefK7Hyo13
consultant,4,7,현장 실무 컨설팅 및 모의 롤플레잉,"""현장 실무 컨설팅 및 모의 롤플레잉이랍니다. 1단계(개회 및 건강 문진 리딩)와 2단계(위험 공지 및 구호 제창), 두 가지 대화를 생생하게 읽어볼게요! 1단계: 개회 및 건강 문진 리딩 컨설턴트: """"민우 씨, 준비되셨나요? 시나리오대로 힘차게 진행해 보세요."""" 근로자 리더 (민우, 큰 목소리로): """"여러분, 작업대 앞으로 둥글게 모여주세요. 지금부터 오늘 아침 5분 TBM 안전회의를 시작하겠습니다!"""" 근로자 리더 (민우): """"먼저 건강 상태 점검입니다. 오늘 열이 나거나 몸이 아프신 분 계십니까? (좌우 안색 확인 후) 네, 전원 건강 이상 없습니다!"""" 2단계: 위험 공지 및 구호 제창 근로자 리더 (민우): """"오늘 우리 조는 2층 철골 용접 작업을 합니다. 소장님께서 강조하신 핵심 위험 수칙은 '안전대 고리 2중 체결'입니다!"""" 근로자 리더 (민우, 턱끈과 안전대를 가리키며): """"다 함께 턱끈 확인하고 구호 외치겠습니다! 안전모 턱끈 확인, 좋아! 안전대 체결, 좋아! 무재해 달성하자, 좋아!"""" 컨설턴트 (총평): """"발음도 당당하고 핵심 위험을 정확히 짚었습니다! 완벽합니다!""""""",1CI1wJBhP-v40iEcMmtJttEwefK7Hyo13
consultant,4,8,일일 5분 TBM 표준 시나리오 및 운영 서식,"""우리가 현장에서 TBM을 운영할 때 참고하는 일일 5분 TBM 표준 시나리오 및 운영 서식 표랍니다. 네 가지 진행 단계를 함께 살펴볼까요? 1. 개회 및 정렬 (1분): """"아침 TBM 시작하겠습니다. 전원 원형으로 모여주세요."""" 👉 보호구 복장 착용 상태 점검 2. 건강 문진 (1분): """"오늘 열이 나거나 전날 음주하신 분 계십니까?"""" 👉 컨디션 불량자 작업 배제 3. 위험 공지 (2분): 당일 공정 1대 핵심 위험요인(추락·끼임·낙하) 압축 통역 전달 👉 핵심 안전수칙 복명복창 4. 구호 제창 (1분): """"지적확인 턱끈 확인 좋아! 무재해 달성하자! 화이팅!"""" 👉 참석자 전원 자필 서명",1CI1wJBhP-v40iEcMmtJttEwefK7Hyo13
consultant,4,9,5분 회의와 6분의 1 사고 감소 효과,"""자, 이번 페이지의 아주 강력하고 과학적인 핵심 메시지예요! 5분 회의와 6분의 1 사고 감소 효과랍니다! 단 5분의 집중이 하루의 생명을 지킵니다. 작업 시작 전 5분간의 TBM을 통해 당일 위험 요인을 공유하고, 손가락으로 가리키며 소리치는 지적확인(Pointing & Calling)을 실천하면 작업자의 부주의 오차율이 6분의 1로 급감해요. 장황한 설교 대신 명확한 4단계(개회-문진-위험공지-구호)를 준수할 때, 다국적 작업장의 안전 문화가 비로소 완벽하게 완성된다는 거, 꼭 기억해 주세요!""",1CI1wJBhP-v40iEcMmtJttEwefK7Hyo13
consultant,4,10,학생용 실습 보고서 과제 체크리스트,"""우리가 현장에서 바로 써먹을 수 있는 학생용 실습 보고서 과제 체크리스트랍니다. 네 가지 과제를 확인해 볼까요? 과제 1 (5분 TBM 진행 대본 기획): 프레스 가공 라인 위험 공지 대본 완성 → """"오늘 우리 조는 프레스 금형 교체 작업을 합니다. 가장 주의할 점은 센서 연동 확인과 비상스위치 점검입니다!"""" 작성하기! 과제 2 (건강 문진 통역 스크립트 작성): 다국적 근로자 대상 음주·발열 문진 표준어 → """"오늘 아침 열이 나거나 전날 술을 드셔서 어지러운 분 계십니까?"""" 발화 실습하기! 과제 3 (TBM 안전일지 점검 훈련): 공정 위험 요인이 구체적으로 명시되었는가? 다국적 참석자 전원의 자필 서명이 빠짐없이 날인되었는가? [V 체크] 과제 4 (팀 안전 구호제창 리딩): 조회를 마치는 우렁찬 안전 구호 제창 → """"안전모 턱끈 조이고! 무재해 일터 만들자! 좋아!"""" 선창 훈련하기!""",1CI1wJBhP-v40iEcMmtJttEwefK7Hyo13
consultant,4,11,컨설턴트 자격 실기 역량 평가 기준표,"""우리의 실력을 공정하게 평가하는 컨설턴트 자격 실기 역량 평가 기준표랍니다. 총점 100점 만점에 80점 이상 받으셔야 합격이에요! 네 가지 평가 기준을 짚어볼게요? 기준 1 (표준 절차 숙지도 - 30점): TBM 표준 4단계(개회-문진-위험공지-구호제창)를 체계적이고 시간 내에 주재하는가? 기준 2 (지시 요약 및 통역력 - 35점): 한국인 관리자의 안전 지시를 1분 이내의 직관적 핵심 키워드로 요약 통역하는가? 기준 3 (퍼실리테이션 리딩력 - 20점): 참여자 전원의 눈맞춤을 이끌고 지적확인 및 안전 구호 복창을 힘차게 통솔하는가? 기준 4 (안전일지 관리 역량 - 15점): TBM 실시 결과와 참석자 명단 및 자필 서명을 누락 없이 철저히 관리하는가?""",1CI1wJBhP-v40iEcMmtJttEwefK7Hyo13
consultant,4,12,단원 마무리 & 이해도 점검,"""제4장 강의의 마지막 페이지이자, 아침 안전조회 TBM 진행 및 통역 지도 과정을 마무리하는 최종 단원 마무리 & 이해도 점검 시간이에요. 화면에 나온 TBM 진행 및 통역 핵심 퀴즈를 함께 풀어봅시다! Q1. 매일 아침 작업 전 5분 TBM을 실시하는 가장 중요한 목적은 무엇일까요? 👉 정답: 당일 공정의 핵심 위험 요인을 사전에 공유하고 건강 이상자를 선별하여 무재해를 달성하기 위해! Q2. 건강 문진 시 고열(38도)이 나고 심하게 어지러워하는 작업자를 발견했을 때 올바른 조치는 무엇인가요? 👉 정답: 즉시 관리자에게 보고하고 위험 작업에서 배제하여 휴식 및 병원 진료를 받도록 조치하기! Q3. TBM 종료 직후 법적 분쟁 및 중대재해 처벌 대비를 위해 반드시 수행해야 할 절차는 무엇일까요? 👉 정답: TBM 일지에 참석한 모든 작업자의 자필 서명을 누락 없이 확인 날인하기! 오늘 저와 함께 제4장 아침 안전조회(TBM) 진행 및 통역 지도하기 내용을 아주 열심히 공부하셨으니 실기시험 만점 받는 건 문제없겠죠? 여러분, 안전한 일터를 만드는 TBM 지도 과정 동안 정말 수고 많으셨습니다! 앞으로 현장에서 다국적 근로자들의 생명을 지키는 훌륭한 안전 소통 퍼실리테이터로 멋지게 활약하시기를 진심으로 응원합니다. 수고하셨습니다!""",1CI1wJBhP-v40iEcMmtJttEwefK7Hyo13
consultant,5,1,제5장 한국인 상사의 작업 지시 정확하게 전달하기,"""이번 시간에는 우리와 함께 [2부] 제5장 한국인 상사의 작업 지시 정확하게 전달하기 과정을 배워볼 거예요. 감정적 어조 정제하기, 수량·기한·규격 같은 직무 팩트 추출하기, 그리고 상향 피드백 완료 보고 실무를 아주 꼼꼼하게 다뤄볼 거랍니다. 이번 장을 통해 현장에서 상사의 거친 호통 속에서도 순수 기술적 팩트만 쏙쏙 골라내어 다국적 근로자들에게 완벽하게 전달하는 전문 소통 컨설턴트의 역량을 확실하게 길러보자고요!""",17zQ6Btk8zTbTpXy2IjM18WYXAWwFLJnT
consultant,5,2,단원 개요 및 핵심 학습 목표,"""이번 페이지는 단원 개요 및 핵심 학습 목표를 다루는 파트랍니다. 먼저 상황 설정 및 통역 중재 필요성을 볼까요? 한국인 공장장이나 부장님은 납기 압박으로 인해 거칠고 빠른 어조나 호통으로 변경 지시를 내리는 경우가 빈번합니다. 이를 그대로 통역하면 근로자가 위축되거나 반발하므로, 관리자의 감정은 완충(배제)하고 정확한 수량, 기한, 품질 규격만을 명확히 전달하여 현장 불량을 예방하셔야 해요. 지식 및 수행 목표를 살펴볼게요. 지식 목표: 감정적 발화와 직무 팩트 분리 기법, 3대 직무 팩트(수량·기한·규격), 일일 작업 전달 확인서 서식 이해. 수행 목표: 상사의 지시에서 핵심 팩트를 추출하여 쉬운 한국어로 브리핑하고, 관리자에게 전달 완료를 피드백할 수 있다.""",17zQ6Btk8zTbTpXy2IjM18WYXAWwFLJnT
consultant,5,3,감정적 호통 정제 및 직무 팩트 추출 모델,"""자, 이번 페이지는 감정적 호통 정제 및 직무 팩트 추출 모델에 대한 내용이에요. 화면 상단에 있는 [그림. C0501] 사진과 일러스트 자료를 다 같이 아주 주의 깊게 봐주세요! 왼쪽을 보면 한국인 간부 분이 얼굴이 붉으락푸르락해져서 주먹을 불끈 쥐고 """"빨리 안 해?! 불량 나면 다 물어내! 미치겠네!""""라며 감정적인 호통을 치고 있어요. 그 가운데에 컨설턴트 분이 '소통 필터(Communication Filter)'라는 투명한 삼각형 방패를 들고 서서 그 거친 발화를 멋지게 걸러내고 있답니다. 오른쪽 스마트폰 화면인 '팩트 카드'를 보면 [완료 기한: 오후 2시], [작업 수량: 100개 완료], [품질 주의: 품질 불량 주의]로 아주 깔끔하게 정제되어 베트남 근로자와 인도 근로자에게 명확한 직무 지시로 전달되는 모습이 아주 감탄스러워요! 감정적 호통 정제 모델 4가지 핵심이에요! 감정적 호통 배제: """"빨리 안 해?! 불량 나면 다 물어내!"""" 같은 분노 표현을 그대로 직역하지 않고 흡수·완충합니다. 소통 필터 (Communication Filter): 거친 발화 속에서 작업자가 반드시 알아야 할 순수 기술적 팩트를 걸러내요. 직관적 팩트 카드화 (O): [완료 기한: 오후 2시], [작업 수량: 100개 완료], [품질 주의: 불량 방지]로 요약 전달합니다. 심리적 안정과 품질 확보: 다국적 근로자가 공포심 대신 차분하고 정밀하게 작업에 집중하도록 돕는답니다.""",17zQ6Btk8zTbTpXy2IjM18WYXAWwFLJnT
consultant,5,4,컨설턴트 핵심 표현 및 표준 전달법,"""이번 페이지는 컨설턴트 핵심 표현 및 표준 전달법이랍니다. 다섯 가지 상황별 필수 표현을 저와 함께 소리 내어 연습해 볼까요? 첫째, 변경 사유를 명확히 할 때: """"오늘 3번 라인은 모터 교체 때문에 100개만 먼저 작업하라고 하십니다."""" 둘째, 품질 우선을 강조할 때: """"서두르지 마시고 불량이 발생하지 않도록 정밀 치수 관리에 집중해 주세요."""" 셋째, 피드백을 종결할 때: """"반장님께 지시하신 내용 작업조에 전달 완료했다고 방금 보고드렸습니다."""" 넷째, 소통 완충 역할을 할 때: """"상사의 불안한 감정은 빼고 정확한 숫자(수량 50개, 12시 마감)만 전달합니다."""" 다섯째, 공식 문서화를 할 때: """"일일 작업 지시 전달 확인서 서식에 전원 서명받아 공식 관리합니다.""""""",17zQ6Btk8zTbTpXy2IjM18WYXAWwFLJnT
consultant,5,5,작업 지시 전달 후 관리자 피드백 보고,"""이번 페이지는 작업 지시 전달 후 관리자 피드백 보고를 다루고 있어요. 화면 상단의 [그림. C0402] 사진을 아주 자세히 살펴보세요! 밝은 공장 사무실 안에서 한국인 관리자 분이 '완료 확인서' 서류를 검토하고 있고, 컨설턴트 분이 """"지시하신 내용 3조 8명에게 전달 완료했습니다.""""라고 클립보드를 들고 아주 정중하게 보고하고 있어요. 그 위에는 '(전달 완료) [완료 확인서]' 말풍선이 떠 있고, 우측 벽면 시계는 10시를 가리키고 있답니다. 소통의 완결을 짓는 상향 피드백 2가지 핵심이에요! 상향 피드백 (Closing the Loop): 근로자 브리핑 후 즉시 상사에게 복귀하여 """"지시하신 내용 3조 8명에게 전달 완료했습니다""""라고 정중히 보고합니다. 관리자의 불안 해소: 확인서 서명부를 지참하고 구체적인 작업 착수 현황을 알림으로써 관리자의 불필요한 현장 재확인과 호통을 원천 차단해 줘요."" ",17zQ6Btk8zTbTpXy2IjM18WYXAWwFLJnT
consultant,5,6,컨설턴트 전문 역량 및 심화 보충 가이드,"""컨설턴트 전문 역량 및 심화 보충 가이드랍니다. 세 가지 핵심 내용을 꼭 기억해 주세요! 감정 필터링 (Emotional Filtering): 상사의 """"정신 안 차려?!""""를 직역하면 모욕감을 줍니다. 상사의 다급한 심리를 파악하되 전달은 """"지금 납기가 급하니 12시까지 집중합시다""""로 정제하셔야 해요. 3대 핵심 직무 팩트 (숫자 검증): 지시 전달 시 ① 몇 개인가?(수량 100EA), ② 몇 시까지인가?(기한 14:00), ③ 토크 치수는 얼마인가?(규격 15Nm)의 3대 숫자가 절대 누락되면 안 됩니다. 소통의 마침표 '상향 보고': 전달만 하고 끝내면 상사는 지시가 들어갔는지 계속 불안해합니다. """"지시 전달 완료 후 정상가동 중입니다""""라고 마침표를 찍어야 신뢰가 비로소 완성된답니다.""",17zQ6Btk8zTbTpXy2IjM18WYXAWwFLJnT
consultant,5,7,현장 실무 컨설팅 및 모의 롤플레잉,"""현장 실무 컨설팅 및 모의 롤플레잉이랍니다. 1단계(상사 지시 수신 및 정제 브리핑)와 2단계(현장 착수 확인 및 상사 피드백), 두 가지 대화를 생생하게 읽어볼게요! 1단계: 상사 지시 수신 및 정제 브리핑 한국인 부장: """"야, 알리! 오늘 3번 라인 모터 교체하니까 일단 50개만 뽑고 대기라 그래! 불량 내면 다 물어내라 해!"""" 컨설턴트 (알리, 차분하고 명료하게): """"여러분, 부장님 전달사항입니다. 오늘 3번 라인은 모터 교체 일정이 있어 오전에는 50개만 작업합니다."""" 외국인 근로자 (바트): """"오전 50개만 완성하고 설비 정지하면 됩니까?"""" 컨설턴트 (알리): """"네, 맞습니다. 서두르지 말고 불량 안 나게 천천히 작업해 주세요."""" 2단계: 현장 착수 확인 및 상사 피드백 컨설턴트 (알리, 확인서 서명 확인 후 부장실 방문): """"부장님, 3번 라인 작업자들에게 오전 50개 가공 후 모터 교체 대기 지시 전달 완료했습니다."""" 한국인 부장: """"그래? 불량 주의하라고 단단히 일렀어?"""" 컨설턴트 (알리): """"네, 부품 결합 시 치수 공차 규격 준수하도록 특별히 강조했고 현재 순조롭게 생산 중입니다!"""" 한국인 부장 (흡족해하며): """"알리 씨 덕분에 마음이 놓이네, 수고했어!""""""",17zQ6Btk8zTbTpXy2IjM18WYXAWwFLJnT
consultant,5,8,일일 작업 지시 전달 확인서 및 브리핑 서식,"""우리가 현장에서 작업 지시를 전달하고 기록할 때 사용하는 일일 작업 지시 전달 확인서 및 브리핑 서식 표랍니다. 네 가지 가공·조립 현장 사례를 함께 살펴볼까요? 생산1팀장 지시: 부품 B 결합 시 볼트 체결 토크 15Nm 절대 준수 👉 조립 A조 (8명) / 토크렌치 교육 완료 [V] 가공반장 지시: 오후 2시 원자재 입고 전까지 1공정 100개 마감 👉 절단 B조 (5명) / 13:50 조기 마감 [V] 품질과장 지시: 표면 스크래치 전수검사 및 적색 스티커 불량 분리 👉 검사반 (3명) / 불량 마킹 완료 [V] 총괄부장 지시: 모터 교체 일정 반영, 오전 50개 생산 후 정지 대기 👉 가공 3호기 (4명) / 상향 피드백 완료 [V]""",17zQ6Btk8zTbTpXy2IjM18WYXAWwFLJnT
consultant,5,9,수량·기한·규격의 3대 직무 팩트 추출,"""이번 페이지의 아주 명확하고 눈이 번쩍 뜨이는 핵심 메시지예요! 수량·기한·규격의 3대 직무 팩트 추출이랍니다! 현장의 불통과 오해는 말이 거칠어서 생기는 것이 아니라, 호통 속에 묻힌 수량(100개), 기한(14:00), 규격(15Nm)을 놓치기 때문에 발생해요. 컨설턴트가 상사의 감정적 어조를 걷어내고 3대 핵심 팩트를 추출하여 전달할 때, 다국적 근로자의 작업 착오율은 0%로 완벽하게 수렴한다는 거, 꼭 명심해 주세요!""",17zQ6Btk8zTbTpXy2IjM18WYXAWwFLJnT
consultant,5,10,학생용 실습 보고서 과제 체크리스트,"""우리가 현장에서 바로 써먹을 수 있는 학생용 실습 보고서 과제 체크리스트랍니다. 네 가지 과제를 확인해 볼까요? 과제 1 (감정 정제 전달문 작성): 상사 발화 """"야! 당장 2번 라인 멈추고 청소부터 싹 다 하라 그래!""""를 정제하여 """"여러분, 관리자님 지시사항입니다. 2번 라인 가동을 잠시 중단하고 주변 5S 청소를 진행해 주십시오."""" 작성하기! 과제 2 (3대 핵심 팩트 추출 연습): 복잡한 지시문 [내일 오전 11시까지 부품 C200개 가공/불량 검사 철저]에서 수량(200개), 기한(오전 11시), 품질 주의사항 정확히 추출하기! 과제 3 (상사 피드백 완료 보고 발화): 전달 완료 후 상사에게 복귀하여 드릴 스피치 """"부장님, 지시하신 조립 1조 6명에게 작업 변경 사항 전달 완료했습니다!"""" 구두 훈련하기! 과제 4 (작업 지시 전달 확인서 서식 기입): 지시자, 전달 대상, 핵심 팩트, 전달 완료 서명란을 직접 기입하고 V 체크하기!""",17zQ6Btk8zTbTpXy2IjM18WYXAWwFLJnT
consultant,5,11,컨설턴트 자격 실기 역량 평가 기준표,"""우리의 실력을 공정하게 평가하는 컨설턴트 자격 실기 역량 평가 기준표랍니다. 총점 100점 만점에 80점 이상 받으셔야 합격이에요! 네 가지 평가 기준을 짚어볼게요? 기준 1 (직무 팩트 추출력 - 35점): 상사의 거친 발화에서 감정을 배제하고 직무 팩트(수량, 시간, 치수)를 정확히 추출하는가? 기준 2 (쉬운 한국어 브리핑 - 30점): 다국적 근로자가 즉시 이해할 수 있도록 쉬운 어휘와 차분한 억양으로 전달하는가? 기준 3 (상향 피드백 완결성 - 20점): 전달 후 상사에게 즉시 찾아가 """"전달 완료했습니다""""라고 마침표를 찍는가? 기준 4 (공식 확인서 완성도 - 15점): 일일 작업 지시 전달 확인서 서식을 체계적으로 작성하고 서명을 관리하는가?""",17zQ6Btk8zTbTpXy2IjM18WYXAWwFLJnT
consultant,5,12,단원 마무리 & 이해도 점검,"""제5장 강의의 마지막 페이지이자, 한국인 상사의 작업 지시 정확하게 전달하기 과정을 마무리하는 최종 단원 마무리 & 이해도 점검 시간이에요. 화면에 나온 작업 지시 전달 핵심 퀴즈를 함께 풀어봅시다! Q1. 한국인 상사가 화를 내며 거칠게 지시를 내렸을 때 컨설턴트의 올바른 전달 태도는 무엇일까요? 👉 정답: 상사의 분노나 거친 말은 완충하여 빼고, 정확한 수량, 마감 시간, 품질 주의사항만 차분하게 전달하기! Q2. 근로자들에게 변경된 작업 지시를 전달한 직후 반드시 취해야 할 행동은 무엇인가요? 👉 정답: 근로자에게 수량과 기한을 되물어 확인한 후, 상사에게 즉시 찾아가 """"전달 완료했습니다"""" 피드백 보고하기! Q3. 작업 지시 전달 확인서를 공식 문서로 작성하는 가장 중요한 이유는 무엇일까요? 👉 정답: 구두 전달의 누락을 방지하고 작업 착오 발생 시 객관적 이행 여부를 공식 확인하기 위해! 오늘 저와 함께 제5장 한국인 상사의 작업 지시 정확하게 전달하기 내용을 아주 열심히 공부하셨으니 실기시험 만점 받는 건 문제없겠죠? 여러분, 상사의 지시를 명확하게 정제하고 완벽한 피드백으로 신뢰를 쌓는 멋진 소통 컨설턴트로 활약하시기를 진심으로 응원합니다. 수고하셨습니다!""",17zQ6Btk8zTbTpXy2IjM18WYXAWwFLJnT
consultant,6,1,제6장 현장 불만 및 건의사항을 상사에게 정중히 보고하기,"""여러분 반갑습니다! 이번 시간에는 우리와 함께 [2부] 제6장 현장 불만 및 건의사항을 상사에게 정중히 보고하기 과정을 배워볼 거예요. 근로자 애로사항 경청하기, 객관적 원인 분석 및 실측하기, 그리고 해결 대안 제시형 상향 보고 실무를 아주 꼼꼼하게 다뤄볼 거랍니다. 이번 장을 통해 현장의 불평을 단순한 불만이 아니라 회사를 발전시키는 최고의 혁신 대안 보고서로 탈바꿈시키는 전문 소통 컨설턴트의 역량을 확실하게 길러보자고요!""",1UHI6Vvvv_ptWWaPL9hWJ4LLOQB9u78Sd
consultant,6,2,단원 개요 및 핵심 학습 목표,"""이번 페이지는 단원 개요 및 핵심 학습 목표를 다루는 파트랍니다. 먼저 상황 설정 및 중재 필요성을 볼까요? 외국인 근로자들이 작업장 조명 불량, 기계 노후화, 기숙사 문제 등으로 불만이 누적되면 집단 태업이나 노사 갈등으로 비화될 위험이 아주 큽니다. 현장의 고충을 경청하여 단순 불평이 아닌 '문제점 + 기술적 원인 + 합리적 해결 대안'의 비즈니스 보고서로 정제하여 상사에게 정중히 건의하는 상향식 소통 기술을 체득하셔야 해요. 지식 및 수행 목표를 살펴볼게요. 지식 목표: 상향식 비즈니스 보고 화법, 현장 애로사항 보고서 서식 구조, 대안 제시형 건의 프레임워크 이해. 수행 목표: 근로자 고충을 면담하여 객관화하고, 정중한 어조로 관리자에게 기대효과와 함께 개선 건의서를 보고할 수 있다.""",1UHI6Vvvv_ptWWaPL9hWJ4LLOQB9u78Sd
consultant,6,3,현장 애로사항 조사 및 개선 건의 흐름도,"""이번 페이지는 현장 애로사항 조사 및 개선 건의 흐름도에 대한 내용이에요. 화면 상단에 있는 [그림. C0601] 사진과 일러스트 자료를 다 같이 아주 주의 깊게 봐주세요! 총 3단계의 흐름이 아주 잘 나와 있는데요, 첫 번째 사진에서는 컨설턴트 분이 어두운 검사 라인에서 조도계를 들고 직접 수치를 측정하며 '실측 결과: 55 LUX (기준 미달)'을 확인하고 있어요. 두 번째 사진에서는 그 실측 데이터를 바탕으로 '애로사항 보고서 작성'을 꼼꼼하게 하고 있고, 세 번째 사진에서는 공장장님과 마주 앉아 1:1 면담과 승인을 이끌어내는 모습이 '1. 현장 조사 2. 보고서 작성 3. 면담 및 승인' 순서대로 아주 멋지게 시각화되어 있답니다. 현장 애로사항 조사 및 개선 건의 3단계 흐름이에요! 1단계 [검사 라인 실측 조사]: 어두운 검사 라인에서 조도계를 활용해 객관적 수치(55 LUX, 기준 미달)를 직접 측정합니다. 2단계 [애로사항 보고서 작성]: 근로자의 주관적 불만을 '불량률 증가 및 시각 피로 누적'이라는 경영적 언어로 정제해요. 3단계 [관리자 면담 및 승인]: 작업반장 및 공장장에게 정중히 일정을 요청하고 구체적 대안(LED 4개 증설)을 제시하여 승인을 이끕니다. 데이터 기반의 신뢰성: 감정 대신 수치와 대안을 제시함으로써 경영진의 신속한 예산 집행을 유도할 수 있어요.""",1UHI6Vvvv_ptWWaPL9hWJ4LLOQB9u78Sd
consultant,6,4,컨설턴트 핵심 표현 및 표준 전달법,"""컨설턴트 핵심 표현 및 표준 전달법이랍니다. 다섯 가지 상황별 필수 표현을 저와 함께 소리 내어 연습해 볼까요? 첫째, 정중한 면담을 요청할 때: """"반장님, 현장 개선 건의사항이 있어 잠깐 시간 부탁드립니다."""" 둘째, 객관적 문제를 제기할 때: """"검사 라인 조명이 어두워 미세 스크래치 판별이 어렵다고 합니다."""" 셋째, 대안을 제시할 때: """"제가 실측해 보니 LED 고효율 작업등 4개 교체가 필요해 보입니다."""" 넷째, 경영적 설득 논리를 펼칠 때: """"조명을 개선하면 야간 불량률이 30% 이상 줄어들 것으로 판단됩니다."""" 다섯째, 공식 건의를 문서화할 때: """"애로사항 보고서와 견적을 첨부하여 정식 결재를 올리겠습니다.""""""",1UHI6Vvvv_ptWWaPL9hWJ4LLOQB9u78Sd
consultant,6,5,관리자 대상 대안 제시형 상향 보고,"""관리자 대상 대안 제시형 상향 보고를 다루고 있어요. 화면 상단의 [그림. C0502] 사진을 아주 자세히 살펴보세요! '박준형 공장장' 명패가 놓인 집무실 책상 앞에서, 컨설턴트 분이 개선 건의서 서류를 두 손으로 정중하게 건네며 공장장님께 보고하고 있어요. 우측에는 [기대 효과] 박스가 따로 나와 있는데요, LED 조명 증설 → 불량률 30% 감소, 연동 지연 해결 → 생산성 향상, 그리고 안전 준수 완료 확신이라는 긍정적 지표들이 아주 뚜렷하게 그려져 있답니다. 경영진의 마음을 여는 1-Page 건의 보고 핵심이에요! 대안 중심의 정중한 건의 (O): 박준형 공장장님께 개선 건의서를 두 손으로 전달하며 """"LED 조명 4개를 증설하면 검사 라인의 불량률이 30% 감소하고 공정 지연이 즉시 해결됩니다""""라고 차분히 보고합니다. 경영적 설득과 신속한 결재: 단순 불평이 아닌 확실한 기대 효과(생산성 향상, 안전 준수)를 제시할 때 관리자는 깊은 신뢰와 함께 즉각 예산 승인을 결정해 주셔요.""",1UHI6Vvvv_ptWWaPL9hWJ4LLOQB9u78Sd
consultant,6,6,컨설턴트 전문 역량 및 심화 보충 가이드,"""컨설턴트 전문 역량 및 심화 보충 가이드랍니다. 세 가지 핵심 내용을 꼭 기억해 주세요! 감정적 불평 ↔ 경영적 언어 전환: 근로자의 """"더워서 일 못 해요!""""를 그대로 전하면 단순 투정이 됩니다. """"국소 배기 온도 과열로 탈수 및 품질 집중력 저하 우려""""로 재구성해야 결재가 난답니다. 1-Page 제안서 구조화 원칙: 바쁜 관리자를 위해 [현안] - [원인] - [해결 대안] - [기대 효과]의 핵심 4단계로 A4 1장에 집약하여 의사결정 시간을 단축시켜요. 개선 피드백과 신뢰 시너지: 조명이 교체되면 근로자들에게 """"회사에서 여러분의 안전과 품질을 위해 신속히 지원해 주셨습니다""""라고 브리핑하여 회사에 대한 충성도를 높여줍니다.""",1UHI6Vvvv_ptWWaPL9hWJ4LLOQB9u78Sd
consultant,6,7,현장 실무 컨설팅 및 모의 롤플레잉,"""현장 실무 컨설팅 및 모의 롤플레잉이랍니다. 1단계(정중한 면담 요청 및 문제 제기)와 2단계(실측 데이터 및 대안 제시 승인), 두 가지 대화를 생생하게 읽어볼게요! 1단계: 정중한 면담 요청 및 문제 제기 컨설턴트 (알리): """"반장님, 생산 라인 품질 관련하여 건의드릴 말씀이 있어 잠깐 시간 괜찮으십니까?"""" 작업반장 (한국인): """"어, 알리 씨 무슨 일인데? 생산에 무슨 차질이라도 있어?"""" 컨설턴트 (알리): """"네, 2공정 검사대 작업자들이 조명이 너무 어두워서 미세 스크래치를 육안으로 발견하기 힘들다고 호소하고 있습니다."""" 작업반장 (한국인): """"아, 그래? 불량률이랑 직결되는 문제네, 알리 씨가 직접 확인해 봤어?"""" 2단계: 실측 데이터 및 대안 제시 승인 컨설턴트 (알리, 건의서 제시하며): """"네, 제가 조도계로 측정해 보니 55 LUX로 기준치의 절반 수준입니다. LED 투광등 4개만 증설해 주시면 야간 불량률을 30% 이상 잡을 수 있습니다."""" 작업반장 (한국인, 흡족해하며): """"오, 직접 실측까지 해봤단 말이지? 당장 총무과에 LED 자재 불출 요청하자고, 수고했어!"""" 컨설턴트 (알리): """"감사합니다! 작업자들에게도 회사의 조치 계획을 전달하여 더 꼼꼼히 검사하도록 독려하겠습니다!""""""",1UHI6Vvvv_ptWWaPL9hWJ4LLOQB9u78Sd
consultant,6,8,현장 애로사항 보고서 및 개선 건의서 양식,"""우리가 현장에서 애로사항을 접수하고 개선할 때 참고하는 현장 애로사항 보고서 및 개선 건의서 양식 표랍니다. 네 가지 현장 사례를 함께 살펴볼까요? 첫째 행 (2026.09.14): 검사 라인 조도 부족 / 형광등 노후화 (55 LUX), 미세 스크래치 불량 누락 / LED 고효율 작업등 4개 긴급 증설 / 즉시 승인 [V] 둘째 행 (2026.09.15): 용접 흄 환기 팬 풍량 저하 / 필터 분진 포집 과다로 인한 작업장 호흡 곤란 / 정기 필터 교체 주기 단축 (1개월) / 구매 요청 [V] 셋째 행 (2026.09.16): 가공 3호기 오일 비산 / 노후 방호커버 균열, 작업복 오염 및 미끄럼 위험 / 아크릴 투명 커버 신규 교체 제작 / 수리 접수 [V] 넷째 행 (2026.09.18): 기숙사 온수 공급 불안정 / 노후 보일러 고온 밸브 고장, 근로자 수면 피로 / 보일러 전문 수리업체 긴급 호출 / 수리 완료 [V]""",1UHI6Vvvv_ptWWaPL9hWJ4LLOQB9u78Sd
consultant,6,9,데이터 기반 대안 제시는 30% 불량을 줄입니다,"""이번 페이지의 아주 명확하고 눈이 번쩍 뜨이는 핵심 메시지예요! 데이터 기반 대안 제시는 30% 불량을 줄입니다! 단순한 불평은 외면받지만, 명확한 대안은 경영진의 결재를 이끌어냅니다. 근로자들의 원성을 그대로 전하면 """"투정 부리지 마라""""는 질책만 돌아오지만, 조도계 실측 수치와 함께 LED 증설 대안을 제시하면 경영진은 즉각 움직여요. 품질 향상과 30% 불량률 감소라는 경영적 가치를 제시할 때, 현장의 고충은 회사를 성장시키는 가장 확실한 혁신 아이디어가 된다는 거, 잊지 마세요!""",1UHI6Vvvv_ptWWaPL9hWJ4LLOQB9u78Sd
consultant,6,10,학생용 실습 보고서 과제 체크리스트,"""우리가 현장에서 바로 써먹을 수 있는 학생용 실습 보고서 과제 체크리스트랍니다. 네 가지 과제를 확인해 볼까요? 과제 1 (현장 고충 인터뷰 사실 정제): 작업자 발화 """"기계가 너무 낡아서 기름 튀고 옷 다 버려요!""""를 객관화하여 """"가공 3호기 노후 방호커버 균열로 절삭유 비산 및 작업자 미끄럼 위험이 발생하고 있습니다."""" 작성하기! 과제 2 (관리자 면담 정중 요청 오프닝): 건의 전 상사의 시간 양해 구하기 → """"반장님, 현장 개선 건의사항이 있어 잠깐 시간 괜찮으십니까?"""" 표준 발화 구두 훈련하기! 과제 3 (1-Page 개선 건의서 작성 실습): [현안: 검사대 조도 부족] / [원인: 형광등 노후 55 LUX] / [제안: LED 등 4개 교체] / [기대효과: 불량률 30% 감소] 서식 완성하기! 과제 4 (작업조 대상 피드백 브리핑): 개선안 채택 후 작업자 독려 스피치 → """"여러분, 회사에서 우리의 안전과 품질을 위해 LED 조명을 즉시 설치해 주셨습니다!"""" 작성하기!""",1UHI6Vvvv_ptWWaPL9hWJ4LLOQB9u78Sd
consultant,6,11,컨설턴트 자격 실기 역량 평가 기준표,"""우리의 실력을 공정하게 평가하는 컨설턴트 자격 실기 역량 평가 기준표랍니다. 총점 100점 만점에 80점 이상 받으셔야 합격이에요! 네 가지 평가 기준을 짚어볼게요? 기준 1 (고충 정제 및 객관화 - 35점): 근로자의 감정적 불평을 객관적 직무·품질·안전 이슈로 논리정연하게 전환하는가? 기준 2 (대안 제시형 보고 능력 - 30점): 문제 제기에 그치지 않고 구체적이고 실현 가능한 기술적 대안을 제시하는가? 기준 3 (정중한 상향 소통 예절 - 20점): 상사와 면담 시 예의 바른 격식 표현을 사용하며 신뢰감 있게 브리핑하는가? 기준 4 (문서 완성도 - 15점): 애로사항 보고서 및 건의서 서식을 규격에 맞게 깔끔하고 설득력 있게 작성하는가?""",1UHI6Vvvv_ptWWaPL9hWJ4LLOQB9u78Sd
consultant,6,12,단원 마무리 & 이해도 점검,"""제6장 강의의 마지막 페이지이자, 현장 불만 및 건의사항을 상사에게 정중히 보고하기 과정을 마무리하는 최종 단원 마무리 & 이해도 점검 시간이에요. 화면에 나온 상향식 보고 및 건의 핵심 퀴즈를 함께 풀어봅시다! Q1. 현장 근로자들의 불만을 관리자에게 보고할 때 가장 효과적인 방법은 무엇일까요? 👉 정답: 단순 불평을 배제하고, 실측 데이터와 품질·안전 영향 및 구체적 해결 대안을 담아 정중히 보고하기! Q2. 상사에게 건의사항을 말하기 전 첫마디로 가장 올바른 표현은 무엇인가요? 👉 정답: """"반장님, 드릴 말씀이 있어 잠깐 시간 부탁드립니다""""라고 정중히 시간 양해 구하기! Q3. 관리자가 개선 요청을 승인했을 때 컨설턴트가 취해야 할 올바른 조치는 무엇일까요? 👉 정답: 작업자들에게 회사의 신속한 지원 사실을 적극 브리핑하여 감사와 품질 몰입을 독려하기! 오늘 저와 함께 제6장 현장 불만 및 건의사항을 상사에게 정중히 보고하기 내용을 아주 열심히 공부하셨으니 실기시험 만점 받는 건 문제없겠죠? 여러분, 현장의 고충을 멋진 대안 보고서로 해결하는 훌륭한 소통 컨설턴트로 활약하시기를 진심으로 응원합니다. 수고하셨습니다!""",1UHI6Vvvv_ptWWaPL9hWJ4LLOQB9u78Sd
consultant,7,1,제7장 현장 오해와 말다툼(갈등) 중재하고 화해시키기,"""이번 시간에는 우리와 함께 [2부] 제7장 현장 오해와 말다툼(갈등) 중재하고 화해시키기 과정을 배워볼 거예요. 문화적 오해(시선 처리와 말투)를 진단하고, 3자 대면 중재 프로세스를 거쳐, 상호 화해와 재발 방지 합의를 이끌어내는 실무를 아주 꼼꼼하게 다뤄볼 거랍니다. 이번 장을 통해 현장에서 발생하는 문화적 차이와 갈등을 지혜롭게 중재하고 진정한 동료애로 승화시키는 전문 소통 컨설턴트의 역량을 확실하게 길러보자고요!""",1nZRILkspeyprgfQDvUTrbcSTxA6EsGuI
consultant,7,2,단원 개요 및 핵심 학습 목표,"""이번 페이지는 단원 개요 및 핵심 학습 목표를 다루는 파트랍니다. 먼저 상황 설정 및 중재 필요성을 볼까요? 한국인 선배와 외국인 근로자 간 언어 소통 부족과 문화적 차이(훈계 시 눈맞춤, '왜요?' 질문 오해)로 인해 언성을 높이거나 충돌하는 사례가 현장에서 종종 발생합니다. 어느 한쪽 편을 들지 않고 중립적 입장에서 상대방의 문화적 맥락을 상호 해설하고 감정의 앙금 없이 화해시키는 전문 갈등 중재 프로토콜을 반드시 체득하셔야 해요. 지식 및 수행 목표를 살펴볼게요. 지식 목표: 크로스컬처 갈등 원인(고맥락 vs 저맥락, 비언어적 제스처), 3자 대면 중재 4단계 표준 프로세스 이해. 수행 목표: 양측 진술을 공정하게 경청하고, 문화적 차이를 상호 해설하며, 공식적인 화해와 재발 방지 서약을 이끌어낼 수 있다.""",1nZRILkspeyprgfQDvUTrbcSTxA6EsGuI
consultant,7,3,3자 대면 갈등 중재 표준 배치도 및 대화 수칙,"""3자 대면 갈등 중재 표준 배치도 및 대화 수칙에 대한 내용이에요. 화면 상단에 있는 [그림. C0701] 사진 자료를 다 같이 아주 주의 깊게 봐주세요! 차분한 분위기의 상담실 테이블 중앙에 컨설턴트 분이 정장 차림으로 착석해 있고, 그 양옆으로 한국인 선배와 외국인 근로자가 서로 마주 보며 앉아 대화를 나누고 있어요. 화이트보드에는 [경청 가이드]와 [상호존중 대화 수칙]이 아주 큼지막하게 적혀 있답니다. 3자 대면 중재 4가지 핵심 원칙이에요! 컨설턴트 중심의 중립 테이블 배치: 중앙에 중재자가 착석하고 양측이 마주 보며 물리적·심리적 균형을 유지합니다. 3대 경청 가이드 준수: ① 상대방의 눈을 맞추며 이야기 듣기, ② 상대방의 말 끊지 않기, ③ 이해가 안 되면 질문하기. 상호존중 대화 수칙: 감정을 배제하고 사실 중심으로 말하며, 비난이나 인신공격을 철저히 배제해요. 안전한 심리적 공간 확보: 공개된 현장에서 분리된 상담실에서 냉수를 마시며 차분하게 대화하도록 유도합니다.""",1nZRILkspeyprgfQDvUTrbcSTxA6EsGuI
consultant,7,4,컨설턴트 핵심 표현 및 표준 전달법,"""컨설턴트 핵심 표현 및 표준 전달법이랍니다. 다섯 가지 상황별 필수 표현을 저와 함께 소리 내어 연습해 볼까요? 첫째, 선배를 설득하는 화법: """"선배님, 이 친구가 화를 낸 게 아니라 한국말 표현이 서툴러서 그렇습니다."""" 둘째, 근로자를 위로하는 화법: """"반장님은 네가 다칠까 봐 걱정돼서 소리치신 거야. 정중히 사과드리자."""" 셋째, 중립적 중재를 선언할 때: """"양쪽 이야기를 제가 다 차분히 듣고 오해를 확실히 풀어드리겠습니다."""" 넷째, 문화 갈등 원인을 규명할 때: """"외국에서는 경청의 뜻으로 눈을 보지만, 한국에서는 고개를 숙이는 게 반성의 예의입니다."""" 다섯째, 공식 화해를 문서화할 때: """"중재 일지를 작성하여 다시는 현장에서 언성을 높이지 않기로 합의했습니다.""""""",1nZRILkspeyprgfQDvUTrbcSTxA6EsGuI
consultant,7,5,문화적 오해 해소 후 상호 화해 프로토콜,"""문화적 오해 해소 후 상호 화해 프로토콜을 다루고 있어요. 화면 상단의 [그림. C0701] 사진을 아주 자세히 살펴보세요! 상담실 테이블에서 시선 처리와 질문 화법의 차이를 깨달은 한국인 선배와 외국인 근로자가 환하게 웃는 얼굴로 서로 단단히 악수를 나누고 있어요. 책상 위에는 '서명날인'과 '합의 완료'가 적힌 중재 합의서가 펼쳐져 있답니다. 벽면 게시판에는 '문화적 이해와 화합(Cultural Harmony in Our Workplace)'이라는 문구와 함께 다국적 동료들이 함께 웃고 있는 일러스트가 걸려 있어요. 진정한 동료애로 나아가는 핵심이에요! 문화 번역을 통한 상호 악수 (O): 시선 처리와 질문 화법의 차이를 이해한 한국인 선배와 외국인 근로자가 환하게 웃으며 악수를 나누고 중재 합의서에 서명합니다. 영구적인 신뢰 회복: 단순한 덮어두기식 화해가 아닌 서로의 문화적 배경을 존중하는 계기로 승화시켜 현장의 단합을 더욱 공고히 해줘요동료애를 돈독히 한답니다.""",1nZRILkspeyprgfQDvUTrbcSTxA6EsGuI
consultant,7,6,컨설턴트 전문 역량 및 심화 보충 가이드,"""컨설턴트 전문 역량 및 심화 보충 가이드랍니다. 세 가지 핵심 내용을 꼭 기억해 주세요!   눈맞춤(Eye-Contact)의 충돌: 서구·동남아는 훈계 시 눈을 피하면 '무시'로 보지만, 한국은 눈을 똑바로 보면 '대든다'고 여깁니다. 이 차이를 설명하면 선배의 화가 사르르 풀려요.   3자 대면 중재 4단계 공식: [분리/환기] → [개별 경청] → [문화 번역] → [상호 화해/서약]의 표준 절차를 준수하여 자존심 손상 없이 원만히 합의를 도출하셔야 합니다.   현장 재발 방지 규칙 제정: 화해 후에는 작업장 내 '고성 금지'와 '상호 존댓말 사용' 수칙을 선언하여 거친 반말과 감정적 충돌을 사전에 철저히 차단해요.""",1nZRILkspeyprgfQDvUTrbcSTxA6EsGuI
consultant,7,7,현장 실무 컨설팅 및 모의 롤플레잉,"""현장 실무 컨설팅 및 모의 롤플레잉이랍니다. 1단계(선배 흥분 완화 및 문화적 해설)와 2단계(근로자 코칭 및 상호 사과 화해), 두 가지 대화를 생생하게 읽어볼게요!   1단계: 선배 흥분 완화 및 문화적 해설한국인 선배: """"야, 알리! 이 자식이 내가 훈계하는데 눈을 똑바로 뜨고 째려보잖아! 어디서 배워먹은 버릇이야?!""""   컨설턴트 (알리): """"선배님, 잠깐만 진정하십시오. 이 친구 나라에서는 윗사람이 훈계할 때 다른 곳을 보면 반성을 안 한다고 여겨 눈을 마주치는 게 정중한 예절입니다. 결코 반항한 게 아닙니다.""""   한국인 선배: """"아... 그래? 난 또 나한테 대들고 째려보는 줄 알았지.""""   2단계: 근로자 코칭 및 상호 사과 화해컨설턴트 (알리, 근로자에게): """"바트 씨, 한국에서는 윗사람이 야단칠 때 시선을 살짝 아래로 두는 게 반성의 예의야. 선배님 오해하셨으니 정중히 사과드리자.""""   외국인 근로자 (바트, 허리 숙이며): """"선배님, 몰라서 그랬습니다. 대든 것이 아닙니다. 정말 죄송합니다!""""   한국인 선배 (웃으며 악수): """"나도 문화 차이를 모르고 소리 질러서 미안했어. 앞으로 안전하게 일하자고!""""""",1nZRILkspeyprgfQDvUTrbcSTxA6EsGuI
consultant,7,8,현장 갈등 사례 분석 및 중재 합의 일지,"""우리가 현장에서 갈등을 분석하고 기록할 때 사용하는 현장 갈등 사례 분석 및 중재 합의 일지 표랍니다. 네 가지 현장 갈등 사례를 함께 살펴볼까요?   첫째 사례 (선배 A vs 외국인 B): 훈계 시 눈맞춤을 반항 및 대듦으로 오인하여 고성 👉 문화권별 시선 에티켓 차이 해설 (경청의 의도였음을 설명) 👉 상호 사과, 악수 교환, 한국식 시선 예절 지도 [V]   둘째 사례 (반장 C vs 외국인 D): 작업 지시 시 """"왜요?"""" 질문을 명령 불복종으로 오해 👉 반항이 아닌 '방법을 모른다'는 어휘 오용임을 확인 👉 """"어떻게 합니까?""""로 질문 화법 교정 발화 [V]   셋째 사례 (조장 E vs 외국인 F): 지시 후 침묵하고 멍하니 서 있어 무시한다고 판단 👉 호통에 당황하여 얼어붙은 상태임을 선배에게 전달 👉 3단계 복명복창 훈련 및 차분한 지시 전달 합의 [V]   넷째 사례 (선배 G vs 외국인 H): 공구 전달 시 던지듯 건넸다고 오해하여 감정 충돌 👉 급박한 상황에서 양손 예절 미숙지로 인한 오해 규명 👉 양손 공구 수수 훈련 및 현장 상호존중 서약 [V]""",1nZRILkspeyprgfQDvUTrbcSTxA6EsGuI
consultant,7,9,4단계 중재 프로세스로 갈등 100% 해소,"""자, 이번 페이지의 아주 명확하고 눈이 번쩍 뜨이는 핵심 메시지예요! 4단계 중재 프로세스로 갈등 100% 해소랍니다! 현장의 다툼은 악의에서 비롯되는 것이 아니라, 서로 다른 문화적 예절과 서툰 언어로 인해 발생합니다. [분리] → [경청] → [문화 번역] → [화해]의 4단계 프로토콜을 적용할 때, 사소한 말다툼이 감정의 골로 깊어지는 것을 원천 방지하고 100% 상호 신뢰를 회복할 수 있다는 거, 꼭 명심해 주세요!""",1nZRILkspeyprgfQDvUTrbcSTxA6EsGuI
consultant,7,10,학생용 실습 보고서 과제 체크리스트,"""이번 페이지는 우리가 현장에서 바로 써먹을 수 있는 학생용 실습 보고서 과제 체크리스트랍니다. 네 가지 과제를 확인해 볼까요?   과제 1 (문화 통역 스크립트 작성): 훈계 시 눈맞춤 오해를 해소하는 발화 → """"선배님, 이 친구 나라에서는 훈계할 때 다른 곳을 보면 반성을 안 한다고 여겨 눈을 마주치는 게 정중한 예절입니다."""" 작성하기!   과제 2 (외국인 근로자 코칭 화법): 선배의 안전 걱정을 전하는 발화 → """"반장님은 네가 다칠까 봐 걱정돼서 소리치신 거야. 시선을 아래로 두고 정중히 사과드리자."""" 작성하기!   과제 3 (갈등 사례 원인 분석 일지): 당사자, 촉발 요인(말다툼), 문화적 원인(시선 예절 차이), 중재 해결책 서식 직접 기입 훈련하기!   과제 4 (상호존중 서약문 작성): 재발 방지 서약문 → """"우리는 현장에서 고성을 금지하고, 서로 존댓말을 사용하며 안전하게 소통하기로 합의합니다."""" 완성하기!""",1nZRILkspeyprgfQDvUTrbcSTxA6EsGuI
consultant,7,11,컨설턴트 자격 실기 역량 평가 기준표,"""우리의 실력을 공정하게 평가하는 컨설턴트 자격 실기 역량 평가 기준표랍니다. 총점 100점 만점에 80점 이상 받으셔야 합격이에요! 네 가지 평가 기준을 짚어볼게요?   기준 1 (갈등 중재의 중립성 - 30점): 어느 한쪽에 치우치지 않고 객관적 사실에 기반하여 중재를 주재하는가?   기준 2 (크로스컬처 맥락 해설력 - 35점): 언어적 표현 뒤에 숨은 문화적 관습 차이(시선, 질문 등)를 명확히 포착·설명하는가?   기준 3 (실질적 화해 유도 역량 - 25점): 양측의 자존심을 다치지 않게 하면서 진심 어린 사과와 악수를 이끌어내는가?   기준 4 (재발 방지 합의서 기록 - 10점): 중재 합의 일지에 갈등 원인과 합의 사항을 꼼꼼하게 기록 관리하는가?""",1nZRILkspeyprgfQDvUTrbcSTxA6EsGuI
consultant,7,12,단원 마무리 & 이해도 점검,"""제7장 강의의 마지막 페이지이자, 현장 오해와 말다툼(갈등) 중재하고 화해시키기 과정을 마무리하는 최종 단원 마무리 & 이해도 점검 시간이에요. 화면에 나온 갈등 중재 및 화해 핵심 퀴즈를 함께 풀어봅시다!   Q1. 한국인 선배가 훈계할 때 외국인 근로자가 눈을 똑바로 마주치는 문화적 배경은 무엇일까요?   👉 정답: 어른의 말씀을 집중해서 경청하고 있다는 존경과 반성의 표시로 눈을 마주침!   Q2. 작업장에서 말다툼이 일어났을 때 컨설턴트의 최우선 초동 조치는 무엇인가요?   👉 정답: 즉시 두 사람을 작업 라인에서 분리하여 조용한 상담실로 데려가 진정시키기!   Q3. 작업 지시 후 외국인이 """"왜요?""""라고 반문하여 상사가 화가 났을 때 올바른 코칭은 무엇일까요?   👉 정답: 반항이 아닌 방법 모름(단어 오용)을 해설하고, """"어떻게 합니까?""""로 바르게 질문하도록 교정하기!   오늘 저와 함께 제7장 현장 오해와 말다툼(갈등) 중재하고 화해시키기 내용을 아주 열심히 공부하셨으니 실기시험 만점 받는 건 문제없겠죠? 여러분, 현장의 오해와 갈등을 슬기롭게 녹여내어 최고의 화합을 이끌어내는 멋진 소통 컨설턴트로 맹활약하시기를 진심으로 응원합니다. 수고하셨습니다!""",1nZRILkspeyprgfQDvUTrbcSTxA6EsGuI
consultant,8,1,제8장 기계 이상·긴급 비상상황 관리자에게 직보하기,"""여러분 반갑습니다! 이번 시간에는 우리와 함께 [2부] 제8장 기계 이상·긴급 비상상황 관리자에게 직보하기 과정을 배워볼 거예요. 10초 이내 6하 원칙 직보, 무전 보고 스피치, 그리고 긴급 상황 발생 초기 보고서 작성 실무를 아주 꼼꼼하게 다뤄볼 거랍니다. 이번 장을 통해 현장에서 골든타임을 사수하고 대형 참사를 막는 프로페셔널 위기 소통 프로토콜을 확실하게 체화해 보자고요!""",13trnGbLIDYXRwlItlH8D1aQQvJIrH877
consultant,8,2,단원 개요 및 핵심 학습 목표,"""이번 페이지는 단원 개요 및 핵심 학습 목표를 다루는 파트랍니다. 먼저 상황 설정 및 위기 직보의 필요성을 볼까요? 라인 급정지, 유해가스 누출, 모터 과열 연기, 끼임 등 산업현장의 골든타임이 요구되는 비상 상황에서 당황하여 침묵하거나 말을 더듬으면 대형 인명·재산 참사로 직결됩니다. 인명 피해 유무를 최우선으로 하여 6하 원칙(누가, 언제, 어디서, 무엇을, 조치사항)에 따라 10초 이내에 관리자에게 무전 및 직보하는 프로페셔널 위기 소통 프로토콜을 반드시 익히셔야 해요. 지식 및 수행 목표를 살펴볼게요. 지식 목표: 긴급 비상 직보 6하 원칙, 무전기(마이크 5cm 이격) 통신 수칙, 인명 안전 우선 보고 및 대피선 차단 규정 이해. 수행 목표: 비상 상황 인지 즉시 10초 무전 스피치를 실행하고, 작업자를 안전선 밖으로 대피시키며, 초기 상황 보고서를 신속히 작성할 수 있다.""",13trnGbLIDYXRwlItlH8D1aQQvJIrH877
consultant,8,3,비상 무전 통신 10초 직보 원칙 및 마이크 파지법,"""이번 페이지는 비상 무전 통신 10초 직보 원칙 및 마이크 파지법에 대한 내용이에요. 화면 상단에 있는 [그림. C0402] 사진 자료를 다 같이 아주 주의 깊게 봐주세요! 공장 현장 속에서 안전모와 조끼를 착용한 컨설턴트 분이 무전기 마이크를 입에서 약 5cm 정도 띄운 채 아주 또박또박 긴급 무전 보고를 하고 있어요. 머리 위에는 '최우선: 인명 피해 유무' 경고 붉은색 마크가 떠 있고, 그 옆 '비상 보고' 및 '6하 원칙' 카드 상자에는 [누가: 컨설턴트 김민지, 언제: 10:03 AM, 어디서: 제3조립라인 A구역, 무엇을: 설비 이상 감지, 어떻게: 즉시 가동 중단 및 대피, 왜: 화재 위험 발생]이 아주 깔끔하게 적혀 있답니다. 비상 무전 통신 4가지 원칙이에요!   마이크 5cm 거리 유지: 소음이 심한 공장 환경에서 입에 바짝 대면 음성이 뭉개지므로 약 5cm 거리를 유지하고 또박또박 발화합니다.   인명 피해 유무 최우선 보고 (O): 설비 파손보다 """"인명 피해 없습니다! 작업자 6명 대피 완료했습니다!""""를 가장 먼저 전파하여 지휘부의 공포를 차단해요.   간결한 6하 원칙 카드화: 누가, 언제, 어디서, 무엇을, 어떻게, 왜를 즉보합니다.   단호하고 명료한 어조: 흥분하지 않고 끊어지는 단호한 한국어 어조로 무전 혼선을 방지해요.""",13trnGbLIDYXRwlItlH8D1aQQvJIrH877
consultant,8,4,컨설턴트 핵심 표현 및 표준 전달법,"""컨설턴트 핵심 표현 및 표준 전달법이랍니다. 다섯 가지 상황별 필수 표현을 저와 함께 소리 내어 연습해 볼까요?   첫째, 정확한 현상을 직보할 때: """"소장님! 2호기 프레스 센서 오류로 라인이 멈췄습니다!""""   둘째, 인명 안전을 최우선으로 보고할 때: """"작업자 전원 안전선 밖으로 신속 대피 완료했습니다! 다친 사람 없습니다!""""   셋째, 조치 및 요구사항을 요청할 때: """"정비팀 긴급 출동이 필요합니다! 소화기 대기 중입니다!""""   넷째, 무전 통신 수칙을 지킬 때: """"소장님, 소장님! 컨설턴트 알리 긴급 상황 보고드립니다! 즉시 응답 바랍니다!""""   다섯째, 골든타임 10초 스피치를 준수할 때: """"언제, 어디서, 무슨 일이 났고, 다친 사람 없는지 10초 내 압축 보고합니다.""""""",13trnGbLIDYXRwlItlH8D1aQQvJIrH877
consultant,8,5,초기 비상 대피 유도 및 안전선 차단 조치,"""초기 비상 대피 유도 및 안전선 차단 조치를 다루고 있어요. 화면 상단의 [그림. C0402] 사진을 아주 자세히 살펴보세요! 공장 내부에 '모터 과열!' 연기가 피어오르는 가운데, 컨설턴트 분이 작업자들을 노란색 안전 통로(통제라인) 바깥쪽으로 신속하게 대피시키며 손으로 방향을 지시하고 있어요. 왼쪽에는 '긴급 대피로' 초록색 표지판과 '비상정지 스위치(LOCKED)'가 보이고, 우측 하단에는 """"모터 과열! 안전통로로 즉시 대피! 소방팀 대기 중!""""이라는 현장 선창 멘트가 적혀 있답니다. 골든타임을 지키는 현장 통제력 2가지예요!   비상정지 및 안전선 차단 (O): 모터 과열 및 연기 발생 시 비상정지 스위치를 즉시 누르고 작업자들을 노란색 통제 라인(안전통로) 밖으로 신속히 이동시킵니다.   호기심 접근 차단 및 지원 대기: """"모터 과열! 안전통로로 즉시 대피! 소방팀 대기 중!""""을 선창하며 추가 진입을 철저히 차단하고 정비팀을 맞이해요.""",13trnGbLIDYXRwlItlH8D1aQQvJIrH877
consultant,8,6,컨설턴트 전문 역량 및 심화 보충 가이드,"""컨설턴트 전문 역량 및 심화 보충 가이드랍니다. 세 가지 핵심 내용을 꼭 기억해 주세요!   관리자의 1순위 질문 '인명 피해': 기계는 고치면 되지만 생명은 되돌릴 수 없습니다. 관리자가 무전을 들을 때 가장 불안한 것은 인명 피해이므로, """"작업자 6명 전원 대피 완료, 다친 사람 0명!""""을 1순위로 외치셔야 해요.   10초 무전 스피치 템플릿: [누가] 소장님! 컨설턴트 알리입니다. [언제/어디서] 방금 14시 10분경 제2공장 도장부스 2호기에서 [무엇을/조치] 모터 과열 연기로 비상정지 및 전원 대피 완료했습니다! 정비팀 출동 바랍니다!   2차 사고 방지 현장 통제 요령: 무전 보고를 마쳤다고 자리를 비우면 안 됩니다. 다른 작업자가 호기심으로 연기 나는 설비에 다가가지 못하도록 노란색 통제선(Police Line)을 치고 현장을 끝까지 지키셔야 해요.""",13trnGbLIDYXRwlItlH8D1aQQvJIrH877
consultant,8,7,현장 실무 컨설팅 및 모의 롤플레잉,"""현장 실무 컨설팅 및 모의 롤플레잉이랍니다. 1단계(비상 무전 발신 및 현황 보고)와 2단계(인명 안전 확인 및 긴급 지원 요청), 두 가지 대화를 생생하게 읽어볼게요!   1단계: 비상 무전 발신 및 현황 보고컨설턴트 (알리, 무전 발신): """"치익- 소장님, 소장님! 컨설턴트 알리입니다. 긴급 비상 상황 직보드립니다!""""   공장장 (한국인, 무전 수신): """"응, 알리 씨! 무슨 일이야? 침착하게 말해봐!""""   컨설턴트 (알리, 차분하고 단호하게): """"방금 14시 10분경, 제2공장 도장 스프레이 부스 2호기 배기 모터 과열로 연기가 발생하여 즉시 전원 차단했습니다!""""   2단계: 인명 안전 확인 및 긴급 지원 요청공장장 (한국인, 다급한 목소리로): """"사람은? 다친 사람은 없어?!""""   컨설턴트 (알리, 확신에 찬 목소리로): """"네! 인명 피해 전혀 없습니다! 작업자 6명 전원 안전구역 대피 완료했습니다. 정비팀 긴급 출동 및 소화기 대기 바랍니다!""""   공장장 (한국인, 안도하며): """"알았어! 대피 유도 정말 잘했어. 정비팀 데리고 지금 즉시 내려갈게!""""""",13trnGbLIDYXRwlItlH8D1aQQvJIrH877
consultant,8,8,설비 이상 및 긴급 비상 상황 초기 보고서,"""우리가 현장에서 비상 상황이 발생했을 때 작성하는 공식 서식인 설비 이상 및 긴급 비상 상황 초기 보고서 표랍니다. 6하 원칙에 따른 핵심 항목을 함께 살펴볼까요?   WHO (누가 - 보고자/최초 목격자): """"컨설턴트 알리가 모터 과열 및 백색 연기 최초 목격"""" ([V] 확인완료)   WHEN (언제 - 정확한 발생 시각): """"오늘 14시 10분경 발생 (10초 이내 무전 직보)"""" ([V] 확인완료)   WHERE (어디서 - 구체적 라인·기계): """"제2공장 우측 도장 스프레이 부스 2호기 배기 덕트"""" ([V] 확인완료)   WHAT (무엇을 - 현상 및 인명 피해 유무): """"배기 모터 과열 연기 발생, 인명 피해 전혀 없음"""" ([V] 확인완료)   ACTION (조치 - 초기 차단 및 요구사항): """"메인 전원 차단, 작업자 6명 대피, 통제선 설치, 정비팀 출동 요청"""" ([V] 조치완료)""",13trnGbLIDYXRwlItlH8D1aQQvJIrH877
consultant,8,9,골든타임 10초가 공장과 인명을 지킵니다,"""이번 페이지의 아주 묵직하고 강렬한 핵심 메시지예요! 골든타임 10초가 공장과 인명을 지킵니다! 기계 이상이 발생했을 때 한국어 문법을 완벽히 맞추려고 망설이지 마십시오. 10초 이내에 무전기를 잡고 6하 원칙에 따라 핵심을 전파해야 합니다. """"위치, 현상, 그리고 인명 피해 없음!""""을 침착하고 단호하게 직보하는 순간, 지휘부의 신속한 조치가 가동되어 100% 대형 참사를 예방할 수 있다는 거, 꼭 기억해 주세요!""",13trnGbLIDYXRwlItlH8D1aQQvJIrH877
consultant,8,10,학생용 실습 보고서 과제 체크리스트,"""우리가 현장에서 바로 써먹을 수 있는 학생용 실습 보고서 과제 체크리스트랍니다. 네 가지 과제를 확인해 볼까요?   과제 1 (10초 무전 직보문 작성): 용접장 아르곤 가스 호스 파손 누출 상황 시 무전 발화문 """"소장님! 3공장 용접실 가스 누출 발생하여 밸브 차단 및 전원 대피 완료했습니다! 다친 사람 없습니다!"""" 작성하기!   과제 2 (인명 대피 완료 최우선 보고): 설비 멈춤 시 관리자에게 안심을 주는 핵심 스피치 """"작업자 6명 전원 안전선 밖 대피 완료, 인명 피해 전혀 없습니다!"""" 구두 발화 훈련하기!   과제 3 (무전기 파지 및 통신 수칙 점검): 마이크를 입에서 약 5cm 떨어뜨리고, 잡음 없이 단호하고 끊어지는 어조로 소속과 이름을 밝혔는가? [V 체크]   과제 4 (비상 초기 상황 보고서 작성): 6하 원칙 서식(일시, 장소, 현상, 인명 피해 유무, 조치 사항 및 지원 요청) 직접 기입 및 완성하기!""",13trnGbLIDYXRwlItlH8D1aQQvJIrH877
consultant,8,11,컨설턴트 자격 실기 역량 평가 기준표,"""우리의 실력을 공정하게 평가하는 컨설턴트 자격 실기 역량 평가 기준표랍니다. 총점 100점 만점에 80점 이상 받으셔야 합격이에요! 네 가지 평가 기준을 짚어볼게요?   기준 1 (골든타임 직보력 - 35점): 비상 상황 인지 후 당황하지 않고 10초 이내에 6하 원칙 핵심을 무전/유선으로 직보하는가?   기준 2 (인명 안전 우선성 - 30점): 설비 파손보다 인명 피해 유무와 작업자 전원 대피 완료 사실을 최우선으로 전파하는가?   기준 3 (무전 음성 명료도 - 20점): 공장 소음 속에서도 마이크 거리를 유지하며 또박또박하고 안정된 톤으로 통신하는가?   기준 4 (상황 보고서 완성도 - 15점): 대피선 차단 조치 후 초기 상황 보고서 서식을 객관적이고 신속하게 작성·인계하는가?""",13trnGbLIDYXRwlItlH8D1aQQvJIrH877
consultant,8,12,단원 마무리 & 이해도 점검,"""제8장 강의의 마지막 페이지이자, 기계 이상·긴급 비상상황 관리자에게 직보하기 과정을 마무리하는 최종 단원 마무리 & 이해도 점검 시간이에요. 화면에 나온 긴급 직보 및 위기 대응 핵심 퀴즈를 함께 풀어봅시다!   Q1. 공장에서 기계 과열로 연기가 날 때 관리자에게 무전으로 가장 먼저 보고해야 할 내용은 무엇일까요?   👉 정답: 정확한 발생 장소, 현재 상황, 그리고 """"인명 피해 없고 작업자 전원 안전선 밖 대피 완료했습니다!""""!   Q2. 공장 소음 속에서 무전기를 사용할 때 가장 올바른 통신 매너는 무엇인가요?   👉 정답: 마이크와 약 5cm 거리를 두고 소속과 이름을 먼저 밝히며 또박또박 단호하게 말하기!   Q3. 비상 상황 보고 후 컨설턴트가 현장에서 취해야 할 2차 안전 조치는 무엇일까요?   👉 정답: 다른 작업자가 호기심으로 위험 구역에 진입하지 못하도록 노란색 통제 라인을 치고 정비팀 대기하기!   오늘 저와 함께 제8장 기계 이상·긴급 비상상황 관리자에게 직보하기 내용을 아주 열심히 공부하셨으니 실기시험 만점 받는 건 문제없겠죠? 여러분, 위기 상황에서 10초 만에 골든타임을 지키는 멋진 안전 소통 컨설턴트로 당당하게 활약하시기를 진심으로 응원합니다. 수고하셨습니다""",13trnGbLIDYXRwlItlH8D1aQQvJIrH877
consultant,9,1,제9장 한국 직장의 '빨리빨리'와 책임감 문화 코칭하기,"""[3부] 제9장 한국 직장의 '빨리빨리'와 책임감 문화 코칭하기 과정을 배워볼 거예요. 속도와 납기 문화 배경 해설하기, 능동적 작업 대기 화법 익히기, 그리고 마감 5S 책임감 코칭 실무를 아주 꼼꼼하게 다뤄볼 거랍니다. 이번 장을 통해 외국인 근로자들이 관리자의 재촉을 오해하지 않고 한국 제조업의 '빨리빨리' 문화와 책임감을 멋지게 이해하도록 이끄는 전문 소통 컨설턴트의 역량을 확실하게 길러보자고요!"",한국 직장의 '빨리빨리'와 책임감 문화 코칭하기 오프닝""",1VuIYkuQvKEkbcY8GkSqtGUz7bU_oqsAE
consultant,9,2,단원 개요 및 핵심 학습 목표,"""이번 페이지는 단원 개요 및 핵심 학습 목표를 다루는 파트랍니다. 먼저 상황 설정 및 문화 코칭의 필요성을 볼까요? 외국인 근로자들이 한국인 관리자의 '빨리빨리' 재촉에 극심한 스트레스를 받고, 자신이 무시당하거나 인격적 대우를 못 받는다고 오해하는 사례가 아주 빈번합니다. 한국 제조업의 속도 경쟁력과 정시 납기(시간 약속)의 중요성을 문화 상대주의 관점에서 납득시키고, 일이 끝난 후 가만히 대기하지 않는 능동적 직무 태도를 코칭하셔야 해요. 지식 및 수행 목표를 살펴볼게요. 지식 목표: 한국의 '빨리빨리' 문화와 글로벌 공급망(SCM) 납기 신용 구조 이해, 능동적 작업 대기 및 마감 5S 원칙 숙지. 수행 목표: 문화 충돌로 상처받은 근로자를 1:1 상담하고, """"다음 일 뭐 합니까?"""" 능동 화법을 지도하며 적응 코칭 면담표를 작성할 수 있다.""",1VuIYkuQvKEkbcY8GkSqtGUz7bU_oqsAE
consultant,9,3,글로벌 공급망(SCM) 납기 시계와 '빨리빨리',"""이번 페이지는 글로벌 공급망(SCM) 납기 시계와 '빨리빨리'에 대한 내용이에요. 화면 상단에 있는 [그림. C0901] 인포그래픽 자료를 다 같이 아주 주의 깊게 봐주세요! 왼쪽에는 부품 가공 라인에서 열심히 일하는 근로자들의 모습이 보이고, 중앙에는 거대한 기어 그래픽과 함께 'PPALI-PPALI'라고 적힌 시계가 '30분 납품 지연'을 가리키고 있어요. 그 납기 지연의 여파로 오른쪽 아래에는 완성차 조립 라인이 멈춰 서고 수억 원의 '대규모 위약금' 다발이 쌓여 있으며, 오른쪽 위에는 기아(KIA) 대기업 조립 공장 납프 트럭이 멈춰 서 있는 연쇄 파급 효과가 아주 생생하게 그려져 있답니다. 글로벌 공급망 납기 시계와 빨리빨리의 가치 4가지 핵심이에요!   30분 납품 지연의 연쇄 파급 효과: 부품 공장의 30분 지연은 현대·기아 등 완성차 조립 라인의 전면 정지와 수억 원의 손해배상 위약금으로 직결됩니다.   속도 = 기업의 생존 신용: 한국 제조업이 글로벌 시장에서 초격차를 유지하는 힘은 바로 철저한 '정시 납품과 마감 준수'에 있어요.   인격적 비난이 아닌 비즈니스 긴박감: 관리자의 재촉은 근로자가 미워서가 아니라, 거래처와의 약속을 지키려는 절박한 산업 구조적 책임감에서 비롯된답니다.   공감적 문화 번역: 이러한 공급망 체계를 시각적으로 설명할 때 근로자는 비로소 재촉의 맥락을 납득하고 상처를 치유할 수 있어요.""",1VuIYkuQvKEkbcY8GkSqtGUz7bU_oqsAE
consultant,9,4,컨설턴트 핵심 코칭 표현 및 전달법,"""컨설턴트 핵심 코칭 표현 및 전달법이랍니다. 다섯 가지 상황별 필수 표현을 저와 함께 소리 내어 연습해 볼까요? 첫째, 시간 약속 가치를 해설할 때: """"한국에서는 '시간 약속'과 '납기'가 곧 회사의 신용과 생명입니다."""" 둘째, 능동적 대기 소통을 코칭할 때: """"일이 끝나면 가만히 있지 말고 '다 끝났습니다 다음 일 뭐 합니까?' 물어보세요."""" 셋째, 마감 책임감을 지도할 때: """"내 작업 구역은 내가 끝까지 책임지고 정리하는 것이 한국의 책임감입니다."""" 넷째, 문화적 갭을 해소할 때: """"외국인을 괴롭히려는 게 아니라 거래처와의 납기를 지키려는 문화입니다."""" 다섯째, 적응 코칭 면담표를 작성할 때: """"문화 충돌로 인한 근로자의 고충을 기록하고 행동 변화를 체계적으로 모니터링합니다."""""",컨설턴트 핵심 코칭 표현 및 전달법",1VuIYkuQvKEkbcY8GkSqtGUz7bU_oqsAE
consultant,9,5,수동적 대기(X)와 능동적 질문(O) 대비,"""이번 페이지는 수동적 대기(X)와 능동적 질문(O) 직무 태도 대비를 다루고 있어요. 화면 상단의 [그림. C0902] 사진을 아주 자세히 살펴보세요! 왼쪽 'X' 사진을 보면, 할당량을 마친 근로자가 작업대 뒤에 서서 스마트폰을 보며 쉬고 있을 때 화가 난 반장님이 """"쟤 또 저야? 일 안 하고 뺀질거리네.""""라며 불신 가득한 눈으로 바라보고 있어요. 반면에 오른쪽 'O' 사진을 보면, 근로자가 반장님께 성큼성큼 다가와 """"반장님, 작업 끝났습니다! 다음 일 뭐 합니까?""""라고 밝게 말하고 있고, 반장님이 """"오! 에이스 직원! 바로 지시할게!""""라며 환하게 칭찬해 주는 모습이 아주 극적으로 대조되어 있답니다. 수동적 대기와 능동적 질문의 차이에요!   수동적 대기의 치명적 오해 (X): 자신의 할당량을 마쳤다고 작업대 뒤에서 스마트폰을 보며 쉬면 상사는 """"쟤는 일 안 하고 뺀질거린다""""며 강한 불신을 갖습니다.   능동적 질문의 신뢰 효과 (O): """"반장님, 작업 끝났습니다! 다음 일 뭐 합니까?""""라고 먼저 다가가는 순간, 상사는 """"오! 에이스 직원!""""이라며 최고의 신뢰와 대우를 보장해 줘요."",수동적 대기(X)와 능동적 질문(O) 직무 태도 대비",1VuIYkuQvKEkbcY8GkSqtGUz7bU_oqsAE
consultant,9,6,컨설턴트 전문 역량 및 심화 보충 가이드,"""컨설턴트 전문 역량 및 심화 보충 가이드랍니다. 세 가지 핵심 내용을 꼭 기억해 주세요!   '빨리빨리'의 본질은 신속·정확: '빨리빨리'는 대충 하라는 뜻이 결코 아닙니다. 서두르다 불량을 내면 더 큰 손실이 발생하므로, 품질 규격을 완벽히 준수하면서 마감 시간을 맞추는 집중력을 코칭하셔야 해요.   개인주의 vs 팀워크 문화 차이: 외국인은 '내 몫을 끝냈으니 쉰다'고 생각하지만, 한국 공장은 원팀(One Team)입니다. 내 작업이 끝나면 동료를 돕거나 주변을 청소하는 것이 팀워크의 기본이랍니다.   반장의 마음을 여는 3대 질문: ① """"다 끝났습니다. 다음 작업은 무엇입니까?"""", ② """"동료 작업을 도와드릴까요?"""", ③ """"작업대 청소 먼저 해놓겠습니다!""""의 3대 마법 문장을 구사하도록 훈련시켜 주세요."",컨설턴트 전문 역량 및 심화 보충 가이드",1VuIYkuQvKEkbcY8GkSqtGUz7bU_oqsAE
consultant,9,7,현장 실무 컨설팅 및 모의 롤플레잉,"""현장 실무 컨설팅 및 모의 롤플레잉이랍니다. 1단계(근로자 고충 경청 및 공감대 형성)와 2단계(납기 구조 해설 및 능동 화법 코칭), 두 가지 대화를 생생하게 읽어볼게요!   1단계: 근로자 고충 경청 및 공감대 형성   외국인 근로자 (틴): """"컨설턴트님, 반장님은 왜 하루 종일 '빨리빨리' 소리칩니까? 저를 미워하고 차별하는 것 같아 너무 힘들고 퇴사하고 싶습니다.""""   컨설턴트: """"틴 씨, 그 마음 충분히 이해합니다. 저도 처음엔 저를 미워하는 줄 알았어요. 하지만 반장이 틴 씨를 미워해서가 절대 아닙니다.""""   외국인 근로자 (틴): """"그럼 왜 항상 그렇게 화를 내고 재촉합니까?""""   2단계: 납기 구조 해설 및 능동 화법 코칭   컨설턴트: """"한국 공장은 부품 납품이 30분만 늦어도 대기업 완성차 라인이 멈추고 수억 원의 위약금이 발생합니다. 납기가 곧 회사의 생명이기 때문입니다.""""   컨설턴트: """"그리고 일이 끝난 뒤 가만히 앉아있으면 한국 사람들은 뺀질거린다고 오해해요. 일이 끝나면 당당히 '반장님, 다 끝났습니다! 다음 일 뭐 합니까?' 물어보세요.""""   외국인 근로자 (틴, 미소 지으며): """"아, 그런 이유였군요! 내일부터는 끝나면 바로 다음 일을 여쭤보겠습니다!"""""",현장 실무 컨설팅 및 모의 롤플레잉""",1VuIYkuQvKEkbcY8GkSqtGUz7bU_oqsAE
consultant,9,8,능동적인 질문 1마디가 에이스를 만듭니다,"""이번 페이지의 아주 명확하고 눈이 번쩍 뜨이는 핵심 메시지예요! 납기 지연 시 발생 위약금 골든타임이랍니다! 한국 제조업 공장에서 30분의 납기 지연은 수억 원의 거래처 위약금과 조립 라인 정지를 유발하는 생존의 문제예요. 일이 끝났을 때 멍하니 대기하지 않고 """"반장님, 다 끝났습니다! 다음 일 뭐 합니까?""""라고 능동적으로 묻는 순간, 근로자는 '뺀질이'라는 오해에서 벗어나 회사에서 가장 인정받는 핵심 에이스로 거듭난답니다!"",납기 지연 시 발생 위약금 골든타임",1VuIYkuQvKEkbcY8GkSqtGUz7bU_oqsAE
consultant,9,9,학생용 실습 보고서 과제 체크리스트,"""우리가 현장에서 바로 써먹을 수 있는 학생용 실습 보고서 과제 체크리스트랍니다. 네 가지 과제를 확인해 볼까요? 과제 1 (문화 상대주의 상담 멘트 작성): 납기 재촉으로 상처받은 근로자 위로 멘트 → """"틴 씨, 반장님이 그러시는 이유는 틴 씨가 미워서가 아니라, 거래처 납품 시간을 지키지 못하면 공장 전체가 위험해지기 때문입니다."""" 작성하기! 과제 2 (능동적 작업 대기 화법 구두 실습): 일이 끝난 후 반장님께 다가가 드릴 스피치 → """"반장님, 오늘 할당량 다 끝났습니다! 다음 일 뭐 합니까?"""" 당당한 발화 훈련하기! 과제 3 (적응 코칭 면담표 서식 기입): 대상 근로자(틴), 주요 고충(속도 압박감), 문화 해설(SCM 구조), 행동 개선 목표(능동 발화 및 5S) 서식 직접 기입 훈련하기! 과제 4 (프로페셔널 마감 책임감 다짐): 공정이 끝나도 스마트폰을 보며 대기하지 않고, 작업대 주변 5S 청소를 스스로 완수하는가? [V 체크]"",학생용 실습 보고서 과제 체크리스트",1VuIYkuQvKEkbcY8GkSqtGUz7bU_oqsAE
consultant,9,10,컨설턴트 자격 실기 역량 평가 기준표,"""우리의 실력을 공정하게 평가하는 컨설턴트 자격 실기 역량 평가 기준표랍니다. 총점 100점 만점에 80점 이상 받으셔야 합격이에요! 네 가지 평가 기준을 짚어볼게요? 기준 1 (문화 상대주의 해설력 - 35점): 한국의 속도·납기 문화와 공급망(SCM) 배경을 근로자 눈높이에서 설득력 있게 해설하는가? 기준 2 (공감적 경청 및 라포 형성 - 25점): 근로자의 문화 충돌 스트레스에 깊이 공감하고 심리적 불안을 따뜻하게 완화하는가? 기준 3 (실천적 행동 솔루션 - 25점): """"다음 일 뭐 합니까?"""" 등 현장에서 즉시 인정받는 능동적 행동 화법을 효과적으로 지도하는가? 기준 4 (면담 일지 작성 완성도 - 15점): 적응 코칭 면담표 서식에 근로자 고충과 행동 개선 목표를 체계적으로 기록·관리하는가?"",컨설턴트 자격 실기 역량 평가 기준표",1VuIYkuQvKEkbcY8GkSqtGUz7bU_oqsAE
consultant,9,11,단원 마무리 & 이해도 점검,"""제9장 강의의 마지막 페이지이자, '빨리빨리'와 책임감 문화 코칭하기 과정을 마무리하는 최종 단원 마무리 & 이해도 점검 시간이에요. 화면에 나온 빨리빨리 문화 코칭 핵심 퀴즈를 함께 풀어봅시다! Q1. 한국 공장에서 관리자가 '빨리빨리'를 강조하는 가장 근본적인 이유는 무엇일까요? 👉 정답: 거래처와의 정시 납품 약속(납기)이 30분만 늦어도 조립 라인이 멈추고 회사의 신용과 생존이 위태롭기 때문! Q2. 자신에게 할당된 조립 작업을 예상보다 일찍 마쳤을 때 올바른 행동은 무엇인가요? 👉 정답: 작업대 뒤에서 쉬지 않고, 반장님께 다가가 """"작업 다 끝났습니다! 다음 일 뭐 합니까?"""" 묻거나 주변 정리정돈하기! Q3. 작업 중 실수를 해서 반장님이 지적했을 때 가장 올바른 첫마디는 무엇일까요? 👉 정답: 기계 탓을 하며 변명하기보다 """"죄송합니다 반장님! 바로 다시 수정하겠습니다!""""라고 인정하고 빠른 대책 실행하기! 오늘 저와 함께 제9장 한국 직장의 '빨리빨리'와 책임감 문화 코칭하기 내용을 아주 열심히 공부하셨으니 실기시험 만점 받는 건 문제없겠죠? 여러분, 현장에서 관리자의 '빨리빨리'를 완벽한 신뢰로 바꾸어 놓는 훌륭한 소통 컨설턴트로 활약하시기를 진심으로 응원합니다. 수고하셨습니다!"",최종 단원 마무리 & 이해도 점검",1VuIYkuQvKEkbcY8GkSqtGUz7bU_oqsAE
consultant,10,1,제10장 회식 문화 조율 및 종교·식문화 배려 컨설팅,"""이번 시간에는 우리와 함께 [3부] 제10장 회식 문화 조율 및 종교·식문화 배려 컨설팅 과정을 배워볼 거예요. 삼겹살 회식 갈등 예방하기, 할랄 및 채식 식단 배려하기, 그리고 상호존중 건전 회식 거버넌스 구축하기 실무를 아주 꼼꼼하게 다뤄볼 거랍니다. 이번 장을 통해 다국적 근로자들이 종교와 식문화로 인해 소외되지 않고 모두가 기쁜 마음으로 동참하는 상생의 회식 문화를 이끄는 전문 소통 컨설턴트가 되어 보자고요!""",1Ospd1bCMCfqkHXlDWb2YRoPZNuKnc6gQ
consultant,10,2,단원 개요 및 핵심 학습 목표,"""이번 페이지는 단원 개요 및 핵심 학습 목표를 다루는 파트랍니다. 먼저 상황 설정 및 회식 조율의 필요성을 볼까요? 한국 기업의 대표적 단합 문화인 삼겹살과 음주 회식에서 이슬람(돼지고기·알코올 금기), 힌두교(소고기 금기), 채식주의 근로자가 소외되거나 불이익을 받는 갈등이 종종 발생합니다. 관리자에게는 식문화 다양성을 건의하여 대체 메뉴 식당(해물 샤브샤브 등)을 선정하고, 근로자에게는 음료수 건배로 정을 나누는 다문화 상생 회식 솔루션을 제공하셔야 해요. 지식 및 수행 목표를 살펴볼게요.   지식 목표: 국가별/종교별 식문화 금기(할랄, 비할랄, 힌두 채식), 한국 회식의 사회적 유대감 기능, 건전 회식 3원칙(1-1-9 운동) 이해.   수행 목표: 한국인 관리자에게 대체 메뉴를 설득하고, 외국인 근로자에게 회식 에티켓을 지도하며, 다문화 회식 운영 점검표를 수립할 수 있다."",단원 개요 및 핵심 학습 목표",1Ospd1bCMCfqkHXlDWb2YRoPZNuKnc6gQ
consultant,10,3,다문화 회식 테이블 분리 및 식문화 배려,"""다문화 회식 테이블 분리 및 식문화 배려에 대한 내용이에요. 화면 상단에 있는 [그림. C1001] 사진 자료를 다 같이 아주 주의 깊게 봐주세요! 북적이는 식당 안에서 테이블이 두 개로 아주 멋지게 분리되어 세팅되어 있어요. 왼쪽 [A테이블]은 '한식 일반육류(삼겹살)' 불판 테이블로 한국인들과 비무슬림 근로자들이 즐겁게 고기를 굽고 있고, 오른쪽 [B테이블]은 '할랄/해산물 전용(샤브샤브)' 구역으로 무슬림과 채식 근로자들을 위해 돼지고기 기름이 닿지 않도록 '전용 구획'과 '전용 집게와 국자'가 따로 마련되어 있답니다. 다문화 회식 테이블 분리 4가지 핵심이에요!   A테이블 [한식 일반육류]: 돼지고기를 즐기는 한국인 및 비무슬림 근로자를 위한 삼겹살 불판 테이블을 배치합니다.   B테이블 [할랄/해산물 전용 구획]: 무슬림 및 채식 근로자를 위해 돼지고기 기름이 닿지 않는 해물 샤브샤브 전용 구획을 분리해요.   조리 도구 교차 오염 방지 (O): 돼지고기 기름이 묻은 집게나 가위를 해물 냄비에 절대 사용하지 않도록 '전용 집게와 국자'를 별도 비치합니다.   심리적 안도감과 존중: 종교적 계율을 엄격히 지키면서도 한 공간에서 즐겁게 어울릴 수 있는 선진 다문화 회식 모델이에요."",다문화 회식 테이블 분리 및 식문화 배려",1Ospd1bCMCfqkHXlDWb2YRoPZNuKnc6gQ
consultant,10,4,컨설턴트 핵심 표현 및 표준 전달법,"""컨설턴트 핵심 표현 및 표준 전달법이랍니다. 다섯 가지 상황별 필수 표현을 저와 함께 소리 내어 연습해 볼까요? 첫째, 식문화 다양성을 건의할 때: """"소장님, 이번 회식은 소고기나 생선 메뉴가 함께 나오는 식당으로 부탁드립니다."""" 둘째, 음주 강요를 배제할 때: """"무슬림 친구들은 술 대신 시원한 사이다로 건배에 적극 참석시키겠습니다."""" 셋째, 참석 동기를 부여할 때: """"회식은 맛있는 밥을 함께 먹으며 동료들과 정을 쌓는 좋은 자리야."""" 넷째, 교차 오염을 차단할 때: """"할랄 식단을 위해 별도 불판 테이블과 전용 집게를 따로 마련했습니다."""" 다섯째, 직장 거버넌스를 구축할 때: """"강요 없는 상호존중 회식 가이드라인을 전사적으로 제정합니다."""""",컨설턴트 핵심 표현 및 표준 전달법""",1Ospd1bCMCfqkHXlDWb2YRoPZNuKnc6gQ
consultant,10,5,음주 강요 없는 건전 회식과 화합,"""음주 강요 없는 건전 회식과 화합을 다루고 있어요. 화면 상단의 사진 자료를 아주 자세히 살펴보세요! 따뜻한 조명 아래서 다국적 동료들이 환한 미소를 지으며 오렌지빛 음료수 잔을 높이 들어 서로 부딪히며 건배를 나누고 있는 모습이 아주 다정하게 담겨 있답니다. 식탁 위에는 맛있는 샐러드와 요리들이 푸짐하게 차려져 있어요. 소주와 사이다가 어우러지는 진짜 단합 2가지예요!   자발적 대체 건배의 힘 (O): 한국인 관리자의 소주잔과 외국인 근로자의 시원한 탄산음료 잔이 부딪히며 """"회사를 위하여 짠!""""을 함께 외칩니다.   배려가 만드는 최고의 애사심: 자신의 종교와 식습관을 존중받은 다국적 근로자는 회사에 대한 깊은 감사와 자긍심을 느끼며 진정한 원팀으로 거듭나요."",음주 강요 없는 건전 회식과 화합""",1Ospd1bCMCfqkHXlDWb2YRoPZNuKnc6gQ
consultant,10,6,컨설턴트 전문 역량 및 심화 보충 가이드,"""컨설턴트 전문 역량 및 심화 보충 가이드랍니다. 세 가지 핵심 내용을 꼭 기억해 주세요!   할랄(Halal)의 신념 이해: 무슬림에게 돼지고기와 술은 단순 호불호가 아닌 영혼을 더럽히는 엄격한 종교적 죄악입니다. 돼지기름이 닿은 집게로 김치를 집어주는 것도 금기이므로 불판과 식기를 반드시 완전 분리하셔야 해요.   힌두교 소고기 금기 & 채식: 인도 근로자 다수는 소고기를 엄격히 금하며 육수(쇠고기 다시다) 조차 거부하는 채식주의자입니다. 비빔밥, 해물 샤브샤브, 채소 전골 등 식재료가 투명한 메뉴를 매칭해 주세요.   건전 회식 3원칙 (1-1-9 운동): ① 1가지 술로만 마시기 (폭탄주 금지), ② 1차에서만 끝내기 (2차 강요 금지), ③ 밤 9시 이전 귀가하기"",컨설턴트 전문 역량 및 심화 보충 가이드""",1Ospd1bCMCfqkHXlDWb2YRoPZNuKnc6gQ
consultant,10,7,현장 실무 컨설팅 및 모의 롤플레잉,"""현장 실무 컨설팅 및 모의 롤플레잉이랍니다. 1단계(삼겹살 회식 장소 현안 파악 및 문제 제기)와 2단계(합리적 대안 식당 제시 및 즉시 승인), 두 가지 대화를 생생하게 읽어볼게요!   1단계: 삼겹살 회식 장소 현안 파악 및 문제 제기 컨설턴트 (알리): """"공장장님, 다음 주 목요일 부서 전체 회식 장소를 삼겹살 전문점으로 예약하셨다고 들었습니다.""""   공장장 (한국인): """"응, 노릇노릇 삼겹살에 소주 한잔하면서 팀원들 단합 좀 하려고 하지!""""   컨설턴트 (알리): """"공장장님, 우리 작업조에 인도네시아 무슬림 친구들이 4명 있습니다. 종교상 돼지고기와 술을 엄격히 금지하고 있어 삼겹살집에 가면 식사를 전혀 못 합니다.""""   공장장 (한국인, 깜짝 놀라며): """"아차! 깜빡했네, 그럼 그 친구들은 삼겹살집 가면 밥을 아예 못 먹겠네?""""   2단계: 합리적 대안 식당 제시 및 즉시 승인 컨설턴트 (알리, 대안 제시): """"네, 심한 소외감을 느낄 수 있습니다. 회사 앞 해물 샤브샤브나 소고기 단품을 함께 파는 대형 식당으로 변경해 주시면, 외국인 친구들도 음료수로 건배하며 아주 신나게 단합할 수 있습니다.""""   공장장 (한국인, 흡족해하며): """"알리 씨가 미리 챙겨줘서 정말 다행이네! 식당을 바로 해물 샤브샤브집으로 바꿀 테니 알리 씨가 예약 좀 잡아줘!""""   컨설턴트 (알리): """"감사합니다 공장장님! 다문화 근로자들에게도 회사의 세심한 배려를 전하여 전원 기쁜 마음으로 참석시키겠습니다!"""""",현장 실무 컨설팅 및 모의 롤플레잉""",1Ospd1bCMCfqkHXlDWb2YRoPZNuKnc6gQ
consultant,10,8,사업장 다문화 회식 가이드라인 및 점검표,"""우리가 사업장에서 참고하는 사업장 다문화 회식 가이드라인 및 점검표 표랍니다. 네 가지 문화권별 사례를 함께 살펴볼까요? 인도네시아 (무슬림): 돼지고기, 비할랄 육류 엄격 금지 / 음주 절대 금지 (음료수 대체) 👉 해물탕, 생선구이, 오리구이, 해물 샤브샤브 / 불판 및 조리 집게 분리 [V] 베트남 (불교/민속): 특별한 육류 금기 없음 / 음주 가능 (개인 자율) 👉 삼겹살, 치킨, 갈비, 한식 뷔페 식당 / 강요 절대 금지 [V] 인도 (힌두교/채식): 소고기 엄격 금지, 순수 채식 다수 / 개인별 상이 (자율 선택) 👉 채소 샤브샤브, 해산물 요리, 산채 비빔밥 / 육수 성분(쇠고기) 확인 [V] 우즈베키스탄 (중앙아시아): 돼지고기 지양, 양/소/닭고기 선호 / 개인별 상이 (사전 확인) 👉 소고기 전문점, 닭갈비, 숯불 양꼬치 / 할랄 식자재 배려 [V]"",사업장 다문화 회식 가이드라인 및 점검표",1Ospd1bCMCfqkHXlDWb2YRoPZNuKnc6gQ
consultant,10,9,건전 회식 1-1-9 운동이 지속가능성을 만듭니다,"""이번 페이지의 아주 따뜻하고 멋진 핵심 메시지예요! 건전 회식 1-1-9 운동이 지속가능성을 만듭니다! 강요 없는 문화가 글로벌 최고의 단합을 이끕니다. 한국의 전통 회식 문화는 1가지 술(폭탄주 금지), 1차에서 종료(2차 강요 금지), 밤 9시 이전 귀가의 1-1-9 운동으로 빠르게 선진화되고 있어요. 종교적 금기를 배려하고 음료수 건배를 환영할 때, 회식은 소외와 차별의 자리가 아니라 100% 진정한 동료애를 꽃피우는 소통의 장으로 완벽하게 완성된답니다!"",건전 회식 1-1-9 운동과 지속가능성",1Ospd1bCMCfqkHXlDWb2YRoPZNuKnc6gQ
consultant,10,10,학생용 실습 보고서 과제 체크리스트,"""우리가 현장에서 바로 써먹을 수 있는 학생용 실습 보고서 과제 체크리스트랍니다. 네 가지 과제를 확인해 볼까요?   과제 1 (관리자 대상 메뉴 변경 건의문 작성): 삼겹살 단일 메뉴 식당을 해물 샤브샤브 병행 식당으로 변경 건의 → """"공장장님, 이번 회식 장소에 인도네시아 무슬림 친구들을 배려해 해물 샤브샤브 식당을 추천드립니다."""" 작성하기!   과제 2 (무슬림 근로자 회식 동참 유도 코칭): 회식 참석을 두려워하는 근로자 안심 스피치 → """"알리 씨, 술 안 마셔도 괜찮아, 해물 전용 테이블을 만들고 사이다로 함께 건배하자!"""" 구두 훈련하기!   과제 3 (다문화 회식 식문화 점검표 서식 기입): 인도네시아(돼지고기/술 금기 → 해물 샤브샤브) 및 인도(소고기 금기 → 채소 비빔밥) 서식 직접 기입 훈련하기!   과제 4 (건전 회식 1-1-9 거버넌스 서약): 1가지 술(폭탄주 금지), 1차 종료(2차 강요 금지), 밤 9시 이전 귀가 사내 수칙 준수 [V 체크]"",학생용 실습 보고서 과제 체크리스트",1Ospd1bCMCfqkHXlDWb2YRoPZNuKnc6gQ
consultant,10,11,컨설턴트 자격 실기 역량 평가 기준표,"""우리의 실력을 공정하게 평가하는 컨설턴트 자격 실기 역량 평가 기준표랍니다. 총점 100점 만점에 80점 이상 받으셔야 합격이에요! 네 가지 평가 기준을 짚어볼게요?   기준 1 (다문화 식문화 지식 - 30점): 국가별·종교별 식문화 금기(할랄, 비할랄, 소고기 금기)를 정확하게 숙지하고 있는가?   기준 2 (관리자 설득 및 대안 제시 - 35점): 관리자의 기분을 상하지 않게 하면서 합리적인 대체 메뉴 식당을 논리적으로 제안하는가?   기준 3 (근로자 참여 유도 역량 - 20점): 외국인 근로자가 소외감을 느끼지 않고 음료수 건배로 유대감을 형성하도록 코칭하는가?   기준 4 (회식 점검표 완성도 - 15점): 사업장 다문화 회식 운영 가이드라인 및 점검표 서식을 완성도 높게 수립·관리하는가?"",컨설턴트 자격 실기 역량 평가 기준표",1Ospd1bCMCfqkHXlDWb2YRoPZNuKnc6gQ
consultant,10,12,단원 마무리 & 이해도 점검,"""제10장 강의의 마지막 페이지이자, 회식 문화 조율 및 종교·식문화 배려 컨설팅 과정을 마무리하는 최종 단원 마무리 & 이해도 점검 시간이에요. 화면에 나온 다문화 회식 조율 핵심 퀴즈를 함께 풀어봅시다! Q1. 무슬림(이슬람교) 근로자가 다수 포함된 부서의 회식 장소로 가장 부적절한 곳은 어디일까요? 👉 정답: 돼지고기 단일 메뉴만 판매하는 삼겹살 전문점 (할랄 및 해산물 대체 메뉴가 있는 곳으로 선정해야 함)! Q2. 회식 자리에서 종교상 술을 마실 수 없는 외국인 근로자를 배려하는 가장 올바른 방법은 무엇인가요? 👉 정답: 음주를 강요하지 않고, 사이다나 콜라를 채워 함께 밝은 미소로 """"짠!"""" 건배에 동참하도록 유도하기! Q3. 힌두교 근로자가 회식에 참여할 때 식단에서 반드시 확인해야 할 금기 성분은 무엇일까요? 👉 정답: 소고기 부위 및 음식 조리 시 들어가는 쇠고기 분말 육수(다시다 성분 등) 포함 여부! 오늘 저와 함께 제10장 회식 문화 조율 및 종교·식문화 배려 컨설팅 내용을 아주 열심히 공부하셨으니 실기시험 만점 받는 건 문제없겠죠? 여러분, 다양성을 존중하고 모두가 하나 되는 선진 다문화 회식 문화를 이끄는 멋진 소통 컨설턴트로 활약하시기를 진심으로 응원합니다. 수고하셨습니다!"",최종 단원 마무리 & 이해도 점검",1Ospd1bCMCfqkHXlDWb2YRoPZNuKnc6gQ
consultant,11,1,제11장 무단결근 예방 및 근태 관리 컨설팅,"""이번 시간에는 우리와 함께 [3부] 제11장 무단결근 예방 및 근태 관리 컨설팅 과정을 배워볼 거예요. 결근의 법적·현장적 심각성 교육하기, 모바일 사전 연락 템플릿 보급하기, 그리고 사업장 근태 관리 거버넌스 구축 실무를 아주 꼼꼼하게 다뤄볼 거랍니다. 이번 장을 통해 외국인 근로자들의 무단결근을 근본적으로 예방하고 스마트한 모바일 소통으로 신뢰받는 현장을 만드는 전문 컨설턴트가 되어 보자고요!"",제11장 무단결근 예방 및 근태 관리 컨설팅 과정 오프닝",1rsNUKaAVQVPDeIKmUAo8gUOJ6qKxqBJe
consultant,11,2,단원 개요 및 핵심 학습 목표,"""이번 페이지는 단원 개요 및 핵심 학습 목표를 다루는 파트랍니다. 먼저 상황 설정 및 근태 컨설팅의 필요성을 볼까요? 외국인 근로자들이 아침에 몸이 아프거나 늦잠을 잤을 때, 한국어로 통화하기 두려워 연락을 끊고 잠수를 타는 '무단결근' 문제가 아주 빈번하게 발생합니다. 무단결근이 초래하는 생산 라인 마비, 비자 취소, 강제 출국 등 법적 불이익을 명확히 교육하고, 클릭 한 번으로 발송하는 모바일 사전 연락 템플릿을 현장에 적극 보급하셔야 해요. 지식 및 수행 목표를 살펴볼게요.   지식 목표: 출입국관리법상 근무처 이탈 및 결근의 법적 처벌 규정, 사내 취업규칙 징계 절차, 모바일 사전 연락 서식 숙지.   수행 목표: 무단결근 예방 교육을 주관하고, 원터치 사전 연락 템플릿을 보급하며, 비상 연락망 조직도를 구축할 수 있다."",단원 개요 및 핵심 학습 목표",1rsNUKaAVQVPDeIKmUAo8gUOJ6qKxqBJe
consultant,11,3,30분 전 사전 통보 준수 및 모바일 템플릿,"""이번 페이지는 30분 전 사전 통보 준수 및 모바일 템플릿에 대한 내용이에요. 화면 상단에 있는 [그림. C1101] 스마트폰 화면 사진을 다 같이 아주 주의 깊게 봐주세요! 손에 쥐어진 스마트폰 카카오톡 화면 속에는 시계 일러스트와 함께 '30분 전 사전 통보', 그리고 빨간색 금지 마크 안에 '잠수 금지(No Ghosting)'가 아주 뚜렷하게 적혀 있어요. 그 아래에는 '[필독] 무단결근 사진 방지 안내'와 함께 [템플릿 메시지 예시]로 """"반장님, 오늘 몸상태 관계로 출근이 어렵습니다. 다녀와서 진료확인서 하겠습니다.""""라는 표준 문구가 선명하게 담겨 있답니다. 모바일 사전 템플릿 4가지 핵심이에요!   출근 30분 전 골든타임 준수: 차가 밀리거나 아플 때는 최소 30분 전 관리자에게 메시지를 전송하여 대체 인력 투입을 가능하게 합니다.   전화 공포증 (Telephone Phobia) 해소: 서툰 한국어로 통화하는 부담을 덜어주기 위해 '표준 카카오톡/문자 템플릿'을 보급해요.   침묵과 잠수 (Ghosting) 원천 차단: 사전에 연락만 취하면 정당한 병가 및 지각으로 처리되어 무단결근 징계를 완벽히 예방합니다.   진료확인서 제출 확약: """"병원 다녀와서 진료확인서 제출하겠습니다"""" 문구를 포함하여 근태 행정의 신뢰를 유지해요."",30분 전 사전 통보 준수 및 모바일 템플릿",1rsNUKaAVQVPDeIKmUAo8gUOJ6qKxqBJe
consultant,11,4,컨설턴트 핵심 코칭 표현 및 전달법,"""이번 페이지는 컨설턴트 핵심 코칭 표현 및 전달법이랍니다. 다섯 가지 상황별 필수 표현을 저와 함께 소리 내어 연습해 볼까요?   첫째, 결근의 심각성을 강조할 때: """"여러분의 무단결근은 회사 라인을 멈추고 비자 연장을 불가능하게 만듭니다.""""   둘째, 출근 30분 전 사전 연락을 교육할 때: """"아무리 아파도 출근 30분 전에 반장님께 카톡이나 전화를 해야 합니다.""""   셋째, 사전 승인 원칙을 지도할 때: """"개인 휴가는 최소 1주일 전에 미리 신청서를 제출하고 승인받아야 합니다.""""   넷째, 병가 객관화를 위해 진료확인서를 요구할 때: """"병원 다녀온 후에는 반드시 진료확인서를 회사에 제출해야 합니다.""""   다섯째, 소통 장벽을 해소하기 위해 템플릿을 보급할 때: """"아플 땐 이 문자 서식을 복사해서 이름만 바꿔 전송하세요."""""",컨설턴트 핵심 코칭 표현 및 전달법",1rsNUKaAVQVPDeIKmUAo8gUOJ6qKxqBJe
consultant,11,5,미출근자 신변 확인 비상 연락망 체계,"""미출근자 신변 확인 비상 연락망 체계를 다루고 있어요. 화면 상단의 조직도와 사진 자료를 아주 자세히 살펴보세요! 관리 총괄(컨설턴트-리더 및 공장장-지원)을 정점으로 하여, 베트남 리더(반퉁), 인도네시아 리더(아구스 위브워), 몽골 리더(바트자르갈) 등 국가별 리더가 연결된 비상 소통망과 기숙사 호실별 연락 프로토콜(10분 내 신변 확인)이 아주 체계적으로 구축되어 있답니다. 10분 내 신변을 확인하는 비상 소통망 핵심이에요!   국가별 리더 연계 핫라인 (O): 컨설턴트와 공장장을 정점으로 베트남, 인도네시아, 몽골 등 국가별 리더 근로자가 연결된 비상 소통망을 상시 운영합니다.   08:10 골든타임 신변 확인: 아침 8시 정각 미출근자 발생 시 즉시 1차 전화, 2차 동향 룸메이트 기숙사 방문을 통해 사고 및 무단이탈을 신속하게 차단해요."",미출근자 신변 확인 비상 연락망 체계",1rsNUKaAVQVPDeIKmUAo8gUOJ6qKxqBJe
consultant,11,6,컨설턴트 전문 역량 및 심화 보충 가이드,"""컨설턴트 전문 역량 및 심화 보충 가이드랍니다. 세 가지 핵심 내용을 꼭 기억해 주세요!   무단결근의 출입국 법적 제재: 3일 이상 무단결근 시 사업주는 고용센터와 출입국에 '이탈 신고'를 의무 제출합니다. 체류자격이 박탈되어 강제 출국 및 영구 입국 규제를 받게 되므로 각별히 주의를 주셔야 해요.   원터치 모바일 템플릿: 전화 통화를 두려워하는 근로자를 위해 지각 템플릿과 병가 템플릿을 스마트폰 메모장에 사전 저장하고 원터치 전송하도록 코칭합니다.   명절 연휴 귀국 복귀 프로토콜: 설날, 추석 고향 방문 후 미복귀 사고를 방지하기 위해 출국 전 왕복 항공권 확인, 복귀 확약서 징구, 재입국 허가 확인을 사전에 철저히 컨설팅해 주세요."",컨설턴트 전문 역량 및 심화 보충 가이드",1rsNUKaAVQVPDeIKmUAo8gUOJ6qKxqBJe
consultant,11,7,현장 실무 컨설팅 및 모의 롤플레잉," ""현장 실무 컨설팅 및 모의 롤플레잉이랍니다. 1단계(무단결근 위험 경고 및 고충 진단)와 2단계(소통 공포 해소 및 모바일 템플릿 보급), 두 가지 대화를 생생하게 읽어볼게요!   1단계: 무단결근 위험 경고 및 고충 진단 컨설턴트 (알리): """"여러분, 한국 회사에서 일하면서 절대 해서는 안 되는 가장 위험하고 나쁜 행동이 무엇인지 아십니까?""""   외국인 근로자 (바트): """"기계를 고장 내는 것입니까? 부품을 떨어뜨리는 것입니까?""""   컨설턴트 (알리): """"아닙니다. 바로 '연락도 없이 출근하지 않는 무단결근'입니다. 여러분 한 명이 안 나오면 8명이 일하는 조립 라인 전체가 멈춥니다.""""   2단계: 소통 공포 해소 및 모바일 템플릿 보급 외국인 근로자 (바트, 걱정하며): """"아침에 너무 아프면 머리가 하얘지고, 한국말을 못 해서 반장님께 전화를 걸기가 너무 무섭습니다.""""   컨설턴트 (알리, 모바일 화면을 보여주며): """"그래서 제가 이 메시지 템플릿을 드립니다. 아플 땐 겁먹지 말고 이 문장을 복사해서 이름만 바꾼 뒤 출근 30분 전에 반장님 카톡으로 보내세요. 그럼 절대 무단결근이 되지 않습니다!""""   외국인 근로자 (바트, 안도하며): """"정말 감사합니다! 메모장에 바로 저장해 두겠습니다!"""""",현장 실무 컨설팅 및 모의 롤플레잉""",1rsNUKaAVQVPDeIKmUAo8gUOJ6qKxqBJe
consultant,11,8,표준 근태 관리 규정 및 모바일 안내 서식,"""이번 페이지는 우리가 현장에서 근태 관리 규정을 안내할 때 사용하는 표준 근태 관리 규정 및 모바일 안내 서식 표랍니다. 네 가지 근태 유형을 함께 살펴볼까요?   지각 (교통/늦잠): 출근 30분 전까지 👉 반장에게 직접 전화 또는 표준 카톡 템플릿 전송 👉 월 3회 누적 시 시말서 징구 [V]   병가 (질병/부상): 당일 출근 1시간 전 👉 사전 카톡 보고 + 병원 진료확인서 제출 👉 증빙 미제출 시 무단결근 처리 [V]   휴가 연차 (개인 일정): 최소 7일 전 신청 👉 사내 표준 휴가원 서면 제출 및 부서장 결재 👉 임의 휴무 시 근무지 이탈 간주 [V]   고향 방문 (비자 연장): 최소 1개월 전 신청 👉 왕복 항공권 사본 제출 + 복귀 확약서 작성 👉 무단 연장 시 출입국 고발 조치 [V]"",표준 근태 관리 규정 및 모바일 안내 서식",1rsNUKaAVQVPDeIKmUAo8gUOJ6qKxqBJe
consultant,11,9,출근 30분 전 알림과 10분 신변 확인,"""이번 페이지의 아주 명확하고 눈이 번쩍 뜨이는 핵심 메시지예요! 출근 30분 전 알림과 10분 신변 확인이랍니다! 한국 생산 공장에서 출근 30분 전 연락은 대체 인력을 배치하고 라인 멈춤을 방지하는 상호 신뢰의 마지노선입니다. 전화가 두려워 침묵하지 않고 원터치 템플릿으로 사유를 전송할 때, 근로자는 '근무지 이탈'이라는 최악의 법적 제재로부터 100% 안전하게 보호받을 수 있다는 거, 잊지 마세요!"",출근 30분 전 알림과 10분 신변 확인",1rsNUKaAVQVPDeIKmUAo8gUOJ6qKxqBJe
consultant,11,10,학생용 실습 보고서 과제 체크리스트,"""우리가 현장에서 바로 써먹을 수 있는 학생용 실습 보고서 과제 체크리스트랍니다. 네 가지 과제를 확인해 볼까요?   과제 1 (무단결근 방지 10분 교육안 기획): 1. 결근의 법적 결과(비자 박탈/강제 출국) → 2. 사전 통보 시한(30분 전) → 3. 병원 진료확인서 구비 절차 강의안 작성하기!   과제 2 (모바일 카톡 템플릿 작성 코칭): 급성 장염으로 결근하는 근로자의 표준 카톡문 → """"반장님, 오늘 장염으로 출근이 어렵습니다. 병원 다녀와서 진료확인서 제출하겠습니다."""" 작성 훈련하기!   과제 3 (병가 사유서 및 증빙 점검): 병가 복귀자 서류에 의사 직인이 찍힌 정식 진료확인서가 첨부되었는지 검토하고 서식에 V 체크하기!   과제 4 (비상 연락망 신변 확인 훈련): 08:00 미출근자 발생 시 1단계(직접 통화) → 2단계(동향 리더 기숙사 확인) → 3단계(관리자 보고) 프로토콜 완성하기!"",학생용 실습 보고서 과제 체크리스트",1rsNUKaAVQVPDeIKmUAo8gUOJ6qKxqBJe
consultant,11,11,컨설턴트 자격 실기 역량 평가 기준표,"""우리의 실력을 공정하게 평가하는 컨설턴트 자격 실기 역량 평가 기준표랍니다. 총점 100점 만점에 80점 이상 받으셔야 합격이에요! 네 가지 평가 기준을 짚어볼게요?   기준 1 (근태 규정 주지력 - 35점): 무단결근이 초래하는 생산 손실과 출입국 비자 불이익을 확실히 각인시키는가?   기준 2 (모바일 템플릿 활용성 - 30점): 한국어가 서툰 근로자도 즉시 복사해 쓸 수 있는 원터치 모바일 서식을 제공하는가?   기준 3 (비상 연락망 운영력 - 20점): 국가별 리더와 연계된 비상 연락망 조직도를 구축하여 10분 내 신변 확인을 이끄는가?   기준 4 (근태 안내문 완성도 - 15점): 사업장 게시 및 교육용 표준 근태 관리 안내문 서식을 체계적으로 작성·관리하는가?"",컨설턴트 자격 실기 역량 평가 기준표",1rsNUKaAVQVPDeIKmUAo8gUOJ6qKxqBJe
consultant,11,12,단원 마무리 & 이해도 점검,"""제11장 강의의 마지막 페이지이자, 무단결근 예방 및 근태 관리 컨설팅 과정을 마무리하는 최종 단원 마무리 & 이해도 점검 시간이에요. 화면에 나온 근태 관리 및 무단결근 예방 핵심 퀴즈를 함께 풀어봅시다!   Q1. 아침에 급성 장염으로 출근이 어려울 때 외국인 근로자의 가장 올바른 대처는 무엇일까요?   👉 정답: 출근 30분~1시간 전에 미리 반장님께 표준 카톡 문자로 알리고, 병원 진료확인서를 반드시 챙겨 제출하기!   Q2. 한국 기업에서 사전 연락 없이 무단결근을 반복할 경우 발생하는 최악의 법적 결과는 무엇인가요?   👉 정답: 취업규칙상 해고 및 출입국관리소 '근무지 이탈' 신고로 체류자격이 박탈되어 강제 출국 조치됨!   Q3. 외국인 근로자가 한국말이 서툴러 전화하기를 무서워할 때 컨설턴트가 제공할 최적의 솔루션은 무엇일까요?   👉 정답: 간단한 상황별 카톡/문자 템플릿을 스마트폰에 저장해 두고 복사해서 터치 한 번으로 전송하도록 코칭하기!   오늘 저와 함께 제11장 무단결근 예방 및 근태 관리 컨설팅 내용을 아주 열심히 공부하셨으니 실기시험 만점 받는 건 문제없겠죠? 여러분, 현장에서 무단결근을 완벽히 방지하고 든든한 신변 확인 체계를 구축하는 훌륭한 소통 컨설턴트로 맹활약하시기를 진심으로 응원합니다. 수고하셨습니다!"",최종 단원 마무리 & 이해도 점검",1rsNUKaAVQVPDeIKmUAo8gUOJ6qKxqBJe
consultant,12,1,제12장 현장 1페이지 다국어 작업 표준서(SOP) 만들기,"""이번 시간에는 우리와 함께 [4부] 제12장 현장 1페이지 다국어 작업 표준서(SOP) 만들기 과정을 배워볼 거예요. 시각적 픽토그램을 활용한 1-Page 비주얼 프로세스와 다국어 병기 표준 매뉴얼 제작 컨설팅 실무를 아주 꼼꼼하게 다뤄볼 거랍니다. 이번 장을 통해 두껍고 읽히지 않는 기존 매뉴얼을 깨부수고, 외국인 근로자들이 10초 만에 이해하는 완벽한 비주얼 SOP를 설계하는 전문 소통 컨설턴트가 되어 보자고요!"",제12장 현장 1페이지 다국어 작업 표준서(SOP) 만들기 과정 오프닝",1SmFwuPFquBxX_5u8K-7eQFXWPGfo8CBO
consultant,12,2,단원 개요 및 핵심 학습 목표,"""이번 페이지는 단원 개요 및 핵심 학습 목표를 다루는 파트랍니다. 먼저 상황 설정 및 비주얼 SOP의 필요성을 볼까요? 두껍고 빽빽한 한글 작업 매뉴얼을 외국인 근로자에게 주면 아무도 읽지 않아 작업 오차와 안전사고가 반복됩니다. 글자를 최소화하고 부품 실사 사진, 1-2-3 순서 화살표, 규정 토크 수치, O/X 합격·불량 픽토그램을 적용한 A4 1장짜리 '비주얼 다국어 표준운영절차서(SOP)'를 직접 설계하고 제작하셔야 해요. 지식 및 수행 목표를 살펴볼게요.   지식 목표: 1-Page 비주얼 SOP 설계 3원칙(시각화, 순서화, 수치화), 직무 안전 픽토그램(ISO/KOSHA), 다국어 핵심 용어 병기법 숙지.   수행 목표: 실제 공정 지침서를 분석하여 외국인 눈높이에 맞는 1페이지 다국어 비주얼 SOP를 제작하고 작업대에 부착·검증할 수 있다."",단원 개요 및 핵심 학습 목표",1SmFwuPFquBxX_5u8K-7eQFXWPGfo8CBO
consultant,12,3,1-Page 비주얼 SOP 표준 레이아웃 구조,"""이번 페이지는 1-Page 비주얼 SOP 표준 레이아웃 구조에 대한 내용이에요. 화면 상단에 있는 [표준 작업 지시서] 사진 자료를 다 같이 아주 주의 깊게 봐주세요! 상단 헤더 구역에는 공장명(제3조립라인 A-01)과 필수 안전보호구 픽토그램(안전모, 보안경, 장갑, 안전화)이 명확히 들어가 있고, 본문은 STEP 1부터 STEP 4까지 실물 부품 사진과 방향 화살표로 작업 동선이 직관적으로 연결되어 있어요. 그 아래 규정 수치(25±2 N·m, 12시 방향 마킹)와 O/X 대비 사진(정상 O, 불량 X)이 아주 알차게 배치되어 있답니다. 표준 레이아웃 구조 4가지 핵심이에요!   상단 헤더 구역: 작업 공정명과 해당 공정 필수 안전보호구(안전모, 보안경, 장갑, 안전화) 픽토그램을 명확히 배치합니다.   본문 STEP 1~4 시각 프로세스: 실물 부품 사진과 방향 화살표로 작업 동선을 직관적으로 연결하여 누락을 방지해요.   한·베트남 다국어 핵심 병기: '위치 확인(Xác nhận vị trí)', '볼트 삽입(Chèn bu lông)' 등 직무 언어를 일치시킵니다.   하단 정밀 수치 및 O/X 대비: 규정 토크 수치(25±2 N·m)와 정상(O)/불량(X) 대비 사진으로 오조립을 원천 차단해 줘요."",1-Page 비주얼 SOP 표준 레이아웃 구조",1SmFwuPFquBxX_5u8K-7eQFXWPGfo8CBO
consultant,12,4,컨설턴트 핵심 코칭 표현 및 전달법,"""컨설턴트 핵심 코칭 표현 및 전달법이랍니다. 다섯 가지 상황별 필수 표현을 저와 함께 소리 내어 연습해 볼까요?   첫째, 비주얼 시각화를 지도할 때: """"글자만 쓰지 말고 사진과 화살표를 넣어서 누구나 한눈에 알게 만듭니다.""""   둘째, 직무 언어를 일치시킬 때: """"모국어 번역과 한국어 핵심 단어를 함께 표기하여 언어를 일치시킵니다.""""   셋째, 오류를 방지하기 위해 순서화를 지도할 때: """"'1번 나사 조이기 → 2번 센서 확인'처럼 순서를 1, 2, 3으로 정리합니다.""""   넷째, 직관적 품질 판정을 위해 O/X 대비를 활용할 때: """"올바른 사진과 불량 사진을 빨간 X 표시로 직관적으로 보여줍니다.""""   다섯째, 현장 접근성을 확보하기 위해 작업대에 부착할 때: """"A4 1장으로 코팅하여 작업대 바로 앞 시선 위치에 부착합니다."""""",컨설턴트 핵심 코칭 표현 및 전달법",1SmFwuPFquBxX_5u8K-7eQFXWPGfo8CBO
consultant,12,5,현장 작업대 눈높이 코팅 부착 및 시선 일치,"""현장 작업대 눈높이 코팅 부착 및 시선 일치를 다루고 있어요. 화면 상단의 [그림. C1202] 사진을 아주 자세히 살펴보세요! 공장 조립 라인 작업대 전면에 투명 아크릴로 코팅된 1-Page SOP가 작업자 눈높이에 딱 맞춰 부착되어 있어요. 작업자인 'LE VAN DONG' 근로자가 고개를 멀리 돌릴 필요 없이 전면을 바라보며(시선 일치) 토크렌치로 볼트 체결 작업을 아주 정확하고 빠르게 수행하고 있는 모습이 아주 든든하게 담겨 있답니다. 현장 부착 및 활용 효과 2가지예요!   시선 일치 (Eye-Level) 세팅: 투명 아크릴로 코팅된 1-Page SOP를 조립대 바로 전면에 부착하여 고개를 돌리지 않고 실시간 확인합니다.   오조립 제로화 달성: 다국적 근로자가 부품 삽입과 토크 체결을 사진 순서대로 따라 하여 10초 만에 완벽한 품질 표준을 준수할 수 있어요."",현장 작업대 눈높이 코팅 부착 및 시선 일치",1SmFwuPFquBxX_5u8K-7eQFXWPGfo8CBO
consultant,12,6,컨설턴트 전문 역량 및 심화 보충 가이드,"""컨설턴트 전문 역량 및 심화 보충 가이드랍니다. 세 가지 핵심 내용을 꼭 기억해 주세요!   1-Page SOP 3대 필수 요소: ① 사진(Photo: 실제 부품 고화질 실사), ② 순서(Step: 좌→우, 위아래 1-2-3 동선), ③ 수치(Number: '적당히' 대신 15Nm 빨간 굵은 글씨 명시).   표준 안전 픽토그램 활용: 언어가 통하지 않아도 감전 경고, 손 끼임(협착) 주의, 보안경 착용은 이해합니다. 국제 표준(ISO) 및 KOSHA 안전 픽토그램을 상단에 필수 배치하세요.   현장 감수 및 최신본 업데이트: 제작 후 해당 라인 외국인 근로자에게 """"이해가 쉬운가?"""" 검증을 거칩니다. 공정 변경이나 불량 발생 시 실시간 사진을 교체하여 최신본을 유지해 주셔야 해요."",컨설턴트 전문 역량 및 심화 보충 가이드",1SmFwuPFquBxX_5u8K-7eQFXWPGfo8CBO
consultant,12,7,현장 실무 컨설팅 및 모의 롤플레잉,"""현장 실무 컨설팅 및 모의 롤플레잉이랍니다. 1단계(기존 매뉴얼 한계 진단 및 대안 제시)와 2단계(비주얼 SOP 확인 및 작업대 부착 승인), 두 가지 대화를 생생하게 읽어볼게요!   1단계: 기존 매뉴얼 한계 진단 및 대안 제시 공장장 (한국인): """"알리 컨설턴트, 새로 온 베트남 작업자들이 볼트 조이는 순서를 자꾸 헷갈려서 불량이 쏟아지는데, 기존 두꺼운 매뉴얼을 줘도 글씨를 못 읽으니 소용이 없어요.""""   컨설턴트 (알리): """"공장장님, 기존 매뉴얼은 글씨가 너무 빽빽한 한국어 기술문서라 그렇습니다. 제가 작업대 앞에 바로 붙일 수 있는 'A4 1페이지 비주얼 SOP'로 바꿔보겠습니다.""""   2단계: 비주얼 SOP 확인 및 작업대 부착 승인 공장장 (한국인, 완성된 SOP를 보며 감탄하며): """"오! 실제 볼트 조이는 손 사진에 1, 2, 3 대각선 화살표가 딱 그려져 있고, 15Nm 빨간 글씨가 한눈에 확 들어오네!""""   컨설턴트 (알리): """"네, 조립 정상(O)과 불량(X) 사진을 베트남어와 함께 넣었습니다. 오늘 오후 바로 라인 작업대 눈높이에 코팅해서 붙여두겠습니다.""""   공장장 (한국인): """"아주 훌륭해! 글자를 몰라도 그림만 보고 10초 만에 완벽하게 따라 하겠어!"""""",현장 실무 컨설팅 및 모의 롤플레잉""",1SmFwuPFquBxX_5u8K-7eQFXWPGfo8CBO
consultant,12,8,제조 라인 부품 조립 1-Page 비주얼 SOP 샘플,"""이번 페이지는 제조 라인에서 실제로 활용하는 제조 라인 부품 조립 1-Page 비주얼 SOP 샘플 표랍니다. 4단계 공정을 함께 살펴볼까요?   STEP 1 (원자재 현지어: Kiểm tra vật liệu): 도면 번호 일치 확인, 표면 스크래치 점검 (Kiểm tra vết xước bề mặt) 👉 [V] 보안경 착용 필수 (O) / [X] 면장갑 끼임 주의 (X) STEP 2 (가공물 안착 현지어: Đặt phôi): 지그(Jig) 홈에 가공물을 끝까지 밀어 고정 (Đẩy phôi vào gá cố định) 👉 [V] 이물질 청소 후 안착 / [X] 덜 끼워 틈새 불량 방지 STEP 3 (볼트 체결 현지어: Xiết ốc vít): 대각선 순서로 M8 볼트 4개 체결 (토크 15Nm) (Xiết 4 ốc theo đường chéo) 👉 [V] 규정 토크 15Nm 준수 / [X] 전동드릴 기울임 금지 STEP 4 (검사 및 적재 현지어: Kiểm tra & Xếp): 치수 게이지 측정 후 합격품 전용 대차 적재 (Đo kích thước và xếp lên xe) 👉 [V] 합격품 파란 상자 적재 / [X] 불량품 즉시 빨간 상자 격리"",제조 라인 부품 조립 1-Page 비주얼 SOP 샘플",1SmFwuPFquBxX_5u8K-7eQFXWPGfo8CBO
consultant,12,9,A4 1장과 10초의 직관적 시각 표준화,"""이번 페이지의 아주 명확하고 눈이 번쩍 뜨이는 핵심 메시지예요! A4 1장과 10초의 직관적 시각 표준화란니다! 수십 페이지의 두꺼운 기술문서는 현장에서 절대 읽히지 않아요. 핵심 공정을 압축한 A4 1페이지 비주얼 SOP는 언어 장벽을 완벽히 무력화합니다. 신규 작업자도 10초 만에 공정 순서와 정상(O)/불량(X) 기준을 직관적으로 파악하여, 조립 불량률과 안전사고를 획기적으로 줄여낸다는 거, 꼭 기억해 주세요!"",A4 1장과 10초의 직관적 시각 표준화",1SmFwuPFquBxX_5u8K-7eQFXWPGfo8CBO
consultant,12,10,학생용 실습 보고서 과제 체크리스트,"""우리가 현장에서 바로 써먹을 수 있는 학생용 실습 보고서 과제 체크리스트랍니다. 네 가지 과제를 확인해 볼까요?   과제 1 (1-Page SOP 공정 4단계 정의): 현장 주요 공정을 4단계 비주얼 스텝(STEP 1 자재 점검 → STEP 2 가공물 안착 → STEP 3 볼트 체결 → STEP 4 검사 및 적재)으로 기획·작성하기!   과제 2 (품질 불량 O/X 사진 기획): 작업자가 직관적으로 구별할 수 있는 정상 조립(12시 방향 마킹 완료)과 불량 조립(나사산 파손·기울임 체결) 사진 기획안 수립하기!   과제 3 (핵심 계측 수치 및 픽토그램 배치): 체결 토크 15N·m / 가공 온도 180°C 등 필수 수치 강조 및 회전체 장갑 끼임 금지 픽토그램 배치 완성하기!   과제 4 (다국어 번역 감수 리포트 작성): 한국어 '흠집 주의', '규정 토크 체결'을 해당 국가 언어로 정확히 번역하고 현장 이해도 검증 확인하기"",학생용 실습 보고서 과제 체크리스트",1SmFwuPFquBxX_5u8K-7eQFXWPGfo8CBO
consultant,12,11,컨설턴트 자격 실기 역량 평가 기준표,"""우리의 실력을 공정하게 평가하는 컨설턴트 자격 실기 역량 평가 기준표랍니다. 총점 100점 만점에 80점 이상 받으셔야 합격이에요! 네 가지 평가 기준을 짚어볼게요?   기준 1 (공정 시각화 및 구조화 - 35점): 복잡한 기술 공정을 4~5단계 핵심 시각 프로세스로 직관적으로 압축하는가?   기준 2 (사진/기호/다국어 배치 - 30점): 실물 사진, 화살표, 픽토그램, 현지어 번역 배치가 뛰어난 시인성을 갖추었는가?   기준 3 (품질/안전 핵심 수치 명시 - 20점): 규정 토크, 치수, 결함 금지 등 필수 안전·품질 수치를 명확하게 강조하였는가?   기준 4 (현장 적용성 및 완성도 - 15점): 작업 현장 눈높이에 즉시 코팅 부착하여 작업 오차를 없앨 수 있는가?"",컨설턴트 자격 실기 역량 평가 기준표",1SmFwuPFquBxX_5u8K-7eQFXWPGfo8CBO
consultant,12,12,단원 마무리 & 이해도 점검,"""제12장 강의의 마지막 페이지이자, 현장 1페이지 다국어 작업 표준서(SOP) 만들기 과정을 마무리하는 최종 단원 마무리 & 이해도 점검 시간이에요. 화면에 나온 1-Page 비주얼 SOP 핵심 퀴즈를 함께 풀어봅시다!   Q1. 다국적 외국인 근로자를 위한 표준 작업 지침서(SOP)를 제작할 때 가장 중요한 원칙은 무엇일까요?   👉 정답: 글자를 최소화하고 부품 사진, 화살표 순서, 합격/불량(O/X) 대비 사진을 활용한 1페이지 비주얼로 제작하기!   Q2. 비주얼 SOP에 볼트 조임 토크나 가공 온도 등 계측 수치를 넣을 때 올바른 표기법은 무엇인가요?   👉 정답: '적당히'라는 표현 대신 '규정 조임 토크 15N·m 준수'처럼 정확한 숫자를 빨간색 굵은 글씨로 강조하기!   Q3. 제작된 1페이지 비주얼 SOP의 가장 올바른 보관 및 현장 게시 위치는 어디일까요?   👉 정답: 캐비닛에 보관하지 않고, 작업자가 일하면서 언제든 볼 수 있는 라인 작업대 바로 앞 눈높이에 코팅 부착하기!   오늘 저와 함께 제12장 현장 1페이지 다국어 작업 표준서(SOP) 만들기 내용을 아주 열심히 공부하셨으니 실기시험 만점 받는 건 문제없겠죠? 여러분, 현장에서 불량을 제로로 만들고 누구나 10초 만에 이해하는 완벽한 비주얼 SOP를 제작하는 멋진 소통 컨설턴트로 맹활약하시기를 진심으로 응원합니다. 수고하셨습니다!"",최종 단원 마무리 & 이해도 점검",1SmFwuPFquBxX_5u8K-7eQFXWPGfo8CBO
consultant,13,1,제13장 설비 고장 및 품질 불량 원인 조사 참여하기,"""[4부] 제13장 설비 고장 및 품질 불량 원인 조사 참여하기 과정을 배워볼 거예요. 작업자 심리적 안정 유도하기, 기술적 사실 규명하기, 그리고 통역을 거쳐 객관적 사실 확인서 작성하기 실무를 아주 꼼꼼하게 다뤄볼 거랍니다. 이번 장을 통해 대량 불량이나 설비 파손 시 작업자를 윽박지르는 대신 심리적 안전감을 부여하고 공학적 팩트를 규명하는 전문 소통 컨설턴트의 역량을 확실하게 길러보자고요!"",설비 고장 및 품질 불량 원인 조사 참여하기 과정 오프닝""",1xFrouhEaDLyHY-ABcn4U0L0TWxEh94OS
consultant,13,2,단원 개요 및 핵심 학습 목표,"""이번 페이지는 단원 개요 및 핵심 학습 목표를 다루는 파트랍니다. 먼저 상황 설정 및 조사 통역의 필요성을 볼까요? 대량 불량이 발생했거나 고가의 설비가 파손되었을 때, 관리자가 작업자를 범인 취급하며 윽박지르면 공포심에 사실을 은폐하거나 거짓말을 하게 됩니다. 작업자에게 심리적 안전감(Psychological Safety)을 부여하여 진실을 진술하게 하고, 작업자의 조작 실수인지 기계 부품 마모인지를 기술적으로 객관 규명하셔야 해요. 지식 및 수행 목표를 살펴볼게요.   지식 목표: 사고 및 불량 조사 기법(원인 규명 인터뷰), 기술 통역 용어(진동, 공차, 바이트 팁 마모), 면책 및 재발 방지 원칙 숙지.   수행 목표: 작업자를 심리적으로 안심시키며 사실관계를 청취하고, 품질팀과 소통하여 객관적 사실 확인서를 작성할 수 있다."",단원 개요 및 핵심 학습 목표",1xFrouhEaDLyHY-ABcn4U0L0TWxEh94OS
consultant,13,3,불량 원인 규명을 위한 안심 인터뷰 모델,"""이번 페이지는 불량 원인 규명을 위한 안심 인터뷰 모델에 대한 내용이에요. 화면 상단에 있는 [그림. C0502] 사진 자료를 다 같이 아주 주의 깊게 봐주세요! 밝은 회의실 안에서, 컨설턴트 분이 고개를 숙인 채 겁에 질려 있는 외국인 작업자의 어깨를 다정하게 토닥이며 """"겁먹지 마세요. 혼내려는 게 아니라, 원인을 찾는 거예요. 괜찮습니다. (Don't be scared. We are not here to scold you, but to find the root cause. It's alright.)""""라고 따뜻하게 안심시켜 주고 있어요. 책상 위에는 태블릿 PC와 '순화 용어 학습용' 상자가 놓여 있답니다. 안심 인터뷰 모델 4가지 핵심이에요!   문책 공포의 즉각적 해소: """"겁먹지 마세요. 혼내려는 게 아니라 진짜 원인을 찾는 거예요""""라고 모국어로 다정하게 안심시킵니다.   시간대별 구체적 팩트 청취: 몇 시에 어떤 이상 소음이나 진동이 감지되었는지 작업자의 체감 현상을 객관적으로 기록해요.   은폐 방지와 신뢰 형성 (O): 처벌이 아닌 기술적 개선이 목적임을 설명하여 작업자가 솔직한 상황을 털어놓도록 유도합니다.   공정한 3자 중재 포지셔닝: 품질팀의 일방적 책임 전가를 막고 현장 작업자의 억울함을 과학적으로 방어해 줘요."",불량 원인 규명을 위한 안심 인터뷰 모델",1xFrouhEaDLyHY-ABcn4U0L0TWxEh94OS
consultant,13,4,컨설턴트 핵심 코칭 표현 및 전달법,"""이번 페이지는 컨설턴트 핵심 코칭 표현 및 전달법이랍니다. 다섯 가지 상황별 필수 표현을 저와 함께 소리 내어 연습해 볼까요?   첫째, 심리적 안전감을 제공할 때: """"너 때문에 고장 났다고 야단치는 게 아니라, 진짜 원인을 찾으려는 거야. 괜찮아.""""   둘째, 팩트 청취 인터뷰를 할 때: """"몇 시에 어떤 소리와 진동이 났는지 사실대로 솔직하게 말해줘.""""   셋째, 객관적 기술 변호를 할 때: """"관리자님, 작업자의 조작 실수가 아니라 커터 바이트 마모가 원인으로 보입니다.""""   넷째, 객관적 증거를 확보할 때: """"작업자가 세팅 값을 건드리지 않았음을 설비 기록으로 확인했습니다.""""   다섯째, 공정한 보고서를 작성할 때: """"사실 확인서를 객관적으로 작성하여 작업자 면책 및 개선을 건의합니다."""""",컨설턴트 핵심 코칭 표현 및 전달법""",1xFrouhEaDLyHY-ABcn4U0L0TWxEh94OS
consultant,13,5,파손 공구 분해 및 기술적 결함 규명,"""파손 공구 분해 및 기술적 결함 규명을 다루고 있어요. 화면 상단의 [그림. C0402] 사진 자료를 아주 자세히 살펴보세요! CNC 가공 기계 앞 흰 가운을 입은 한국인 엔지니어 분과 컨설턴트 분이 파손된 다이아몬드 바이트 팁을 돋보기(확대경)로 정밀하게 들여다보고 있어요. 그 왼쪽 확대 동그라미 안에는 '정상품'과 '미세 균열'이 생긴 '파손품'이 아주 극명하게 대조되어 있고, 오른쪽 아래에는 """"절삭 부하 분석 결과, 작업자 과실이 아닌 공구 자체의 기술적 피로 파괴로 확인되었습니다.""""라는 엔지니어링 검증 완료 멘트가 적혀 있답니다. 우측 상단 시계는 9시 5분을 가리키고 있어요. 엔지니어링 검증을 통한 객관적 입증 2가지예요!   공구 피로 파괴 확인 (O): CNC 가공 스핀들을 분해하여 다이아몬드 바이트 팁의 미세 균열과 파손을 엔지니어와 함께 정밀 검증합니다.   작업자 무과실 입증: 절삭 부하 분석 결과 작업자의 조작 실수가 아닌 공구 자체의 기술적 피로 파괴임을 과학적으로 규명하여 억울한 징계를 원천 차단해 줘요."",파손 공구 분해 및 기술적 결함 규명",1xFrouhEaDLyHY-ABcn4U0L0TWxEh94OS
consultant,13,6,컨설턴트 전문 역량 및 심화 보충 가이드,"""컨설턴트 전문 역량 및 심화 보충 가이드랍니다. 세 가지 핵심 내용을 꼭 기억해 주세요!   심리적 안전 문화 (Just Culture): 실수했다고 윽박지르고 월급을 깎겠다고 위협하면 불량을 숨겨 수억 원의 기계 전손 사고로 번집니다. '보고하면 면책받고 칭찬받는 안전 문화'를 사내에 반드시 정착시켜야 해요.   5-Why 근본 원인 분석 기법: 치수 불량(1-Why) → 커터 흔들림(2-Why) → 고정 볼트 풀림(3-Why) → 교체 주기 초과 진동(4-Why) 순으로 추적하여, 작업자 실수가 아닌 공구 주기 관리 누락임을 밝혀냅니다.   엔지니어링 전문 통역 용어: 스핀들(Spindle), 런아웃(Run-out), 바이트 팁(Bite Tip), 지그(Jig) 유격 등 기계 전문 용어를 정확한 한국어로 통역하여 품질팀의 신뢰를 확고히 확보해 주세요."",컨설턴트 전문 역량 및 심화 보충 가이드",1xFrouhEaDLyHY-ABcn4U0L0TWxEh94OS
consultant,13,7,현장 실무 컨설팅 및 모의 롤플레잉,"""현장 실무 컨설팅 및 모의 롤플레잉이랍니다. 1단계(품질팀장 의혹 제기 및 안심 인터뷰)와 2단계(현상 진술 및 엔지니어링 면책 입증), 두 가지 대화를 생생하게 읽어볼게요!   1단계: 품질팀장 의혹 제기 및 안심 인터뷰 품질팀장 (한국인, 격앙된 목소리로): """"이거 봐! 이번 로트 200개가 전부 외경 치수 미달 불량이야! 이 친구가 세팅 값 맘대로 건드려서 기계 망가뜨린 거 아니야?! 당장 시말서 쓰라 그래!""""   컨설턴트 (알리, 차분하게 중재하며): """"팀장님, 흥분하지 마시고 제가 사실관계를 정확히 확인해 보겠습니다. (작업자에게) 틴 씨, 겁먹지 마세요, 야단치려는 게 아니라 원인을 찾는 겁니다. 작업할 때 무슨 일 없었나요?""""   2단계: 현상 진술 및 엔지니어링 면책 입증 외국인 근로자 (틴): """"컨설턴트님, 세팅 값 절대 안 건드렸습니다! 11시쯤부터 커터 날 쪽에서 덜컹거리는 진동과 쇠 갈리는 소리가 났습니다.""""   컨설턴트 (알리, 품질팀장에게 기술 보고): """"팀장님, 작업자가 설비 파라미터는 건드리지 않았고, 11시경부터 스핀들 이음이 발생했다고 합니다. 커터 팁 마모를 확인해 주십시오.""""   품질팀장 (한국인, 분해 후 감탄하며): """"아... 다이아몬드 커터 팁이 깨져 있었네! 작업자 실수가 아니었어. 알리 씨 아니었으면 애꿎은 사람 잡을 뻔했네!"""""",현장 실무 컨설팅 및 모의 롤플레잉""",1xFrouhEaDLyHY-ABcn4U0L0TWxEh94OS
consultant,13,8,설비 이상 및 품질 불량 사실 확인서,"""우리가 현장에서 품질 불량 원인을 조사하고 기록할 때 사용하는 설비 이상 및 품질 불량 사실 확인서 표랍니다. 네 가지 조사 항목을 함께 살펴볼까요?   발생 개요: CNC 정밀가공 4호기, 외경 치수 0.3mm 미달 불량 (총 150EA) 👉 규격 공차 초과 불량 판정 👉 [V] 확인완료   작업자 진술: 11:00경 스핀들 절삭 부위에서 비정상 진동 및 쇠 긁히는 소음 청취 👉 이상 징후 즉시 보고 시도 확인 👉 [V] 성실진술   엔지니어링 점검: 스핀들 분해 결과 다이아몬드 바이트 팁 피로 파괴 및 유격 발생 확인 👉 공구 수명 한계에 따른 파손 입증 👉 [V] 설비결함   최종 조치: 공구 팁 신품 교체 완료, 불량품 전수 폐기 및 작업자 면책 승인 👉 작업자 조작 미스 아님 판명"",설비 이상 및 품질 불량 사실 확인서",1xFrouhEaDLyHY-ABcn4U0L0TWxEh94OS
consultant,13,9,5-Why 기법이 진실과 억울함을 밝힙니다,"""이번 페이지의 아주 묵직하고 명확한 핵심 메시지예요! 5-Why 기법이 진실과 억울함을 밝힙니다! 불량이 발생했을 때 작업자를 윽박지르면 원인이 은폐되지만, 5-Why 질문 기법을 통해 기술적 원인을 끝까지 파고들면 설비의 결함이 명백히 드러납니다. 심리적 안전감을 부여하고 공학적 팩트를 입증할 때, 작업자의 억울한 누명을 100% 벗겨내고 회사의 재발 방지책을 완벽히 구축할 수 있다는 거, 꼭 기억해 주세요!"",5-Why 기법이 진실과 억울함을 밝힙니다",1xFrouhEaDLyHY-ABcn4U0L0TWxEh94OS
consultant,13,10,학생용 실습 보고서 과제 체크리스트,"""이번 페이지는 우리가 현장에서 바로 써먹을 수 있는 학생용 실습 보고서 과제 체크리스트랍니다. 네 가지 과제를 확인해 볼까요?   과제 1 (작업자 안심 인터뷰 화법 설계): 겁에 질린 외국인 작업자를 진정시키고 사실을 유도하는 스피치 → """"틴 씨, 걱정하지 마세요. 혼내려는 게 아니라 진짜 기계 원인을 찾는 거니까 솔직하게 말해주세요."""" 작성하기!   과제 2 (품질팀장 대상 기술 변호 멘트): 기계 결함 가능성을 관리자에게 정중히 설명하는 발화 → """"팀장님, 작업자의 조작 과실이 아니라 바이트 공구 파손으로 보입니다. 스핀들 점검을 요청드립니다."""" 구두 훈련하기!   과제 3 (사실관계 조사 확인서 작성): 발생 장비(CNC 4호기), 불량 현상(치수 0.3mm 오차), 핵심 사실(11시 이음 발생), 원인 판정(공구 파손 면책) 서식 직접 기입 훈련하기!   과제 4 (재발 방지 엔지니어링 제안): 동일 불량을 예방하기 위해 공구 교체 주기를 500개 가공 시점으로 단축하고 마모 감지 센서 알람을 추가하는가?"",학생용 실습 보고서 과제 체크리스트",1xFrouhEaDLyHY-ABcn4U0L0TWxEh94OS
consultant,13,11,컨설턴트 자격 실기 역량 평가 기준표,"""우리의 실력을 공정하게 평가하는 컨설턴트 자격 실기 역량 평가 기준표랍니다. 총점 100점 만점에 80점 이상 받으셔야 합격이에요! 네 가지 평가 기준을 짚어볼게요?   기준 1 (작업자 심리적 안정 유도 - 35점): 조사 대상 작업자의 공포감을 완화하고 진실한 팩트 진술을 이끌어내는가?   기준 2 (기술적 현상 통역 정확도 - 30점): 소음, 진동, 치수 오차 등 엔지니어링 현상을 정확한 한국어로 통역하는가?   기준 3 (공정한 원인 규명 지원 - 20점): 작업자에게 일방적인 책임이 전가되지 않도록 설비 요인을 객관적으로 짚는가?   기준 4 (사실 확인서 문서화 능력 - 15점): 조사 내용과 원인 분석을 논리정연하고 공정하게 문서로 작성하는가?"",컨설턴트 자격 실기 역량 평가 기준표",1xFrouhEaDLyHY-ABcn4U0L0TWxEh94OS
consultant,13,12,단원 마무리 & 이해도 점검,"""제13장 강의의 마지막 페이지이자, 설비 고장 및 품질 불량 원인 조사 참여하기 과정을 마무리하는 최종 단원 마무리 & 이해도 점검 시간이에요. 화면에 나온 품질 불량 원인 조사 핵심 퀴즈를 함께 풀어봅시다!   Q1. 대량 불량이 발생하여 품질팀장이 작업자를 의심하며 화를 낼 때 컨설턴트의 올바른 태도는 무엇일까요?   👉 정답: 작업자에게 심리적 안전감을 주어 안심시킨 뒤, 시간대별 이상 소음과 기계 작동 팩트를 객관적으로 인터뷰하기!   Q2. 불량 조사 시 작업자에게 """"너 때문에 고장 났지?""""라고 다그치면 안 되는 가장 결정적인 이유는 무엇인가요?   👉 정답: 처벌 공포로 인해 진실을 은폐하거나 거짓말을 하게 되어 진짜 기계적 결함 원인을 영구히 놓치게 되므로!   Q3. 조사 결과 작업자 실수가 아닌 공구 팁 파손으로 확인되었을 때 취해야 할 조치는 무엇일까요?   👉 정답: 사실 확인서를 공식 작성하여 작업자를 완전 면책하고, 정비팀에 공구 교체 주기 단축 및 센서 개선 건의하기!   오늘 저와 함께 제13장 설비 고장 및 품질 불량 원인 조사 참여하기 내용을 아주 열심히 공부하셨으니 실기시험 만점 받는 건 문제없겠죠? 여러분, 현장에서 공포심을 지워버리고 과학적 엔지니어링 팩트로 억울한 누명을 벗겨주는 훌륭한 소통 컨설턴트로 활약하시기를 진심으로 응원합니다. 수고하셨습니다!"",최종 단원 마무리 & 이해도 점검",1xFrouhEaDLyHY-ABcn4U0L0TWxEh94OS
consultant,14,1,제14장 안전사고 발생 시 경위서 작성 및 병원 동행 지원,"""[4부] 제14장 안전사고 발생 시 경위서 작성 및 병원 동행 지원 과정을 배워볼 거예요. 응급처치 시 심리적 안정 유도하기, 응급실 의학 통역하기, 그리고 6하 원칙에 입각한 산재 초기 사고경위서 작성 실무를 아주 꼼꼼하게 다뤄볼 거랍니다. 이번 장을 통해 현장에서 산업재해를 겪고 패닉에 빠진 근로자를 따뜻하게 구호하고, 정확한 의료 통역과 객관적인 경위서 작성으로 산재 승인과 든든한 신뢰를 이끌어내는 전문 소통 컨설턴트가 되어 보자고요!"",안전사고 발생 시 경위서 작성 및 병원 동행 지원 과정 오프닝",1ev3ZqKQek71Q2hCrjwJysylTuNZftsRz
consultant,14,2,단원 개요 및 핵심 학습 목표,"""이번 페이지는 단원 개요 및 핵심 학습 목표를 다루는 파트랍니다. 먼저 상황 설정 및 위기 동행의 필요성을 볼까요? 작업자가 베임, 끼임, 골절 등 산업재해를 겪을 때 극심한 통증과 추방 공포로 패닉에 빠져 오열하는 상황이 현장에서 발생합니다. 부상자를 모국어로 진정시키며 직접 압박 지혈을 돕고, 응급실에 동행하여 의사에게 정확한 의료 통역을 제공하며, 산재 승인을 위한 객관적 초기 사고경위서를 작성하셔야 해요. 지식 및 수행 목표를 살펴볼게요.   지식 목표: 외상 응급처치 3대 금기 사항, 병원 진료 의료 통역 용어(열상, 봉합, 골절, 파상풍), 산재 보고서 서식 구조 이해.   수행 목표: 부상자를 안심시키고, 의사에게 상해 경위를 정확히 설명하며, 6하 원칙에 입각한 사고경위서를 작성·보고할 수 있다."",단원 개요 및 핵심 학습 목표",1ev3ZqKQek71Q2hCrjwJysylTuNZftsRz
consultant,14,3,부상자 초기 압박 지혈 및 심리적 안정,"""이번 페이지는 부상자 초기 압박 지혈 및 심리적 안정에 대한 내용이에요. 화면 상단에 있는 사진 자료를 아주 자세히 살펴보세요! 공장 현장 바닥에 앉아 손등을 다치고 눈물을 흘리며 불안해하는 외국인 근로자 분의 어깨를 감싸 안으며, 컨설턴트 분이 다정한 눈빛으로 멸균 거즈를 대고 지혈을 도우며 """"침착하세요. 119 신고했습니다. 구급차가 오고 있어요. (Stay calm. 119 has been called. An ambulance is on its way.)""""라고 따뜻하게 안심시켜 주고 있어요. 왼쪽에는 구급함이 놓여 있고, '심장보다 높임' 화살표가 선명하게 표시되어 있답니다. 초기 압박 지혈 및 심리적 안정 4가지 핵심이에요!   멸균 거즈 직접 압박 지혈 (O): 상처 부위를 멸균 거즈로 꽉 누르고 다친 손을 심장보다 높이 올려 출혈 속도를 억제합니다.   모국어 안심 라포 형성: """"침착하세요. 119 신고했습니다. 구급차가 곧 도착하니 걱정 마세요""""라고 따뜻하게 다독여요.   3대 응급처치 금기 엄수: 상처에 된장·소금 바르기 금지, 고무줄 과도 결박 금지, 피가 난다고 손을 흔드는 행동을 즉시 제지합니다.   침착한 관리자 상황 전파: 사고 위치, 출혈 상태, 인원수를 작업반장과 안전팀에 신속히 공유하여 이송 차량을 확보해요."",부상자 초기 압박 지혈 및 심리적 안정",1ev3ZqKQek71Q2hCrjwJysylTuNZftsRz
consultant,14,4,컨설턴트 핵심 코칭 표현 및 전달법,"""이번 페이지는 컨설턴트 핵심 코칭 표현 및 전달법이랍니다. 다섯 가지 상황별 필수 표현을 저와 함께 소리 내어 연습해 볼까요?   첫째, 응급실 의사에게 의료 통역을 할 때: """"선생님, 이 환자는 10시경 스테인리스 철판에 왼쪽 손등을 약 5cm 깊게 베였습니다.""""   둘째, 공식 문서를 작성할 때: """"산재 승인 및 고용노동부 보고를 위해 사고 당시 작업 상황과 도면 번호를 기록합니다.""""   셋째, 치료 경과를 관리자에게 직보할 때: """"소장님, 병원 치료 후 7바늘 봉합 완료했고 뼈와 신경에는 이상 없어 귀가 조치했습니다.""""   넷째, 초기 응급처치 수칙을 안내할 때: """"당황하지 마세요. 거즈로 세게 누르고 손을 심장 위로 들고 있으면 피가 멈춥니다.""""   다섯째, 안전 시스템 개선을 건의할 때: """"내절단 방진장갑 지급 의무화 및 철판 모서리 보호 캡 설치를 공식 건의합니다."""""",컨설턴트 핵심 코칭 표현 및 전달법""",1ev3ZqKQek71Q2hCrjwJysylTuNZftsRz
consultant,14,5,응급실 의료진 대상 전문 의학 통역,"""자, 이번 페이지는 응급실 의료진 대상 전문 의학 통역을 다루고 있어요. 화면 상단의 사진 자료를 아주 자세히 살펴보세요! 대학병원 응급실 진료실 안에서 의사 분이 X-ray 모니터 화면과 진료 기록을 확인하고 있고, 컨설턴트 분이 환자 진료 기록을 손에 들고 의사에게 """"환자분 상해 경위 브리핑입니다. 수상 시각은 16:15경, 원인 물질은 3mm 두께의 예리한 철판입니다. 우측 수배부 5cm 열상으로 심부 조직 손상이 의심됩니다.""""라며 아주 전문적이고 명쾌한 의학 통역을 제공하고 있어요. 그 뒤 침상에는 다친 부상을 입은 근로자 분이 누워 안정을 취하고 있답니다. 정확한 의학 정보 전달로 골든타임 사수하기 2가지예요!   3대 필수 의학 정보 브리핑 (O): 수상 시각(16:15경), 원인 물질(3mm 두께의 예리한 스테인리스 철판), 우측 수배부 5cm 열상 및 심부 조직 손상 의심 여부를 전문 의료진에게 즉시 전달합니다.   신경 반응 및 금식 상태 확인: 손가락 말초 신경 감각 유무를 확인하고, 전신 마취 수술 가능성에 대비한 음식물 섭취 여부를 확인하여 의료진의 빠른 치료 결정을 지원해요."",응급실 의료진 대상 전문 의학 통역",1ev3ZqKQek71Q2hCrjwJysylTuNZftsRz
consultant,14,6,컨설턴트 전문 역량 및 심화 보충 가이드,"""컨설턴트 전문 역량 및 심화 보충 가이드랍니다. 세 가지 핵심 내용을 꼭 기억해 주세요!   외상 응급처치 3대 금기 사항: ① 이물질 도포 금지(된장, 소금, 담뱃재 등 민간요법 절대 금지 - 패혈증 유발), ② 과도한 결박 금지(지혈대로 완전 차단 시 조직 괴사 위험), ③ 손 흔들기 금지(출혈을 가속하므로 반드시 거즈 압박 후 거상).   응급실 3대 필수 의학 정보: ① 원인 물질(녹슨 철판 여부 - 파상풍 항체 주사 결정), ② 신경·혈관 반응(손가락 끝 감각과 굴곡 운동 상태 확인), ③ 금식(NPO) 여부(응급 봉합 수술 시 마취 여부를 결정짓는 필수 요건).   산재 조사표 및 법적 보고 기한: 사망자 1명 또는 3일 이상 휴업 재해 발생 시 1개월 이내 고용노동부 산업재해조사표 제출이 의무입니다. 초기 작성된 사고경위서가 정당한 산재 승인의 핵심 증거가 된답니다."",컨설턴트 전문 역량 및 심화 보충 가이드",1ev3ZqKQek71Q2hCrjwJysylTuNZftsRz
consultant,14,7,현장 실무 컨설팅 및 모의 롤플레잉,"""현장 실무 컨설팅 및 모의 롤플레잉이랍니다. 1단계(부상자 패닉 완화 및 직접 압박 지혈)와 2단계(응급실 의사 브리핑 및 관리자 직보), 두 가지 대화를 생생하게 읽어볼게요!   1단계: 부상자 패닉 완화 및 직접 압박 지혈 외국인 근로자 (바트, 피를 흘리며 울면서): """"으악! 손에서 피가 너무 많이 나요... 손가락이 잘린 것 같아요! 저 이제 일 못 하고 쫓겨나나요? 어떡해요!""""   컨설턴트 (알리, 차분하게 어깨를 감싸며): """"진정하세요, 바트 씨! 숨 깊게 쉬세요. 손가락 안 잘렸어요! 깊게 베인 거니까 제가 멸균 거즈로 꽉 누르고 있을게요. 119 구급차 불렀으니 금방 병원 갑니다. 걱정하지 마세요!""""   2단계: 응급실 의사 브리핑 및 관리자 직보 의사 (응급실 당직의): """"환자분 어디가 어떻게 다치셨나요? 정확한 경위를 말씀해 주세요.""""   컨설턴트 (알리, 전문 의학 통역): """"선생님, 공장에서 스테인리스 철판을 운반하다가 모서리에 왼쪽 손등을 약 5cm 깊게 베였습니다. 출혈이 심하고 녹슨 철판은 아닙니다. 손가락 굴곡은 가능합니다.""""   컨설턴트 (진료 완료 후 공장장 직보): """"소장님, 응급실에서 7바늘 봉합 수술 무사히 마쳤습니다. 뼈와 신경에는 이상 없어 기숙사로 귀가 조치했습니다. 내일 정식 사고경위서 작성해 보고드리겠습니다."""""",현장 실무 컨설팅 및 모의 롤플레잉""",1ev3ZqKQek71Q2hCrjwJysylTuNZftsRz
consultant,14,8,산업재해 초기 사고경위서 및 병원 동행 기록,"""우리가 현장에서 산업재해가 발생했을 때 작성하는 공식 서식인 산업재해 초기 사고경위서 및 병원 동행 기록 표랍니다. 네 가지 항목을 함께 살펴볼까요?   재해자 인적사항: 성명: 바트 (E-9, 몽골 국적, 정밀가공 2년차) / 소속: 제1가공반 프레스실 👉 [V] 본인확인   발생 일시 및 장소: 2026.09.28 10:15 / 제1공장 프레스 원자재 적재대 앞 👉 구급차 10:25 현장 도착 이송 👉 [V] 정시보고   재해 발생 경위: 가공 완료된 3mm 스테인리스 철판을 파레트로 이동 중 모서리 접촉으로 왼쪽 수배부(손등) 열상 발생 (원인: 철판 모서리 날카로움 및 일반 면장갑 착용 상태) 👉 [V] 팩트검증   병원 진료 내역: ○○정형외과 응급실 이송, 손등 열상 부위 7바늘 봉합 수술, X-ray 검사 결과 골절 없음 (전치 2주) (처방: 소염진통제 및 파상풍 주사, 기숙사 안정가료 조치)"",산업재해 초기 사고경위서 및 병원 동행 기록 표",1ev3ZqKQek71Q2hCrjwJysylTuNZftsRz
consultant,14,9,골든타임 지혈 5분과 6하 원칙 사실 기록,"""이번 페이지의 아주 묵직하고 강렬한 핵심 메시지예요! 골든타임 지혈 5분과 6하 원칙 사실 기록이랍니다! 사고 발생 초기 5분 이내의 올바른 멸균 거즈 직접 압박 지혈은 과다출혈 쇼크와 2차 감염을 방지하는 가장 결정적인 구명 조치입니다. 회사의 책임을 회피하기 위해 사실을 은폐하지 않고, 6하 원칙에 따라 정직하게 작성된 초기 사고경위서만이 부상 근로자의 신속한 산재 승인과 사업장의 근본적인 재발 방지책을 완벽히 완성해 준다는 거, 잊지 마세요!"",골든타임 지혈 5분과 6하 원칙 사실 기록""",1ev3ZqKQek71Q2hCrjwJysylTuNZftsRz
consultant,14,10,학생용 실습 보고서 과제 체크리스트,"""이번 페이지는 우리가 현장에서 바로 써먹을 수 있는 학생용 실습 보고서 과제 체크리스트랍니다. 네 가지 과제를 확인해 볼까요?   과제 1 (응급 환자 패닉 완화 멘트 작성): 피를 보고 우는 외국인 근로자를 모국어/쉬운 한국어로 진정시키는 스피치 → """"바트 씨, 숨 깊게 쉬세요. 손가락 안 잘렸고 거즈로 꽉 누르고 있으니 괜찮습니다. 119 곧 옵니다!"""" 작성하기!   과제 2 (응급실 의사 대상 전문 의료 통역 훈련): 원인 물질(철판), 상해 시각(10:15), 상처 크기(5cm 깊은 열상)를 의학적 언어로 구두 브리핑 훈련하기!   과제 3 (산업재해 초기 사고경위서 작성): 발생 장소(프레스실), 상해 경위(철판 운반 중 베임), 진료 결과(7바늘 봉합), 재발 방지 대책(내절단 장갑 지급) 서식 직접 기입 실습하기!   과제 4 (실효성 있는 안전 개선안 도출): 단순 작업자 부주의로 치부하지 않고 '철판 모서리 보호 캡 설치' 및 '방진·내절단 장갑 의무화' 대책 수립 확인하기"",학생용 실습 보고서 과제 체크리스트""",1ev3ZqKQek71Q2hCrjwJysylTuNZftsRz
consultant,14,11,컨설턴트 자격 실기 역량 평가 기준표,"""우리의 실력을 공정하게 평가하는 컨설턴트 자격 실기 역량 평가 기준표랍니다. 총점 100점 만점에 80점 이상 받으셔야 합격이에요! 네 가지 평가 기준을 짚어볼게요?   기준 1 (응급 초기 안정력 - 30점): 부상자 발생 시 당황하지 않고 심리적 안정과 올바른 직접 압박 지혈을 신속히 돕는가?   기준 2 (응급실 의료 통역력 - 35점): 응급실 의료진에게 상해 물질, 크기, 깊이, 신경 반응을 정확한 한국어로 통역하는가?   기준 3 (사고경위서 작성력 - 25점): 사고 발생 경위를 왜곡이나 은폐 없이 6하 원칙에 입각하여 객관적으로 문서화하는가?   기준 4 (재발 방지 대책 수립 - 10점): 단순 부주의를 넘어 보호구·방호장치 관점의 실질적인 재발 방지책을 제시하는가?"",컨설턴트 자격 실기 역량 평가 기준표""",1ev3ZqKQek71Q2hCrjwJysylTuNZftsRz
consultant,14,12,단원 마무리 & 이해도 점검,"""제14장 강의의 마지막 페이지이자, 우리 전체 교육 과정의 대단원을 화려하게 장식하는 최종 단원 마무리 & 이해도 점검 시간이에요. 화면에 나온 안전사고 대응 및 경위서 작성 핵심 퀴즈를 함께 풀어봅시다!   Q1. 작업 중 철판에 손을 깊게 베여 출혈이 심할 때 컨설턴트의 올바른 첫 조치는 무엇일까요?   👉 정답: 환자를 모국어로 진정시키고 깨끗한 멸균 거즈로 환부를 직접 강하게 압박하며 손을 심장보다 높이고 119를 호출하기!   Q2. 병원 응급실에 도착하여 의사에게 환자 상태를 설명할 때 가장 중요한 정보는 무엇인가요?   👉 정답: 원인 물질(녹슨 철판 여부), 다친 시각, 상처의 깊이와 길이, 손가락 신경 감각 및 굴곡 운동 상태!   Q3. 산업재해 초기 사고경위서를 작성할 때 가장 주의해야 할 법적 원칙은 무엇일까요?   👉 정답: 회사의 책임을 회피하기 위해 부상을 축소·은폐하지 않고 6하 원칙에 따라 객관적 사실을 정직하게 기록하기!   오늘 저와 함께 제14장 안전사고 발생 시 경위서 작성 및 병원 동행 지원 내용을 아주 열심히 공부하셨으니 실기시험 만점 받는 건 문제없겠죠? 여러분, 위기 상황에서 부상자를 따뜻하게 구호하고 정확한 통역과 정직한 경위서로 상생의 일터를 만드는 훌륭한 소통 컨설턴트로 영원히 빛나시기를 진심으로 응원합니다. 전 과정을 함께해 주셔서 정말 수고 많으셨습니다!"",최종 단원 마무리 & 이해도 점검"" ",1ev3ZqKQek71Q2hCrjwJysylTuNZftsRz